{
"type": "FeatureCollection",
"name": "input2",
"crs": { "type": "name", "properties": { "name": "urn:ogc:def:crs:OGC:1.3:CRS84" } },
"features": [
{ "type": "Feature", "properties": { "x": 29, "y": 41 }, "geometry": { "type": "MultiPolygon", "coordinates": [ [ [ [ 30.000667596209123, 42.0005 ], [ 30.000667596209123, 41.138780729179253 ], [ 29.9993196, 41.1389273 ], [ 29.9991429, 41.138944 ], [ 29.9990017, 41.1389235 ], [ 29.9989206, 41.1388716 ], [ 29.9988585, 41.1387946 ], [ 29.998836, 41.1387159 ], [ 29.9988761, 41.1386432 ], [ 29.9989238, 41.1385763 ], [ 29.9989992, 41.1385426 ], [ 29.9991029, 41.1385302 ], [ 29.9993284, 41.138596 ], [ 30.000667596209123, 41.138446565546992 ], [ 30.000667596209123, 41.135342965493017 ], [ 30.0002465, 41.1353837 ], [ 30.0004221, 41.1366624 ], [ 30.000341, 41.136668 ], [ 30.000342, 41.1367248 ], [ 30.0002627, 41.1368996 ], [ 30.0001907, 41.1369329 ], [ 29.9999722, 41.1372577 ], [ 29.9999378, 41.1372487 ], [ 29.9999263, 41.1373134 ], [ 29.9999418, 41.1373512 ], [ 30.0000105, 41.1374203 ], [ 30.0000503, 41.1374034 ], [ 30.0000952, 41.1374003 ], [ 30.0001375, 41.1374203 ], [ 30.0002132, 41.1374811 ], [ 30.0002356, 41.1375243 ], [ 30.0002336, 41.1375777 ], [ 30.0002033, 41.1376185 ], [ 30.0001664, 41.137646 ], [ 30.0000953, 41.1376782 ], [ 30.0000441, 41.1376859 ], [ 29.9999888, 41.13768 ], [ 29.9999439, 41.1376604 ], [ 29.9998875, 41.1376099 ], [ 29.9996663, 41.1374392 ], [ 29.9993482, 41.1375798 ], [ 29.9989413, 41.1377318 ], [ 29.998804, 41.1377489 ], [ 29.9986887, 41.1377491 ], [ 29.9985459, 41.1377118 ], [ 29.9982078, 41.1375753 ], [ 29.9980494, 41.1374595 ], [ 29.9979418, 41.1373335 ], [ 29.9977145, 41.1371419 ], [ 29.997621, 41.1370812 ], [ 29.9975464, 41.1370716 ], [ 29.9974019, 41.1371007 ], [ 29.9972994, 41.1371499 ], [ 29.9972587, 41.1372059 ], [ 29.9972371, 41.1372756 ], [ 29.9972012, 41.1376299 ], [ 29.9971326, 41.1381937 ], [ 29.9971859, 41.1382324 ], [ 29.9972033, 41.1383254 ], [ 29.9971732, 41.1384059 ], [ 29.9969597, 41.1387075 ], [ 29.9969594, 41.1387821 ], [ 29.9971117, 41.1390641 ], [ 29.9974065, 41.1395447 ], [ 29.9975193, 41.1396257 ], [ 29.9976531, 41.1396864 ], [ 29.9977721, 41.1397924 ], [ 29.9978272, 41.1398838 ], [ 29.9978342, 41.1399834 ], [ 29.9978091, 41.1400925 ], [ 29.9977372, 41.1401647 ], [ 29.997644, 41.1402132 ], [ 29.9975018, 41.1402462 ], [ 29.9973603, 41.1402395 ], [ 29.9972425, 41.1401848 ], [ 29.9971447, 41.1401009 ], [ 29.9970259, 41.1399554 ], [ 29.996927, 41.1397132 ], [ 29.9965924, 41.139056 ], [ 29.996515, 41.1388889 ], [ 29.9964497, 41.138725 ], [ 29.9962917, 41.1387186 ], [ 29.9962144, 41.1387582 ], [ 29.9960901, 41.1388418 ], [ 29.9958587, 41.1388147 ], [ 29.9958327, 41.1387323 ], [ 29.9957965, 41.1386841 ], [ 29.9957083, 41.1386267 ], [ 29.9956828, 41.138547 ], [ 29.9955705, 41.1384632 ], [ 29.9955793, 41.1378121 ], [ 29.9949883, 41.1374068 ], [ 29.9944679, 41.1374467 ], [ 29.9943355, 41.1379051 ], [ 29.9943885, 41.1382572 ], [ 29.9940621, 41.1383037 ], [ 29.993524, 41.1382107 ], [ 29.9939121, 41.1372009 ], [ 29.9937445, 41.1370879 ], [ 29.993718, 41.1369019 ], [ 29.993965, 41.1364834 ], [ 29.9939562, 41.1362043 ], [ 29.9935945, 41.1358456 ], [ 29.993524, 41.135801344331071 ], [ 29.9930653, 41.1355134 ], [ 29.9924301, 41.1354602 ], [ 29.9921743, 41.1357924 ], [ 29.9920358, 41.1357646 ], [ 29.9919267, 41.1356882 ], [ 29.9917745, 41.1356576 ], [ 29.9916324, 41.1356901 ], [ 29.9914862, 41.135706 ], [ 29.9913382, 41.1356576 ], [ 29.9912697, 41.1356041 ], [ 29.9913363, 41.1355267 ], [ 29.9914069, 41.1354735 ], [ 29.9913451, 41.1351812 ], [ 29.9911422, 41.1349619 ], [ 29.9909923, 41.1345699 ], [ 29.9904277, 41.1343972 ], [ 29.9900043, 41.1344171 ], [ 29.9895103, 41.1345832 ], [ 29.9884605, 41.1344769 ], [ 29.9878783, 41.1348556 ], [ 29.9868462, 41.1352875 ], [ 29.986414, 41.1355732 ], [ 29.9860259, 41.1357791 ], [ 29.985329, 41.1360715 ], [ 29.9849585, 41.1359718 ], [ 29.9846585, 41.1360249 ], [ 29.9842881, 41.1359851 ], [ 29.9841204, 41.1361844 ], [ 29.9843322, 41.1363505 ], [ 29.9840146, 41.1365897 ], [ 29.983503, 41.1365897 ], [ 29.9829031, 41.136304 ], [ 29.9828061, 41.1361113 ], [ 29.9833883, 41.1362841 ], [ 29.9833265, 41.1361246 ], [ 29.9831236, 41.1360117 ], [ 29.9824973, 41.1359054 ], [ 29.9817828, 41.13552 ], [ 29.9813858, 41.1354669 ], [ 29.98128, 41.1352875 ], [ 29.9809536, 41.1351147 ], [ 29.9809364, 41.1347799 ], [ 29.9804684, 41.1347427 ], [ 29.9802391, 41.1347958 ], [ 29.9800274, 41.1346497 ], [ 29.9793834, 41.1345234 ], [ 29.9787663, 41.1346221 ], [ 29.9785973, 41.1348853 ], [ 29.9785268, 41.1349914 ], [ 29.978485, 41.1350544 ], [ 29.9783881, 41.1350876 ], [ 29.9781308, 41.1350815 ], [ 29.9779653, 41.1350113 ], [ 29.9778728, 41.134998 ], [ 29.9777715, 41.1349947 ], [ 29.9776108, 41.1350378 ], [ 29.9776724, 41.1351606 ], [ 29.9777937, 41.1352783 ], [ 29.977403, 41.135404 ], [ 29.977075, 41.135669 ], [ 29.976736, 41.135678 ], [ 29.9759678, 41.1355467 ], [ 29.975566, 41.1356638 ], [ 29.9752951, 41.1356719 ], [ 29.9751341, 41.1358073 ], [ 29.9750456, 41.1361264 ], [ 29.9751139, 41.1363518 ], [ 29.9753326, 41.1365062 ], [ 29.9756048, 41.1363388 ], [ 29.976087, 41.136337 ], [ 29.975928, 41.136598 ], [ 29.9756176, 41.1367807 ], [ 29.975449, 41.137252 ], [ 29.974771, 41.137269 ], [ 29.9739261, 41.1373348 ], [ 29.9735465, 41.1375059 ], [ 29.9736933, 41.1385096 ], [ 29.973823, 41.138834 ], [ 29.973495, 41.139099 ], [ 29.973156, 41.139108 ], [ 29.972455, 41.138612 ], [ 29.97211, 41.138494 ], [ 29.971975, 41.139267 ], [ 29.971647, 41.139532 ], [ 29.971501, 41.140049 ], [ 29.970829, 41.140195 ], [ 29.970501, 41.14046 ], [ 29.9699135, 41.1404823 ], [ 29.9695678, 41.140446 ], [ 29.9689167, 41.1404097 ], [ 29.9684183, 41.1403915 ], [ 29.9678557, 41.1405065 ], [ 29.9676065, 41.1405065 ], [ 29.966771, 41.140556 ], [ 29.9662882, 41.1405913 ], [ 29.9659345, 41.1406337 ], [ 29.9654844, 41.1407123 ], [ 29.964747, 41.140865 ], [ 29.964571, 41.140741 ], [ 29.964391, 41.140489 ], [ 29.9649378, 41.1403612 ], [ 29.965195, 41.1401373 ], [ 29.9652352, 41.1400283 ], [ 29.9650583, 41.1398588 ], [ 29.964476, 41.139804 ], [ 29.964368, 41.139977 ], [ 29.964029, 41.139985 ], [ 29.964017, 41.139729 ], [ 29.9641741, 41.1395198 ], [ 29.9642304, 41.1391626 ], [ 29.963988, 41.139088 ], [ 29.9636275, 41.1392655 ], [ 29.962079, 41.139353 ], [ 29.9619227, 41.1395614 ], [ 29.9619333, 41.1395887 ], [ 29.9619155, 41.1396242 ], [ 29.9617751, 41.1396687 ], [ 29.9617474, 41.1396596 ], [ 29.961709, 41.1396299 ], [ 29.9616019, 41.1396458 ], [ 29.9613101, 41.1397219 ], [ 29.9612768, 41.1396955 ], [ 29.9612588, 41.1396401 ], [ 29.9612931, 41.1396171 ], [ 29.9613178, 41.1395941 ], [ 29.9612657, 41.1394501 ], [ 29.961245, 41.1393783 ], [ 29.9611849, 41.1393451 ], [ 29.9611967, 41.1393127 ], [ 29.9612804, 41.1392854 ], [ 29.9613383, 41.1391735 ], [ 29.9614269, 41.1391571 ], [ 29.9614282, 41.139241 ], [ 29.9614586, 41.1392376 ], [ 29.9614795, 41.1392668 ], [ 29.9615154, 41.1392599 ], [ 29.9615484, 41.1392446 ], [ 29.9615478, 41.1392088 ], [ 29.9615817, 41.1391852 ], [ 29.9616028, 41.139202 ], [ 29.9616412, 41.1392152 ], [ 29.9616594, 41.1392405 ], [ 29.96162, 41.139277 ], [ 29.9617012, 41.1394094 ], [ 29.9617386, 41.1394101 ], [ 29.9617406, 41.1393523 ], [ 29.9617808, 41.1392845 ], [ 29.9618071, 41.1391902 ], [ 29.9617663, 41.1390361 ], [ 29.961803, 41.1389427 ], [ 29.9616672, 41.1384474 ], [ 29.9614932, 41.1381433 ], [ 29.9613352, 41.1379763 ], [ 29.9611389, 41.1379037 ], [ 29.9610245, 41.1378809 ], [ 29.9606478, 41.1378058 ], [ 29.9606179, 41.1378624 ], [ 29.9605666, 41.1379129 ], [ 29.9603022, 41.138062 ], [ 29.9598711, 41.1381869 ], [ 29.9596216, 41.1382008 ], [ 29.9595851, 41.1382692 ], [ 29.9596264, 41.1382964 ], [ 29.9597223, 41.1383036 ], [ 29.9596957, 41.1383445 ], [ 29.9595853, 41.1383385 ], [ 29.9595409, 41.1382926 ], [ 29.9593841, 41.1382871 ], [ 29.9592774, 41.1383022 ], [ 29.95922, 41.1382207 ], [ 29.9592358, 41.1381903 ], [ 29.9593263, 41.1380944 ], [ 29.9594944, 41.1379346 ], [ 29.9596061, 41.1378621 ], [ 29.9598828, 41.1377176 ], [ 29.9599392, 41.1376547 ], [ 29.95988, 41.1375867 ], [ 29.9596594, 41.1374016 ], [ 29.9595439, 41.1373352 ], [ 29.9593894, 41.1373767 ], [ 29.959257, 41.137434 ], [ 29.9591341, 41.1374871 ], [ 29.9588897, 41.1376048 ], [ 29.9587819, 41.1376926 ], [ 29.9587486, 41.1377536 ], [ 29.9587475, 41.1378665 ], [ 29.9587717, 41.1379424 ], [ 29.9587178, 41.13796 ], [ 29.9586768, 41.1379848 ], [ 29.9586884, 41.1380093 ], [ 29.9587406, 41.1380209 ], [ 29.9587686, 41.1380796 ], [ 29.9587264, 41.1381308 ], [ 29.9585642, 41.138247 ], [ 29.958471, 41.1382712 ], [ 29.9583661, 41.1382725 ], [ 29.9582977, 41.1382552 ], [ 29.9581437, 41.1383647 ], [ 29.9579715, 41.1383276 ], [ 29.9578774, 41.1384185 ], [ 29.9578501, 41.1384131 ], [ 29.957906, 41.1383185 ], [ 29.9577994, 41.1383134 ], [ 29.9577486, 41.1383533 ], [ 29.9576073, 41.1384043 ], [ 29.957504, 41.1384377 ], [ 29.957432, 41.1384232 ], [ 29.9574215, 41.1385051 ], [ 29.9573837, 41.138567 ], [ 29.9573193, 41.1386442 ], [ 29.9572704, 41.1386733 ], [ 29.9572048, 41.1387019 ], [ 29.9571884, 41.1387787 ], [ 29.9570991, 41.1388417 ], [ 29.9569465, 41.1389507 ], [ 29.9565016, 41.1389598 ], [ 29.9562765, 41.1390446 ], [ 29.9560515, 41.1390536 ], [ 29.9559229, 41.1389477 ], [ 29.9557259, 41.1388993 ], [ 29.9552718, 41.1389144 ], [ 29.9547051, 41.1390234 ], [ 29.9546689, 41.1388357 ], [ 29.954488, 41.138757 ], [ 29.954458, 41.138562 ], [ 29.954275, 41.1384634 ], [ 29.954054, 41.1385027 ], [ 29.9538168, 41.1385633 ], [ 29.9536159, 41.1385512 ], [ 29.9537123, 41.1383696 ], [ 29.9537606, 41.1382788 ], [ 29.953417, 41.138076 ], [ 29.952733, 41.137965 ], [ 29.9525387, 41.1380638 ], [ 29.9525709, 41.1384119 ], [ 29.9524785, 41.1386632 ], [ 29.9524584, 41.1390203 ], [ 29.9524343, 41.1391989 ], [ 29.9524182, 41.1393412 ], [ 29.9521127, 41.1394108 ], [ 29.9516666, 41.1394623 ], [ 29.9514455, 41.1395107 ], [ 29.9512406, 41.1395924 ], [ 29.9506578, 41.139774 ], [ 29.95028, 41.1398588 ], [ 29.9500991, 41.1400222 ], [ 29.9499143, 41.1400555 ], [ 29.9494762, 41.1401403 ], [ 29.949223, 41.1402704 ], [ 29.9491185, 41.1400888 ], [ 29.949014, 41.1399375 ], [ 29.948744, 41.139865 ], [ 29.9483709, 41.1397831 ], [ 29.948186, 41.1396923 ], [ 29.9484232, 41.1395077 ], [ 29.9485799, 41.1394138 ], [ 29.9486121, 41.1392988 ], [ 29.9485558, 41.1391989 ], [ 29.9483307, 41.1390627 ], [ 29.9480172, 41.1391081 ], [ 29.947353, 41.13913 ], [ 29.9469401, 41.1390688 ], [ 29.9466588, 41.1389416 ], [ 29.94651, 41.1387419 ], [ 29.9465462, 41.1385754 ], [ 29.9464859, 41.1381244 ], [ 29.9463613, 41.1378732 ], [ 29.9460961, 41.1377854 ], [ 29.9459233, 41.1378187 ], [ 29.9457062, 41.1379851 ], [ 29.9457022, 41.138197 ], [ 29.9457585, 41.1384392 ], [ 29.945301, 41.138797 ], [ 29.9447858, 41.1390476 ], [ 29.9446813, 41.1390476 ], [ 29.944289, 41.138952 ], [ 29.9439619, 41.138754 ], [ 29.9437409, 41.1385058 ], [ 29.9437007, 41.1383938 ], [ 29.943552, 41.1381062 ], [ 29.943226, 41.137952 ], [ 29.9429933, 41.1380517 ], [ 29.9428406, 41.1382697 ], [ 29.9427843, 41.1384997 ], [ 29.9429049, 41.1387237 ], [ 29.9430415, 41.138872 ], [ 29.9430978, 41.1391021 ], [ 29.9426155, 41.139317 ], [ 29.942515, 41.1394199 ], [ 29.9420729, 41.1394865 ], [ 29.9417916, 41.1395319 ], [ 29.9415344, 41.1396348 ], [ 29.9413495, 41.1397438 ], [ 29.9414258, 41.1399012 ], [ 29.9414982, 41.139995 ], [ 29.9415062, 41.1400949 ], [ 29.941257, 41.1402371 ], [ 29.9410762, 41.1404853 ], [ 29.940633, 41.140713 ], [ 29.9402804, 41.1408758 ], [ 29.9399629, 41.1408818 ], [ 29.9397539, 41.1408395 ], [ 29.9395127, 41.1408607 ], [ 29.9392073, 41.1409091 ], [ 29.9389862, 41.1409666 ], [ 29.938721, 41.1409272 ], [ 29.9384597, 41.1409575 ], [ 29.938094, 41.1409848 ], [ 29.9379131, 41.1409515 ], [ 29.9377041, 41.1409726 ], [ 29.9375192, 41.1410271 ], [ 29.937253, 41.141056 ], [ 29.9369164, 41.1410907 ], [ 29.936619, 41.1410423 ], [ 29.9363738, 41.1410059 ], [ 29.9361688, 41.1409848 ], [ 29.9360482, 41.1408697 ], [ 29.9357991, 41.1408425 ], [ 29.9355579, 41.1408395 ], [ 29.935365, 41.140676 ], [ 29.9352806, 41.1404823 ], [ 29.9351037, 41.1403128 ], [ 29.9349591, 41.1403037 ], [ 29.9348023, 41.1404097 ], [ 29.9346295, 41.1404641 ], [ 29.9344044, 41.1404309 ], [ 29.934161, 41.140237 ], [ 29.9339462, 41.1404641 ], [ 29.933693, 41.1406336 ], [ 29.9333554, 41.1407033 ], [ 29.9330379, 41.1408122 ], [ 29.9329173, 41.1409666 ], [ 29.9326681, 41.1410877 ], [ 29.9323386, 41.1412087 ], [ 29.932005, 41.141239 ], [ 29.932009, 41.1414479 ], [ 29.9320371, 41.141575 ], [ 29.9320251, 41.1416839 ], [ 29.9318, 41.1417445 ], [ 29.9317116, 41.1416809 ], [ 29.9316433, 41.1414811 ], [ 29.9314664, 41.1413813 ], [ 29.9313619, 41.141469 ], [ 29.9312092, 41.1414842 ], [ 29.9311409, 41.1414569 ], [ 29.93096, 41.1414176 ], [ 29.930821, 41.141477 ], [ 29.9304375, 41.1414842 ], [ 29.9302607, 41.141469 ], [ 29.9301602, 41.1414297 ], [ 29.9301281, 41.141357 ], [ 29.9300316, 41.1412723 ], [ 29.9297623, 41.1413268 ], [ 29.9296056, 41.1412935 ], [ 29.9294368, 41.1412027 ], [ 29.9294086, 41.1410453 ], [ 29.9293765, 41.1408909 ], [ 29.9291313, 41.1407426 ], [ 29.9289062, 41.1407426 ], [ 29.9289183, 41.140903 ], [ 29.928424, 41.141025 ], [ 29.9284038, 41.1410937 ], [ 29.9280662, 41.1410574 ], [ 29.9278331, 41.1411179 ], [ 29.9273307, 41.1412511 ], [ 29.9271579, 41.1412844 ], [ 29.9270494, 41.141351 ], [ 29.9266357, 41.1415295 ], [ 29.9265108, 41.1414146 ], [ 29.9261411, 41.1415689 ], [ 29.9260285, 41.141581 ], [ 29.9259683, 41.1416083 ], [ 29.9258506, 41.1416036 ], [ 29.925707, 41.1415901 ], [ 29.9254659, 41.1416506 ], [ 29.9251162, 41.1417626 ], [ 29.9249193, 41.1418595 ], [ 29.9247746, 41.1419745 ], [ 29.9245897, 41.1419533 ], [ 29.924441, 41.1420139 ], [ 29.9243204, 41.1420532 ], [ 29.9241797, 41.1420411 ], [ 29.9240712, 41.1420017 ], [ 29.9239506, 41.1420441 ], [ 29.9237336, 41.1421077 ], [ 29.9235502, 41.1420372 ], [ 29.9235167, 41.1419982 ], [ 29.9235212, 41.1416972 ], [ 29.9234837, 41.141585 ], [ 29.9234382, 41.1414999 ], [ 29.9234169, 41.1414244 ], [ 29.9234177, 41.1412625 ], [ 29.9233957, 41.1411344 ], [ 29.9233769, 41.1410576 ], [ 29.9233417, 41.1410439 ], [ 29.9232932, 41.1410475 ], [ 29.9232625, 41.1410603 ], [ 29.9232173, 41.1411934 ], [ 29.9231143, 41.1412508 ], [ 29.9230945, 41.1413935 ], [ 29.9230708, 41.1416428 ], [ 29.9229298, 41.1417324 ], [ 29.9228293, 41.1418898 ], [ 29.9226846, 41.1419382 ], [ 29.92256, 41.1420108 ], [ 29.922446, 41.1421205 ], [ 29.9223688, 41.1421222 ], [ 29.9223235, 41.1421048 ], [ 29.9223269, 41.1419715 ], [ 29.9222385, 41.1418534 ], [ 29.9222264, 41.1417657 ], [ 29.9222644, 41.1415909 ], [ 29.9222995, 41.1413667 ], [ 29.9222898, 41.1413063 ], [ 29.922227, 41.1412908 ], [ 29.9221629, 41.1413336 ], [ 29.9219428, 41.1415075 ], [ 29.9219013, 41.1415551 ], [ 29.9219277, 41.1415915 ], [ 29.9219091, 41.1416343 ], [ 29.9216994, 41.1417293 ], [ 29.9216122, 41.1417589 ], [ 29.9215365, 41.1417186 ], [ 29.9214016, 41.1417496 ], [ 29.9210383, 41.1418518 ], [ 29.9207605, 41.1419942 ], [ 29.9206207, 41.1420581 ], [ 29.9205312, 41.1420671 ], [ 29.9204435, 41.142052 ], [ 29.9203852, 41.1420632 ], [ 29.9203412, 41.1420893 ], [ 29.9202254, 41.1421144 ], [ 29.9201299, 41.1421653 ], [ 29.9200123, 41.1422341 ], [ 29.9199412, 41.1422371 ], [ 29.9198921, 41.1422144 ], [ 29.9198224, 41.1421012 ], [ 29.9198018, 41.1420093 ], [ 29.9197908, 41.1419625 ], [ 29.9197169, 41.1417534 ], [ 29.9196594, 41.1415827 ], [ 29.9196694, 41.1414367 ], [ 29.9197282, 41.1413456 ], [ 29.9197096, 41.1409793 ], [ 29.9196862, 41.140882 ], [ 29.919619, 41.1406936 ], [ 29.9195797, 41.1404523 ], [ 29.9195361, 41.1403209 ], [ 29.9194833, 41.1402414 ], [ 29.9193784, 41.1401656 ], [ 29.9192667, 41.1401278 ], [ 29.9191474, 41.1401459 ], [ 29.9190579, 41.1401723 ], [ 29.9190305, 41.1402259 ], [ 29.9190376, 41.1403196 ], [ 29.9190208, 41.1404318 ], [ 29.9190216, 41.1404866 ], [ 29.9190088, 41.1405163 ], [ 29.9189344, 41.1406041 ], [ 29.9188919, 41.1406458 ], [ 29.9189021, 41.1407138 ], [ 29.9188943, 41.1407749 ], [ 29.9188685, 41.1408157 ], [ 29.9188325, 41.1408364 ], [ 29.9187887, 41.1408469 ], [ 29.9187378, 41.1408499 ], [ 29.9187015, 41.1408425 ], [ 29.9186558, 41.1408368 ], [ 29.9186195, 41.1408421 ], [ 29.9185836, 41.140854 ], [ 29.9185603, 41.1408709 ], [ 29.9185512, 41.1408904 ], [ 29.9185524, 41.1409095 ], [ 29.9185636, 41.1409254 ], [ 29.9185904, 41.1409308 ], [ 29.9186317, 41.1409079 ], [ 29.9186508, 41.1409051 ], [ 29.9186726, 41.1409122 ], [ 29.918694, 41.140942 ], [ 29.9187073, 41.1409715 ], [ 29.918753, 41.1409586 ], [ 29.918799, 41.1409513 ], [ 29.9188477, 41.1409596 ], [ 29.9188842, 41.1409886 ], [ 29.9189267, 41.1410471 ], [ 29.9189475, 41.1411249 ], [ 29.918941, 41.1411864 ], [ 29.9188948, 41.1412498 ], [ 29.9188273, 41.1412877 ], [ 29.9187374, 41.1413151 ], [ 29.9186404, 41.1413308 ], [ 29.9185591, 41.1413331 ], [ 29.9183847, 41.1413494 ], [ 29.9182429, 41.1414328 ], [ 29.918147, 41.14146 ], [ 29.9179099, 41.1415417 ], [ 29.9177813, 41.1416174 ], [ 29.9176125, 41.1417657 ], [ 29.9173713, 41.1418232 ], [ 29.9172548, 41.1419382 ], [ 29.9173271, 41.1420683 ], [ 29.917307, 41.142147 ], [ 29.9172266, 41.1422469 ], [ 29.9169453, 41.1423952 ], [ 29.9167765, 41.1424588 ], [ 29.91661, 41.142608 ], [ 29.9163665, 41.1426374 ], [ 29.91584, 41.1426162 ], [ 29.9155868, 41.1427161 ], [ 29.9153417, 41.1428008 ], [ 29.9152171, 41.1428129 ], [ 29.9150241, 41.14271 ], [ 29.9147308, 41.1426222 ], [ 29.9144293, 41.1426434 ], [ 29.9141761, 41.1426343 ], [ 29.9140716, 41.1426071 ], [ 29.9138064, 41.1425012 ], [ 29.9132517, 41.1424769 ], [ 29.9128619, 41.1424285 ], [ 29.9124439, 41.1425042 ], [ 29.9121143, 41.1425799 ], [ 29.9118129, 41.142592 ], [ 29.9116039, 41.1426525 ], [ 29.911523, 41.142737 ], [ 29.911358, 41.14287 ], [ 29.9112743, 41.1430793 ], [ 29.910997, 41.1431822 ], [ 29.9108041, 41.1433335 ], [ 29.9104825, 41.1434061 ], [ 29.9101288, 41.1434092 ], [ 29.9098395, 41.1434061 ], [ 29.9093692, 41.1433244 ], [ 29.9091763, 41.143279 ], [ 29.9089739, 41.1431575 ], [ 29.9084046, 41.1428099 ], [ 29.9081554, 41.1426192 ], [ 29.9080389, 41.1424346 ], [ 29.9079581, 41.1420602 ], [ 29.9079625, 41.1416143 ], [ 29.9078321, 41.1412971 ], [ 29.9078608, 41.1411694 ], [ 29.9080568, 41.1409555 ], [ 29.9080214, 41.1407982 ], [ 29.9076442, 41.1406601 ], [ 29.907357, 41.1406957 ], [ 29.9071905, 41.141071 ], [ 29.9071568, 41.1419241 ], [ 29.9071667, 41.142138 ], [ 29.9070502, 41.1422257 ], [ 29.906788, 41.1423307 ], [ 29.9065317, 41.1423861 ], [ 29.9064433, 41.1425405 ], [ 29.9063107, 41.1426101 ], [ 29.906084, 41.142617 ], [ 29.9060936, 41.1424769 ], [ 29.9059932, 41.1425375 ], [ 29.9059329, 41.1426585 ], [ 29.9056515, 41.1427584 ], [ 29.9054546, 41.1427766 ], [ 29.9049723, 41.1428401 ], [ 29.904695, 41.1428977 ], [ 29.9044337, 41.1429854 ], [ 29.904281, 41.1430006 ], [ 29.904061, 41.142925 ], [ 29.90365, 41.1429158 ], [ 29.9033285, 41.1429249 ], [ 29.9030753, 41.1428462 ], [ 29.9027618, 41.1427161 ], [ 29.9024885, 41.1426949 ], [ 29.9023277, 41.1427493 ], [ 29.9022111, 41.1427554 ], [ 29.9019338, 41.1426949 ], [ 29.9017128, 41.142707 ], [ 29.9014435, 41.1426495 ], [ 29.9010617, 41.1427796 ], [ 29.9008889, 41.1428674 ], [ 29.9008487, 41.1429945 ], [ 29.9007321, 41.143046 ], [ 29.9003784, 41.1431095 ], [ 29.9003623, 41.1431398 ], [ 29.900341, 41.143276 ], [ 29.9000207, 41.1432609 ], [ 29.8997876, 41.1433335 ], [ 29.8995424, 41.1433123 ], [ 29.8994018, 41.1432215 ], [ 29.8994379, 41.1431398 ], [ 29.8992249, 41.1430641 ], [ 29.8988833, 41.1431125 ], [ 29.8985738, 41.1432245 ], [ 29.8984372, 41.1433698 ], [ 29.8983407, 41.1434879 ], [ 29.8981518, 41.1435151 ], [ 29.8980795, 41.1434939 ], [ 29.8978745, 41.1434213 ], [ 29.897553, 41.1433698 ], [ 29.8974404, 41.1433244 ], [ 29.8974404, 41.1432427 ], [ 29.8975007, 41.1432094 ], [ 29.897791, 41.143212 ], [ 29.8977459, 41.1431156 ], [ 29.8977017, 41.1431125 ], [ 29.8974043, 41.1430914 ], [ 29.897139, 41.1429915 ], [ 29.8969742, 41.1429037 ], [ 29.8968577, 41.142825 ], [ 29.896729, 41.1426313 ], [ 29.896717, 41.1425435 ], [ 29.8965522, 41.1425768 ], [ 29.8962709, 41.1426888 ], [ 29.896094, 41.1427947 ], [ 29.8959172, 41.1428371 ], [ 29.8956479, 41.1427736 ], [ 29.895242, 41.1428129 ], [ 29.8954992, 41.1429098 ], [ 29.89566, 41.1429975 ], [ 29.895676, 41.143049 ], [ 29.8955032, 41.1431458 ], [ 29.8953465, 41.1431731 ], [ 29.8954228, 41.1433244 ], [ 29.8950732, 41.1433759 ], [ 29.8949003, 41.1433153 ], [ 29.8945868, 41.1432306 ], [ 29.8942774, 41.1432185 ], [ 29.8940603, 41.1431337 ], [ 29.8938071, 41.143055 ], [ 29.893578, 41.1429552 ], [ 29.8933369, 41.1428008 ], [ 29.8933088, 41.1426131 ], [ 29.8931078, 41.1424285 ], [ 29.8927863, 41.1424164 ], [ 29.8924045, 41.1424255 ], [ 29.892091, 41.1424255 ], [ 29.8919021, 41.1424134 ], [ 29.891477, 41.142472 ], [ 29.8907405, 41.142592 ], [ 29.8905235, 41.1426646 ], [ 29.8902703, 41.1427039 ], [ 29.890005, 41.1427372 ], [ 29.8897518, 41.1426979 ], [ 29.8895509, 41.1426646 ], [ 29.8891851, 41.1426101 ], [ 29.8890967, 41.1424951 ], [ 29.8889319, 41.1423619 ], [ 29.8884215, 41.1423922 ], [ 29.8882366, 41.1424164 ], [ 29.8881442, 41.1423589 ], [ 29.8880397, 41.1422893 ], [ 29.8879191, 41.142253 ], [ 29.8875936, 41.1422802 ], [ 29.887268, 41.1423044 ], [ 29.8869505, 41.1422893 ], [ 29.8867013, 41.1421803 ], [ 29.8864762, 41.1421047 ], [ 29.8862994, 41.1420623 ], [ 29.8859377, 41.1420108 ], [ 29.8857488, 41.1420774 ], [ 29.8855599, 41.1421834 ], [ 29.885383, 41.142253 ], [ 29.8851017, 41.142259 ], [ 29.884543, 41.142259 ], [ 29.8843099, 41.1422348 ], [ 29.8840889, 41.142138 ], [ 29.8838718, 41.142035 ], [ 29.8836749, 41.141914 ], [ 29.8835302, 41.1417384 ], [ 29.8833815, 41.1416385 ], [ 29.8831605, 41.1413964 ], [ 29.8830158, 41.1414539 ], [ 29.8827465, 41.1415689 ], [ 29.8825455, 41.1416537 ], [ 29.8821316, 41.1416113 ], [ 29.8819587, 41.1415144 ], [ 29.8816493, 41.141469 ], [ 29.8814403, 41.1413449 ], [ 29.8811629, 41.1412632 ], [ 29.8810383, 41.141233 ], [ 29.880551, 41.141078 ], [ 29.8803832, 41.1410786 ], [ 29.8803028, 41.141012 ], [ 29.8801783, 41.140782 ], [ 29.8796357, 41.1405186 ], [ 29.8794669, 41.1404157 ], [ 29.8795995, 41.1402916 ], [ 29.8793664, 41.1402069 ], [ 29.8792177, 41.1400162 ], [ 29.8791004, 41.1395228 ], [ 29.8788456, 41.1393769 ], [ 29.8784568, 41.1392513 ], [ 29.8780681, 41.1392362 ], [ 29.8776312, 41.1393435 ], [ 29.8774131, 41.1393715 ], [ 29.8770894, 41.1392833 ], [ 29.8767253, 41.1389757 ], [ 29.8762546, 41.1390359 ], [ 29.875926, 41.1390158 ], [ 29.8758194, 41.1388753 ], [ 29.8757039, 41.1388151 ], [ 29.8750823, 41.1390426 ], [ 29.8748138, 41.1391727 ], [ 29.8744339, 41.1393569 ], [ 29.8740369, 41.1396586 ], [ 29.8736183, 41.1399708 ], [ 29.8733148, 41.1403561 ], [ 29.8731848, 41.1406434 ], [ 29.8731241, 41.1409633 ], [ 29.8731588, 41.141329 ], [ 29.8731674, 41.1415445 ], [ 29.8733252, 41.1415127 ], [ 29.8735455, 41.1414473 ], [ 29.87368, 41.1415452 ], [ 29.8737323, 41.1416377 ], [ 29.8741142, 41.1416444 ], [ 29.8743666, 41.141808 ], [ 29.8743304, 41.1419231 ], [ 29.874052, 41.1420189 ], [ 29.8739011, 41.1420858 ], [ 29.8737945, 41.1419587 ], [ 29.8736524, 41.1418985 ], [ 29.8735636, 41.1418049 ], [ 29.8729597, 41.1418651 ], [ 29.8724179, 41.1421861 ], [ 29.8721159, 41.1421192 ], [ 29.8715831, 41.1421995 ], [ 29.8712722, 41.1423466 ], [ 29.8712101, 41.1422864 ], [ 29.8713344, 41.1421594 ], [ 29.8713255, 41.1420122 ], [ 29.8714765, 41.1418517 ], [ 29.8710768, 41.1417246 ], [ 29.8705884, 41.1415574 ], [ 29.87002, 41.1417514 ], [ 29.8698779, 41.1420122 ], [ 29.8700289, 41.1424536 ], [ 29.8697979, 41.1425807 ], [ 29.8690963, 41.1422664 ], [ 29.8689809, 41.1421326 ], [ 29.8685635, 41.1423734 ], [ 29.8683017, 41.1423377 ], [ 29.8681283, 41.1421995 ], [ 29.8683592, 41.1420055 ], [ 29.8680661, 41.1418851 ], [ 29.8676627, 41.1418595 ], [ 29.8673556, 41.1417714 ], [ 29.8669754, 41.1417747 ], [ 29.8666257, 41.1417233 ], [ 29.8663685, 41.141696 ], [ 29.8661515, 41.1416355 ], [ 29.8661836, 41.1415023 ], [ 29.8661676, 41.1414115 ], [ 29.8659827, 41.1414085 ], [ 29.8657978, 41.1413328 ], [ 29.8654038, 41.1412372 ], [ 29.8644192, 41.1413582 ], [ 29.8642183, 41.1415719 ], [ 29.8641378, 41.1416987 ], [ 29.8635952, 41.1417063 ], [ 29.863344, 41.1419409 ], [ 29.8630809, 41.1420441 ], [ 29.8628317, 41.1421985 ], [ 29.8625343, 41.14248 ], [ 29.8623614, 41.1426585 ], [ 29.8621524, 41.1429219 ], [ 29.8619957, 41.1431579 ], [ 29.8617626, 41.1436301 ], [ 29.8613244, 41.1436207 ], [ 29.8603699, 41.1433937 ], [ 29.8600906, 41.1434061 ], [ 29.859749, 41.1433547 ], [ 29.8594033, 41.1432911 ], [ 29.8591381, 41.143273 ], [ 29.8586618, 41.143265 ], [ 29.8583142, 41.1431337 ], [ 29.8577776, 41.1430153 ], [ 29.8575626, 41.142937 ], [ 29.8570742, 41.1429245 ], [ 29.856606, 41.1429249 ], [ 29.8562966, 41.1429763 ], [ 29.8558584, 41.1430683 ], [ 29.8554063, 41.1429775 ], [ 29.8552797, 41.1427463 ], [ 29.8550667, 41.1426192 ], [ 29.8547029, 41.1423419 ], [ 29.8545723, 41.1421591 ], [ 29.8541001, 41.1418728 ], [ 29.8541302, 41.1416306 ], [ 29.8538388, 41.1413431 ], [ 29.85362, 41.141329 ], [ 29.853447, 41.1413431 ], [ 29.8524121, 41.141903 ], [ 29.8522989, 41.1419266 ], [ 29.852181, 41.1419106 ], [ 29.8521111, 41.1418236 ], [ 29.8520905, 41.1417139 ], [ 29.8521956, 41.141565 ], [ 29.8523432, 41.1414812 ], [ 29.8525711, 41.1414257 ], [ 29.8530953, 41.141169 ], [ 29.8532159, 41.1408285 ], [ 29.853447, 41.1406242 ], [ 29.8539092, 41.1403594 ], [ 29.8545824, 41.1399886 ], [ 29.855367, 41.1396644 ], [ 29.8553541, 41.1394872 ], [ 29.8553526, 41.1394668 ], [ 29.8553413, 41.1393114 ], [ 29.8549742, 41.1392924 ], [ 29.8546226, 41.1393303 ], [ 29.8535819, 41.1397315 ], [ 29.8534369, 41.1395573 ], [ 29.8514073, 41.1409496 ], [ 29.8512264, 41.1408815 ], [ 29.8512264, 41.140768 ], [ 29.8519287, 41.1402935 ], [ 29.8518154, 41.1399736 ], [ 29.8515606, 41.1397284 ], [ 29.851051, 41.1394299 ], [ 29.8504705, 41.139174 ], [ 29.849791, 41.1389288 ], [ 29.8493805, 41.1389288 ], [ 29.8488, 41.1389714 ], [ 29.8481771, 41.1389928 ], [ 29.8476392, 41.1389928 ], [ 29.8473772, 41.1387225 ], [ 29.8467853, 41.1387779 ], [ 29.8459815, 41.1386417 ], [ 29.8453183, 41.1388384 ], [ 29.8448461, 41.1390881 ], [ 29.8440824, 41.1391789 ], [ 29.8438513, 41.1393378 ], [ 29.8436102, 41.1394286 ], [ 29.8424647, 41.1394892 ], [ 29.8415102, 41.139754 ], [ 29.8405054, 41.1398221 ], [ 29.8401638, 41.1399886 ], [ 29.8394504, 41.1399962 ], [ 29.838948, 41.1402156 ], [ 29.8377724, 41.1401929 ], [ 29.8371897, 41.1403821 ], [ 29.8362753, 41.1405561 ], [ 29.835994, 41.1407302 ], [ 29.8355921, 41.1407831 ], [ 29.8349477, 41.1409687 ], [ 29.8349088, 41.1409799 ], [ 29.8334117, 41.1410631 ], [ 29.8312534, 41.1413007 ], [ 29.8312112, 41.1413053 ], [ 29.8303069, 41.141502 ], [ 29.8293725, 41.1419106 ], [ 29.8270827, 41.1422838 ], [ 29.8268871, 41.1422998 ], [ 29.8257251, 41.1423949 ], [ 29.8249316, 41.1426838 ], [ 29.8238964, 41.1426824 ], [ 29.8219271, 41.1431364 ], [ 29.8213141, 41.1431818 ], [ 29.82063, 41.1433104 ], [ 29.820056, 41.1433346 ], [ 29.8195434, 41.1434023 ], [ 29.8196077, 41.1436441 ], [ 29.8194302, 41.1437637 ], [ 29.8189819, 41.1440591 ], [ 29.8187624, 41.1442103 ], [ 29.8183001, 41.1444987 ], [ 29.8178424, 41.1447765 ], [ 29.816731, 41.1454236 ], [ 29.8155121, 41.1461023 ], [ 29.8146668, 41.1463696 ], [ 29.8143259, 41.1464012 ], [ 29.814065, 41.146573 ], [ 29.813999, 41.1467459 ], [ 29.8137842, 41.14689 ], [ 29.813573, 41.14697 ], [ 29.812906, 41.147243 ], [ 29.812249, 41.147772 ], [ 29.8115091, 41.147981 ], [ 29.8109806, 41.1476994 ], [ 29.8105619, 41.1478065 ], [ 29.8101878, 41.1480147 ], [ 29.8097894, 41.147978 ], [ 29.8095211, 41.1479106 ], [ 29.8089519, 41.1480637 ], [ 29.8086267, 41.1482841 ], [ 29.8085535, 41.1484831 ], [ 29.8086348, 41.1485627 ], [ 29.8085535, 41.1485841 ], [ 29.8084844, 41.1488351 ], [ 29.8084194, 41.1490984 ], [ 29.8083006, 41.1492636 ], [ 29.8074469, 41.149628 ], [ 29.8071477, 41.1498401 ], [ 29.8063908, 41.1500522 ], [ 29.8061268, 41.1503968 ], [ 29.8056164, 41.1505691 ], [ 29.8051675, 41.1504962 ], [ 29.8049475, 41.1506287 ], [ 29.8047099, 41.1505425 ], [ 29.8046307, 41.1506817 ], [ 29.8041907, 41.1506154 ], [ 29.8041202, 41.1507082 ], [ 29.8041731, 41.1508606 ], [ 29.8040498, 41.1509667 ], [ 29.8037682, 41.1510396 ], [ 29.803073, 41.151404 ], [ 29.8025009, 41.1516691 ], [ 29.8018673, 41.1519607 ], [ 29.8019993, 41.1517817 ], [ 29.8019289, 41.1517354 ], [ 29.8014184, 41.1517884 ], [ 29.7998343, 41.1522986 ], [ 29.7997023, 41.1521528 ], [ 29.7994647, 41.1522589 ], [ 29.7992623, 41.1522787 ], [ 29.7991127, 41.152451 ], [ 29.7985142, 41.1527492 ], [ 29.798083, 41.1529613 ], [ 29.7961644, 41.153657 ], [ 29.7958652, 41.1537167 ], [ 29.7954956, 41.153657 ], [ 29.7958564, 41.1534185 ], [ 29.7958388, 41.1531402 ], [ 29.7956452, 41.1530408 ], [ 29.7946947, 41.1535775 ], [ 29.7941227, 41.1538028 ], [ 29.7939819, 41.1537101 ], [ 29.7938675, 41.1537299 ], [ 29.7938587, 41.1539685 ], [ 29.793269, 41.1538823 ], [ 29.793181, 41.1537101 ], [ 29.7929258, 41.1536902 ], [ 29.7928906, 41.1534715 ], [ 29.792345, 41.1534185 ], [ 29.7922745, 41.1533191 ], [ 29.7919929, 41.1533787 ], [ 29.7916409, 41.1531336 ], [ 29.7913241, 41.1530805 ], [ 29.7908928, 41.152842 ], [ 29.7907344, 41.1526697 ], [ 29.7903472, 41.1525836 ], [ 29.7900744, 41.1523317 ], [ 29.7899512, 41.1521131 ], [ 29.7895111, 41.151901 ], [ 29.7895199, 41.151742 ], [ 29.7893527, 41.1517287 ], [ 29.7888951, 41.1521462 ], [ 29.7897752, 41.1534317 ], [ 29.7899248, 41.1533986 ], [ 29.7900392, 41.1536703 ], [ 29.7898984, 41.1538823 ], [ 29.7898104, 41.1541474 ], [ 29.7899864, 41.154101 ], [ 29.7901624, 41.1544588 ], [ 29.790092, 41.1548233 ], [ 29.789872, 41.154863 ], [ 29.7897928, 41.1551414 ], [ 29.7894583, 41.1553865 ], [ 29.7871966, 41.1559365 ], [ 29.7864837, 41.1562082 ], [ 29.7860789, 41.1563208 ], [ 29.7857093, 41.1566389 ], [ 29.7845564, 41.1569371 ], [ 29.7843275, 41.1568509 ], [ 29.7841779, 41.1571425 ], [ 29.7838523, 41.1572153 ], [ 29.7838083, 41.1574473 ], [ 29.7834035, 41.1575334 ], [ 29.7828666, 41.1575665 ], [ 29.7821802, 41.1573545 ], [ 29.7818546, 41.1573214 ], [ 29.781749, 41.1570563 ], [ 29.7814673, 41.1571093 ], [ 29.7813265, 41.157116 ], [ 29.7811329, 41.1569901 ], [ 29.7810009, 41.1570497 ], [ 29.7810097, 41.1572419 ], [ 29.7808249, 41.1573744 ], [ 29.7808865, 41.1575533 ], [ 29.7806049, 41.157931 ], [ 29.780244, 41.1579111 ], [ 29.7801472, 41.1577786 ], [ 29.7799536, 41.1577719 ], [ 29.7800416, 41.1580105 ], [ 29.780244, 41.1581695 ], [ 29.7802616, 41.1583351 ], [ 29.7799272, 41.1584345 ], [ 29.7797072, 41.1582689 ], [ 29.7793816, 41.1582358 ], [ 29.779144, 41.1578647 ], [ 29.7787039, 41.1577587 ], [ 29.7784223, 41.1578117 ], [ 29.7780967, 41.1577123 ], [ 29.7781319, 41.15754 ], [ 29.7777182, 41.1575798 ], [ 29.7777446, 41.1573876 ], [ 29.7780263, 41.1572419 ], [ 29.7780967, 41.1569702 ], [ 29.7783996, 41.1567602 ], [ 29.7784311, 41.1567383 ], [ 29.7782465, 41.1565315 ], [ 29.7782064, 41.156455 ], [ 29.7781231, 41.156354 ], [ 29.7777975, 41.1561287 ], [ 29.7772166, 41.1560094 ], [ 29.7766622, 41.1560293 ], [ 29.7759542, 41.1562195 ], [ 29.7756765, 41.1564798 ], [ 29.7754213, 41.1567913 ], [ 29.7753421, 41.1571557 ], [ 29.7754037, 41.1574208 ], [ 29.7755005, 41.1575798 ], [ 29.7758261, 41.1578979 ], [ 29.7761606, 41.1580172 ], [ 29.7763631, 41.1582093 ], [ 29.7767943, 41.1583352 ], [ 29.7769352, 41.1584877 ], [ 29.7765919, 41.1586798 ], [ 29.7757645, 41.1588057 ], [ 29.7757997, 41.1586865 ], [ 29.776143, 41.1585804 ], [ 29.7758437, 41.1585075 ], [ 29.7751748, 41.1587395 ], [ 29.775298, 41.1589383 ], [ 29.774946, 41.1590509 ], [ 29.7747787, 41.1588455 ], [ 29.7749196, 41.1586533 ], [ 29.7751572, 41.1586003 ], [ 29.7750516, 41.1585075 ], [ 29.7747259, 41.1585738 ], [ 29.774277, 41.1585672 ], [ 29.7741186, 41.1585208 ], [ 29.773969, 41.1585672 ], [ 29.774057, 41.15866 ], [ 29.774013, 41.1587527 ], [ 29.7735817, 41.1589118 ], [ 29.7728687, 41.1591768 ], [ 29.7724374, 41.1592034 ], [ 29.772147, 41.1591503 ], [ 29.7718477, 41.1593293 ], [ 29.7715397, 41.1593491 ], [ 29.7711876, 41.1596407 ], [ 29.7709763, 41.1595678 ], [ 29.7706947, 41.1596739 ], [ 29.7701842, 41.1595678 ], [ 29.770061, 41.1597401 ], [ 29.7699289, 41.1600184 ], [ 29.7692072, 41.1602504 ], [ 29.7685206, 41.1604028 ], [ 29.7682654, 41.1603697 ], [ 29.7679133, 41.1604889 ], [ 29.7675876, 41.1605419 ], [ 29.76735, 41.1604956 ], [ 29.7671387, 41.1605486 ], [ 29.7670595, 41.1604558 ], [ 29.7668219, 41.1605154 ], [ 29.7664786, 41.1604028 ], [ 29.7666635, 41.1603365 ], [ 29.7667075, 41.1599853 ], [ 29.7660297, 41.1595943 ], [ 29.7657305, 41.1596739 ], [ 29.7649911, 41.1595612 ], [ 29.7648591, 41.159369 ], [ 29.764419, 41.1593756 ], [ 29.7640845, 41.1591172 ], [ 29.7633804, 41.158978 ], [ 29.7629667, 41.1589449 ], [ 29.7622889, 41.1588786 ], [ 29.7620513, 41.1589317 ], [ 29.7612151, 41.1587461 ], [ 29.7601237, 41.1588389 ], [ 29.7594724, 41.1590973 ], [ 29.7589531, 41.1591106 ], [ 29.7586274, 41.1590311 ], [ 29.7583281, 41.1587329 ], [ 29.7578176, 41.1585075 ], [ 29.7577648, 41.1581033 ], [ 29.7573863, 41.1577322 ], [ 29.7570079, 41.1574671 ], [ 29.7565942, 41.1572484 ], [ 29.7559956, 41.157202 ], [ 29.7551947, 41.1573545 ], [ 29.7543761, 41.1577123 ], [ 29.753868, 41.1580523 ], [ 29.7537424, 41.1581364 ], [ 29.7533639, 41.158481 ], [ 29.7531175, 41.1589714 ], [ 29.7532231, 41.1597467 ], [ 29.7530999, 41.1600582 ], [ 29.7530382, 41.1604492 ], [ 29.7532495, 41.1606413 ], [ 29.7532407, 41.1607606 ], [ 29.7536984, 41.1609197 ], [ 29.7536896, 41.1609926 ], [ 29.7532671, 41.1608998 ], [ 29.7531175, 41.1611052 ], [ 29.7534959, 41.1612311 ], [ 29.7531527, 41.1614167 ], [ 29.752651, 41.1613305 ], [ 29.7524221, 41.1614498 ], [ 29.7519292, 41.1613438 ], [ 29.7519556, 41.1612112 ], [ 29.7511811, 41.1610124 ], [ 29.7511635, 41.1607805 ], [ 29.7514187, 41.1606811 ], [ 29.7513923, 41.1605751 ], [ 29.7519468, 41.1603962 ], [ 29.7521405, 41.1601178 ], [ 29.751938, 41.1596672 ], [ 29.7517532, 41.1594817 ], [ 29.7514011, 41.1594022 ], [ 29.7511811, 41.1592166 ], [ 29.750961, 41.1589648 ], [ 29.7502745, 41.1587527 ], [ 29.7500104, 41.1587792 ], [ 29.7500104, 41.1589118 ], [ 29.7495439, 41.1589515 ], [ 29.748919, 41.1587594 ], [ 29.7486549, 41.158819 ], [ 29.7482765, 41.1590774 ], [ 29.7481884, 41.1593955 ], [ 29.7482589, 41.1596341 ], [ 29.7486719, 41.1598923 ], [ 29.7486672, 41.1599651 ], [ 29.7483523, 41.1598953 ], [ 29.7482462, 41.1598717 ], [ 29.7481061, 41.1598606 ], [ 29.7476082, 41.1597404 ], [ 29.7473337, 41.1597657 ], [ 29.747197, 41.1597519 ], [ 29.746965, 41.159707 ], [ 29.7466217, 41.1596473 ], [ 29.7467801, 41.1594949 ], [ 29.7459792, 41.1593359 ], [ 29.7456447, 41.1593624 ], [ 29.7456711, 41.1595347 ], [ 29.7453278, 41.1595347 ], [ 29.7448877, 41.1593425 ], [ 29.7448085, 41.159422 ], [ 29.7451166, 41.1595745 ], [ 29.7451254, 41.1597004 ], [ 29.7447469, 41.1597401 ], [ 29.7444212, 41.1596473 ], [ 29.7443948, 41.1597467 ], [ 29.7444652, 41.1598329 ], [ 29.7444036, 41.159919 ], [ 29.7441572, 41.1598727 ], [ 29.7441308, 41.1599522 ], [ 29.7436995, 41.1598594 ], [ 29.7434706, 41.1601444 ], [ 29.7431097, 41.1600582 ], [ 29.7429337, 41.1600913 ], [ 29.7424418, 41.1599249 ], [ 29.7424231, 41.160028 ], [ 29.7419501, 41.1599437 ], [ 29.7418194, 41.1598734 ], [ 29.7417945, 41.1598078 ], [ 29.7416016, 41.1597609 ], [ 29.7415331, 41.1594938 ], [ 29.7414958, 41.1592595 ], [ 29.741726, 41.1589315 ], [ 29.7415082, 41.1588893 ], [ 29.7414958, 41.1589409 ], [ 29.7415393, 41.1590299 ], [ 29.7413713, 41.1590627 ], [ 29.7412406, 41.1592314 ], [ 29.7410912, 41.1592408 ], [ 29.7409481, 41.1590721 ], [ 29.7410788, 41.1589034 ], [ 29.7412095, 41.1588706 ], [ 29.7412468, 41.1586972 ], [ 29.7413215, 41.158641 ], [ 29.7410663, 41.1585379 ], [ 29.741085, 41.1584536 ], [ 29.7408547, 41.158388 ], [ 29.7409045, 41.1582661 ], [ 29.7408485, 41.1582005 ], [ 29.7408049, 41.1582802 ], [ 29.7406306, 41.1582802 ], [ 29.7407489, 41.1583786 ], [ 29.740668, 41.1584536 ], [ 29.7402759, 41.1583833 ], [ 29.7402199, 41.1584864 ], [ 29.7399958, 41.1586504 ], [ 29.7401763, 41.158716 ], [ 29.7401452, 41.1587956 ], [ 29.7397344, 41.1586925 ], [ 29.7395788, 41.1588237 ], [ 29.7394419, 41.1587863 ], [ 29.7392427, 41.1585566 ], [ 29.7389253, 41.158566 ], [ 29.7385332, 41.1584114 ], [ 29.7384131, 41.1582315 ], [ 29.7382371, 41.1582646 ], [ 29.7378586, 41.1581652 ], [ 29.7380435, 41.1580194 ], [ 29.7382371, 41.1579399 ], [ 29.7381667, 41.1578604 ], [ 29.737973, 41.1579267 ], [ 29.7377442, 41.1581387 ], [ 29.7375329, 41.158205 ], [ 29.7374713, 41.1580857 ], [ 29.7376562, 41.1579399 ], [ 29.7374977, 41.157867 ], [ 29.7372249, 41.1578803 ], [ 29.7371897, 41.1577941 ], [ 29.7373657, 41.157708 ], [ 29.7372073, 41.1576284 ], [ 29.7375065, 41.1575754 ], [ 29.7374273, 41.1572838 ], [ 29.7374185, 41.1570784 ], [ 29.737128, 41.1569989 ], [ 29.7369872, 41.1571115 ], [ 29.736908, 41.157032 ], [ 29.7365472, 41.1568219 ], [ 29.7362724, 41.1569917 ], [ 29.7364397, 41.1567134 ], [ 29.7360436, 41.1566007 ], [ 29.7362318, 41.1565075 ], [ 29.7359028, 41.1559646 ], [ 29.7353717, 41.1558776 ], [ 29.7352691, 41.1560308 ], [ 29.7349226, 41.1559609 ], [ 29.734526, 41.1562495 ], [ 29.734506, 41.156448 ], [ 29.734167, 41.156456 ], [ 29.7339497, 41.1564015 ], [ 29.734156, 41.156199 ], [ 29.734375, 41.156106 ], [ 29.734314, 41.155939 ], [ 29.73379, 41.155566 ], [ 29.7336144, 41.1552754 ], [ 29.7332976, 41.1552224 ], [ 29.7328487, 41.1552754 ], [ 29.7327519, 41.1554278 ], [ 29.7328399, 41.1555868 ], [ 29.7324702, 41.1553085 ], [ 29.7314588, 41.1553517 ], [ 29.7313368, 41.1553569 ], [ 29.7308068, 41.1554941 ], [ 29.7304576, 41.1556035 ], [ 29.7293945, 41.1558792 ], [ 29.7286297, 41.156351 ], [ 29.7283354, 41.1565493 ], [ 29.7281945, 41.1566339 ], [ 29.7280844, 41.1566422 ], [ 29.727884, 41.1566372 ], [ 29.7276726, 41.156614 ], [ 29.7271089, 41.1567897 ], [ 29.7268667, 41.1569423 ], [ 29.726772, 41.1569605 ], [ 29.7266135, 41.1568975 ], [ 29.7264527, 41.1568063 ], [ 29.7262964, 41.1567168 ], [ 29.7258954, 41.1566706 ], [ 29.7256639, 41.1566696 ], [ 29.7249715, 41.1566538 ], [ 29.7245656, 41.1567185 ], [ 29.7243073, 41.1568386 ], [ 29.7241913, 41.1569323 ], [ 29.7241781, 41.15705 ], [ 29.7242155, 41.1572672 ], [ 29.7242662, 41.1574579 ], [ 29.7242584, 41.157586 ], [ 29.724025, 41.157594 ], [ 29.723828, 41.1575308 ], [ 29.7236892, 41.1574861 ], [ 29.723336, 41.157354 ], [ 29.7231233, 41.1572838 ], [ 29.7229758, 41.1571346 ], [ 29.7228084, 41.1570102 ], [ 29.7223901, 41.157002 ], [ 29.7222095, 41.1571213 ], [ 29.7222139, 41.1572357 ], [ 29.7222888, 41.1573534 ], [ 29.722324, 41.1574546 ], [ 29.7222249, 41.1575043 ], [ 29.722106, 41.1574977 ], [ 29.7219871, 41.157496 ], [ 29.72191, 41.1575474 ], [ 29.7217999, 41.1577066 ], [ 29.7216766, 41.1578127 ], [ 29.7214608, 41.1578408 ], [ 29.7213926, 41.1577281 ], [ 29.7213133, 41.1576087 ], [ 29.7211349, 41.1575424 ], [ 29.721016, 41.1575507 ], [ 29.720632, 41.157675 ], [ 29.720303, 41.157939 ], [ 29.719625, 41.157955 ], [ 29.718935, 41.157715 ], [ 29.7187639, 41.1575933 ], [ 29.7185498, 41.1573451 ], [ 29.7180434, 41.1572921 ], [ 29.7175369, 41.1574015 ], [ 29.7171361, 41.1576402 ], [ 29.7171097, 41.1577994 ], [ 29.7170348, 41.157995 ], [ 29.7163376, 41.1581573 ], [ 29.7157929, 41.1583299 ], [ 29.7154847, 41.1584095 ], [ 29.7151852, 41.1584625 ], [ 29.714885, 41.158324 ], [ 29.7144189, 41.1583531 ], [ 29.7141547, 41.1585587 ], [ 29.7139212, 41.1587742 ], [ 29.7136438, 41.1588206 ], [ 29.7133443, 41.1588505 ], [ 29.7128819, 41.1588041 ], [ 29.7124151, 41.1588041 ], [ 29.7120936, 41.1588936 ], [ 29.7116708, 41.1589864 ], [ 29.711182, 41.1591323 ], [ 29.710845, 41.159189 ], [ 29.7102924, 41.1591887 ], [ 29.7097243, 41.1591622 ], [ 29.7091585, 41.1591398 ], [ 29.7086358, 41.1590578 ], [ 29.70792, 41.1592504 ], [ 29.706784, 41.159541 ], [ 29.7061267, 41.1596767 ], [ 29.7054789, 41.1598814 ], [ 29.7053843, 41.1601338 ], [ 29.7055669, 41.1604553 ], [ 29.7053467, 41.1605315 ], [ 29.704968, 41.160631 ], [ 29.7046421, 41.1607802 ], [ 29.7043514, 41.160883 ], [ 29.7040343, 41.160946 ], [ 29.7036996, 41.1609924 ], [ 29.7031888, 41.1610985 ], [ 29.7029862, 41.1612808 ], [ 29.7029131, 41.1614219 ], [ 29.7027962, 41.1616799 ], [ 29.7027798, 41.1619748 ], [ 29.7028098, 41.162073 ], [ 29.7029512, 41.1621979 ], [ 29.7032096, 41.1623126 ], [ 29.7033374, 41.1625358 ], [ 29.702992, 41.1627139 ], [ 29.7028342, 41.1628941 ], [ 29.7028723, 41.1630825 ], [ 29.7028941, 41.1632688 ], [ 29.7027717, 41.1633364 ], [ 29.7027853, 41.163451 ], [ 29.702943, 41.1636251 ], [ 29.7027826, 41.1637254 ], [ 29.7026411, 41.1637336 ], [ 29.7024535, 41.163709 ], [ 29.702202, 41.163756 ], [ 29.7018524, 41.1638052 ], [ 29.701662, 41.1636619 ], [ 29.7013901, 41.1635288 ], [ 29.7011072, 41.1636435 ], [ 29.7010039, 41.163621 ], [ 29.7009223, 41.1635268 ], [ 29.7007564, 41.1635022 ], [ 29.7007673, 41.1636578 ], [ 29.700838, 41.1638298 ], [ 29.7006829, 41.1639527 ], [ 29.7003348, 41.1640059 ], [ 29.7001499, 41.163924 ], [ 29.6998806, 41.1639731 ], [ 29.6998344, 41.1640571 ], [ 29.699693, 41.1641533 ], [ 29.6993748, 41.1641615 ], [ 29.6992089, 41.1641206 ], [ 29.6989967, 41.1640489 ], [ 29.6985643, 41.1640694 ], [ 29.6984174, 41.164141 ], [ 29.6983549, 41.1641574 ], [ 29.69814, 41.164108 ], [ 29.6979197, 41.1640571 ], [ 29.697456, 41.163996 ], [ 29.6972126, 41.1637889 ], [ 29.6970494, 41.1636169 ], [ 29.6969732, 41.1634469 ], [ 29.696878, 41.1629043 ], [ 29.6968373, 41.1627262 ], [ 29.6966251, 41.1626586 ], [ 29.6962987, 41.1626627 ], [ 29.6962117, 41.162802 ], [ 29.6962362, 41.1629043 ], [ 29.6962716, 41.1630763 ], [ 29.6961845, 41.1632913 ], [ 29.696092, 41.1635739 ], [ 29.6956379, 41.1637152 ], [ 29.6954692, 41.1637336 ], [ 29.6951347, 41.1638175 ], [ 29.694909, 41.1638114 ], [ 29.6945663, 41.1638073 ], [ 29.6942426, 41.1638093 ], [ 29.6940033, 41.1638216 ], [ 29.693029, 41.163714 ], [ 29.6927685, 41.163621 ], [ 29.6926244, 41.1635227 ], [ 29.6925999, 41.1633343 ], [ 29.6926924, 41.1630907 ], [ 29.6925075, 41.1630804 ], [ 29.6924395, 41.1629412 ], [ 29.6924259, 41.162802 ], [ 29.692308, 41.162704 ], [ 29.6920261, 41.1626975 ], [ 29.6918792, 41.1627631 ], [ 29.6916589, 41.1628695 ], [ 29.6915338, 41.1628757 ], [ 29.6914522, 41.1628327 ], [ 29.6913869, 41.1627528 ], [ 29.6913461, 41.1626873 ], [ 29.691221, 41.1626771 ], [ 29.6910986, 41.1628245 ], [ 29.6911258, 41.1629453 ], [ 29.6912863, 41.1630702 ], [ 29.6912509, 41.1632115 ], [ 29.6911367, 41.1633794 ], [ 29.691066, 41.1635247 ], [ 29.6909572, 41.1636292 ], [ 29.6908158, 41.1636906 ], [ 29.690659, 41.163898 ], [ 29.6904377, 41.1639772 ], [ 29.6902827, 41.1639731 ], [ 29.6901712, 41.1639056 ], [ 29.6902392, 41.1637213 ], [ 29.690329, 41.1635657 ], [ 29.6904568, 41.1632975 ], [ 29.6903317, 41.1631562 ], [ 29.6899836, 41.1630374 ], [ 29.6898421, 41.1629023 ], [ 29.6896844, 41.1626156 ], [ 29.6892601, 41.1625419 ], [ 29.6889745, 41.1625235 ], [ 29.6886998, 41.1625665 ], [ 29.6885421, 41.1625788 ], [ 29.6884034, 41.1627139 ], [ 29.6882321, 41.162716 ], [ 29.6881124, 41.1628675 ], [ 29.6880172, 41.1627528 ], [ 29.6879465, 41.1627794 ], [ 29.6879084, 41.1629187 ], [ 29.687699, 41.1630641 ], [ 29.6875712, 41.1630395 ], [ 29.6873454, 41.1630579 ], [ 29.6870816, 41.1631582 ], [ 29.6870354, 41.1632913 ], [ 29.6870191, 41.1633917 ], [ 29.6869239, 41.1634654 ], [ 29.686826, 41.1635841 ], [ 29.6866845, 41.1636374 ], [ 29.6865812, 41.1637827 ], [ 29.6864262, 41.1638155 ], [ 29.6863826, 41.1636496 ], [ 29.6863038, 41.1636578 ], [ 29.6861868, 41.1635595 ], [ 29.6860291, 41.1634469 ], [ 29.6856646, 41.1634347 ], [ 29.6854906, 41.1635084 ], [ 29.6853927, 41.1636189 ], [ 29.685214, 41.16364 ], [ 29.6848378, 41.1634715 ], [ 29.6845985, 41.1633835 ], [ 29.6843401, 41.1632504 ], [ 29.6840464, 41.163191 ], [ 29.6838696, 41.1631664 ], [ 29.683769, 41.1631849 ], [ 29.6836629, 41.1632299 ], [ 29.6836847, 41.1633077 ], [ 29.6837527, 41.1633589 ], [ 29.683701, 41.163451 ], [ 29.6836548, 41.163492 ], [ 29.6835324, 41.1634695 ], [ 29.6834453, 41.1633978 ], [ 29.6833474, 41.1632012 ], [ 29.6832169, 41.163062 ], [ 29.6829694, 41.162845 ], [ 29.6827437, 41.162761 ], [ 29.6824254, 41.1627631 ], [ 29.6821589, 41.162802 ], [ 29.6820501, 41.16289 ], [ 29.6820556, 41.1629555 ], [ 29.6821127, 41.1630661 ], [ 29.6821644, 41.1632831 ], [ 29.6821208, 41.163365 ], [ 29.6820039, 41.1633138 ], [ 29.6818217, 41.1632688 ], [ 29.6816612, 41.1632524 ], [ 29.6815171, 41.1632012 ], [ 29.68143, 41.1631296 ], [ 29.6812532, 41.1629801 ], [ 29.6809677, 41.1628102 ], [ 29.6804264, 41.1625665 ], [ 29.6800348, 41.1623679 ], [ 29.6797057, 41.1621611 ], [ 29.6791781, 41.1619809 ], [ 29.6788463, 41.1620239 ], [ 29.6785281, 41.1621754 ], [ 29.6782344, 41.1622369 ], [ 29.6780304, 41.162286 ], [ 29.6777285, 41.1623003 ], [ 29.6774511, 41.1623024 ], [ 29.6768691, 41.1624437 ], [ 29.6761891, 41.1625563 ], [ 29.6756642, 41.1626464 ], [ 29.6745437, 41.1629187 ], [ 29.6734776, 41.1631808 ], [ 29.6724658, 41.1635903 ], [ 29.6720579, 41.1637418 ], [ 29.6716445, 41.1640694 ], [ 29.6715085, 41.1643192 ], [ 29.6715955, 41.1644707 ], [ 29.6716445, 41.164745 ], [ 29.6714541, 41.1650317 ], [ 29.6713018, 41.1652119 ], [ 29.671024, 41.16551 ], [ 29.670203, 41.1658343 ], [ 29.669687, 41.166055 ], [ 29.6691967, 41.1662888 ], [ 29.6685059, 41.1664813 ], [ 29.667332, 41.166623 ], [ 29.6662682, 41.1667056 ], [ 29.6661724, 41.1663994 ], [ 29.665941, 41.1661051 ], [ 29.6656828, 41.1658507 ], [ 29.6656828, 41.1655845 ], [ 29.6656611, 41.165392 ], [ 29.6654432, 41.1651008 ], [ 29.6647404, 41.1650499 ], [ 29.663866, 41.164906 ], [ 29.6633221, 41.1648147 ], [ 29.6629794, 41.1648638 ], [ 29.6623702, 41.1648597 ], [ 29.6618915, 41.1649211 ], [ 29.6615217, 41.1650317 ], [ 29.660994, 41.1650563 ], [ 29.6607656, 41.1650726 ], [ 29.6604392, 41.1651341 ], [ 29.6600519, 41.1650923 ], [ 29.6584958, 41.1654388 ], [ 29.6569834, 41.165882 ], [ 29.6565484, 41.1661354 ], [ 29.6547766, 41.1664572 ], [ 29.6528872, 41.1669733 ], [ 29.6521813, 41.1671518 ], [ 29.6514158, 41.1673295 ], [ 29.6506674, 41.1675407 ], [ 29.6495023, 41.1677584 ], [ 29.6486, 41.1680229 ], [ 29.6475748, 41.1683383 ], [ 29.6468721, 41.1687033 ], [ 29.646035, 41.169168 ], [ 29.6455635, 41.1692662 ], [ 29.6452894, 41.1695494 ], [ 29.6447769, 41.170205 ], [ 29.6448193, 41.1705047 ], [ 29.6448865, 41.1706426 ], [ 29.6452172, 41.17081 ], [ 29.6453144, 41.1710549 ], [ 29.6453414, 41.1711382 ], [ 29.6454478, 41.171181 ], [ 29.6455757, 41.1711526 ], [ 29.6456338, 41.1710325 ], [ 29.6458119, 41.1709488 ], [ 29.6459458, 41.1709607 ], [ 29.6459559, 41.1710124 ], [ 29.6460851, 41.1709991 ], [ 29.6461223, 41.1710938 ], [ 29.6460589, 41.17122 ], [ 29.6458567, 41.1712489 ], [ 29.6458226, 41.1713543 ], [ 29.6455101, 41.1714238 ], [ 29.6453497, 41.1713381 ], [ 29.6452849, 41.1717429 ], [ 29.6452008, 41.1719454 ], [ 29.6449479, 41.1720272 ], [ 29.6447062, 41.1719757 ], [ 29.6445891, 41.1720011 ], [ 29.6443742, 41.1719118 ], [ 29.6441793, 41.1719373 ], [ 29.6440924, 41.171863 ], [ 29.6439639, 41.1716509 ], [ 29.6439743, 41.1715173 ], [ 29.6444985, 41.1711791 ], [ 29.6443413, 41.1709987 ], [ 29.6445135, 41.1706717 ], [ 29.6445134, 41.1705439 ], [ 29.6444593, 41.1704324 ], [ 29.6443199, 41.1702967 ], [ 29.6441241, 41.1701311 ], [ 29.6438365, 41.1700435 ], [ 29.643123, 41.1697542 ], [ 29.6425356, 41.1697254 ], [ 29.6418072, 41.1695551 ], [ 29.6410293, 41.1696111 ], [ 29.6400498, 41.169826 ], [ 29.6386973, 41.170115 ], [ 29.6376457, 41.1702207 ], [ 29.6369792, 41.1705026 ], [ 29.6367395, 41.170683 ], [ 29.6358632, 41.1707224 ], [ 29.6346649, 41.1711791 ], [ 29.6346553, 41.1711852 ], [ 29.6334067, 41.1719796 ], [ 29.6327027, 41.1726279 ], [ 29.6325754, 41.1728365 ], [ 29.6328824, 41.1733383 ], [ 29.6329274, 41.1735863 ], [ 29.6332569, 41.1736878 ], [ 29.6336464, 41.1739753 ], [ 29.6336539, 41.1741162 ], [ 29.6332644, 41.1742966 ], [ 29.6330697, 41.1741219 ], [ 29.6326053, 41.1742628 ], [ 29.6323282, 41.1741782 ], [ 29.6320212, 41.1743135 ], [ 29.6318587, 41.1740117 ], [ 29.6316841, 41.1739584 ], [ 29.6312273, 41.1740599 ], [ 29.6305532, 41.1738231 ], [ 29.6304145, 41.1738708 ], [ 29.6302911, 41.1739133 ], [ 29.6300671, 41.1739672 ], [ 29.6297411, 41.1740458 ], [ 29.6297294, 41.1740486 ], [ 29.6294523, 41.174291 ], [ 29.6294523, 41.1745165 ], [ 29.6299091, 41.1746067 ], [ 29.6300964, 41.1748491 ], [ 29.6301863, 41.1751309 ], [ 29.6300065, 41.1752775 ], [ 29.6295871, 41.1753001 ], [ 29.6291228, 41.175052 ], [ 29.6288382, 41.1749449 ], [ 29.6288756, 41.1746349 ], [ 29.6286135, 41.1745221 ], [ 29.6287782, 41.1743643 ], [ 29.6287183, 41.1742459 ], [ 29.6285892, 41.1742152 ], [ 29.628576, 41.1742121 ], [ 29.628514, 41.1743054 ], [ 29.6284787, 41.1743586 ], [ 29.6281941, 41.1744206 ], [ 29.6280593, 41.1742233 ], [ 29.6274976, 41.1743474 ], [ 29.6267112, 41.1746574 ], [ 29.6266961, 41.1746643 ], [ 29.6256177, 41.1751591 ], [ 29.6251617, 41.1752136 ], [ 29.6248821, 41.1753131 ], [ 29.624652, 41.1754996 ], [ 29.6242022, 41.1761851 ], [ 29.6244044, 41.1764106 ], [ 29.6244643, 41.176653 ], [ 29.6242172, 41.1771209 ], [ 29.6243295, 41.1774196 ], [ 29.6246141, 41.1775944 ], [ 29.6249512, 41.1775437 ], [ 29.6254679, 41.1778706 ], [ 29.6255203, 41.1779946 ], [ 29.6246366, 41.178175 ], [ 29.6245392, 41.1784174 ], [ 29.6248463, 41.1784681 ], [ 29.6248014, 41.1785752 ], [ 29.6246366, 41.1787444 ], [ 29.6241423, 41.1787613 ], [ 29.6239251, 41.1791897 ], [ 29.6239401, 41.1794546 ], [ 29.6242846, 41.1795053 ], [ 29.6243445, 41.1796632 ], [ 29.6240674, 41.1796914 ], [ 29.6236255, 41.179635 ], [ 29.6234907, 41.179945 ], [ 29.622929, 41.179759 ], [ 29.6227043, 41.1795504 ], [ 29.6227493, 41.1794095 ], [ 29.6230488, 41.1794659 ], [ 29.623266, 41.1793644 ], [ 29.623296, 41.1791558 ], [ 29.6230788, 41.1789304 ], [ 29.6230264, 41.1787838 ], [ 29.6227717, 41.1786936 ], [ 29.6221726, 41.178998 ], [ 29.622255, 41.1791277 ], [ 29.621888, 41.1792066 ], [ 29.6218056, 41.1791446 ], [ 29.621536, 41.1792066 ], [ 29.6210567, 41.1791897 ], [ 29.6210716, 41.1793306 ], [ 29.6205474, 41.1794941 ], [ 29.6199632, 41.1794772 ], [ 29.6197235, 41.1792855 ], [ 29.6197835, 41.1790093 ], [ 29.6198808, 41.1789586 ], [ 29.6197984, 41.1785132 ], [ 29.6194689, 41.1783554 ], [ 29.6191319, 41.1781299 ], [ 29.6187724, 41.1781243 ], [ 29.6186675, 41.1778763 ], [ 29.6182182, 41.1775718 ], [ 29.618001, 41.177662 ], [ 29.6181358, 41.1778537 ], [ 29.6178737, 41.1778312 ], [ 29.6179186, 41.1780397 ], [ 29.6176115, 41.1782314 ], [ 29.6177688, 41.1784569 ], [ 29.6179411, 41.1787444 ], [ 29.6175666, 41.1789698 ], [ 29.6168476, 41.1789867 ], [ 29.6166529, 41.1792517 ], [ 29.6161661, 41.1791728 ], [ 29.6160987, 41.1789755 ], [ 29.616181, 41.1786936 ], [ 29.6163159, 41.1786936 ], [ 29.6163458, 41.1785301 ], [ 29.6160837, 41.1783159 ], [ 29.6154396, 41.1782032 ], [ 29.6153722, 41.1784907 ], [ 29.6149678, 41.1785414 ], [ 29.6143386, 41.1785414 ], [ 29.6140541, 41.1788007 ], [ 29.6140166, 41.1790206 ], [ 29.614084, 41.1792235 ], [ 29.6143536, 41.1793193 ], [ 29.6145484, 41.1796575 ], [ 29.6146083, 41.1797928 ], [ 29.6145484, 41.1799732 ], [ 29.6144809, 41.1804692 ], [ 29.614099, 41.1809653 ], [ 29.6135373, 41.1810611 ], [ 29.6129681, 41.180954 ], [ 29.6124888, 41.1808356 ], [ 29.6122266, 41.1806834 ], [ 29.6121368, 41.1803565 ], [ 29.6124288, 41.1803114 ], [ 29.6125187, 41.1801536 ], [ 29.6122117, 41.1799112 ], [ 29.6120244, 41.1798886 ], [ 29.6118072, 41.1798943 ], [ 29.6116425, 41.1800465 ], [ 29.6116499, 41.1802156 ], [ 29.6116874, 41.1804467 ], [ 29.6112305, 41.1803452 ], [ 29.6113878, 41.180131 ], [ 29.6113471, 41.180012 ], [ 29.6113204, 41.1799337 ], [ 29.6111182, 41.1798154 ], [ 29.6101296, 41.1797365 ], [ 29.609845, 41.1798097 ], [ 29.609523, 41.1799619 ], [ 29.6093956, 41.1802043 ], [ 29.6096203, 41.180317 ], [ 29.6095454, 41.18052 ], [ 29.6093507, 41.1806947 ], [ 29.6092384, 41.1805594 ], [ 29.6091007, 41.1804466 ], [ 29.6088596, 41.1803826 ], [ 29.6086174, 41.180527 ], [ 29.608016, 41.1808963 ], [ 29.6075642, 41.1812168 ], [ 29.6076125, 41.181277 ], [ 29.6076864, 41.1813332 ], [ 29.607635, 41.1813917 ], [ 29.6076377, 41.1814665 ], [ 29.6077514, 41.1814752 ], [ 29.6078352, 41.1815214 ], [ 29.6079123, 41.1815942 ], [ 29.6078854, 41.1816622 ], [ 29.6078269, 41.1816767 ], [ 29.6077549, 41.1816837 ], [ 29.6077295, 41.1817329 ], [ 29.6077329, 41.181797 ], [ 29.6077505, 41.1818822 ], [ 29.6077631, 41.1819507 ], [ 29.6076355, 41.1820603 ], [ 29.6073666, 41.1821487 ], [ 29.6072935, 41.1820637 ], [ 29.6072124, 41.1820083 ], [ 29.6071354, 41.1820116 ], [ 29.6071101, 41.181973 ], [ 29.6071106, 41.1819149 ], [ 29.6070664, 41.181914 ], [ 29.6070458, 41.1820036 ], [ 29.6069188, 41.1820251 ], [ 29.606686, 41.181864 ], [ 29.6066611, 41.1818041 ], [ 29.6065657, 41.18179 ], [ 29.6065456, 41.1818469 ], [ 29.6064744, 41.1818964 ], [ 29.6063904, 41.1819105 ], [ 29.606294, 41.1818557 ], [ 29.6063253, 41.1817936 ], [ 29.6063959, 41.1817186 ], [ 29.6062074, 41.1815916 ], [ 29.6058791, 41.1813295 ], [ 29.6023002, 41.1793669 ], [ 29.6018568, 41.1791081 ], [ 29.6015739, 41.1789583 ], [ 29.6011812, 41.1788867 ], [ 29.6006855, 41.1789093 ], [ 29.6000767, 41.1788955 ], [ 29.5998986, 41.1787995 ], [ 29.5997669, 41.1786711 ], [ 29.5998489, 41.178538 ], [ 29.6000236, 41.1784462 ], [ 29.6003532, 41.1785289 ], [ 29.6005528, 41.1785279 ], [ 29.6007413, 41.1785907 ], [ 29.601046, 41.1786103 ], [ 29.6013907, 41.178686 ], [ 29.6016975, 41.1787706 ], [ 29.6021194, 41.1789543 ], [ 29.6062951, 41.1810738 ], [ 29.6078146, 41.1801635 ], [ 29.6084183, 41.1803252 ], [ 29.6088958, 41.1800105 ], [ 29.6086469, 41.1798258 ], [ 29.6090931, 41.179252 ], [ 29.6088765, 41.1791247 ], [ 29.6085524, 41.178991 ], [ 29.60869, 41.178862 ], [ 29.6087391, 41.1786478 ], [ 29.6088692, 41.1784343 ], [ 29.6091922, 41.178305 ], [ 29.6091688, 41.1780773 ], [ 29.6088743, 41.1778389 ], [ 29.6084041, 41.1776398 ], [ 29.6078114, 41.177337 ], [ 29.607596, 41.1772521 ], [ 29.6073323, 41.1771481 ], [ 29.6068748, 41.1770086 ], [ 29.6061047, 41.1765934 ], [ 29.6060024, 41.1765074 ], [ 29.6058895, 41.1764606 ], [ 29.6039635, 41.1761894 ], [ 29.6038824, 41.1765837 ], [ 29.6036604, 41.1774539 ], [ 29.6038985, 41.1774992 ], [ 29.6038734, 41.1775605 ], [ 29.6033365, 41.1774874 ], [ 29.6033536, 41.1774213 ], [ 29.603576, 41.1774472 ], [ 29.6036469, 41.1770793 ], [ 29.603234, 41.1770084 ], [ 29.6028282, 41.1771073 ], [ 29.602574, 41.1772349 ], [ 29.6023214, 41.1774646 ], [ 29.6018856, 41.1778607 ], [ 29.6017797, 41.1778726 ], [ 29.6017214, 41.1777969 ], [ 29.6024152, 41.1771831 ], [ 29.6021239, 41.1771352 ], [ 29.6021133, 41.1770236 ], [ 29.6021927, 41.176904 ], [ 29.602717, 41.1768881 ], [ 29.6031725, 41.1766848 ], [ 29.6034584, 41.1764536 ], [ 29.6035961, 41.1759833 ], [ 29.6036968, 41.1753933 ], [ 29.6036279, 41.1752737 ], [ 29.6035497, 41.1752291 ], [ 29.6028782, 41.174511 ], [ 29.6020147, 41.1737089 ], [ 29.6012656, 41.1730504 ], [ 29.6004553, 41.1725701 ], [ 29.5998414, 41.1723359 ], [ 29.59905, 41.171881 ], [ 29.5987861, 41.1717332 ], [ 29.5970588, 41.1712486 ], [ 29.5951276, 41.1709417 ], [ 29.5937774, 41.1707642 ], [ 29.5937459, 41.1707612 ], [ 29.5928986, 41.1707772 ], [ 29.591939, 41.1707645 ], [ 29.5914419, 41.1707579 ], [ 29.5910158, 41.1707327 ], [ 29.588697, 41.170985 ], [ 29.584635, 41.171333 ], [ 29.5825414, 41.1713364 ], [ 29.580572, 41.171681 ], [ 29.5800058, 41.1716937 ], [ 29.577856, 41.171742 ], [ 29.576509, 41.172029 ], [ 29.575491, 41.172051 ], [ 29.5749956, 41.1721196 ], [ 29.5745046, 41.1722446 ], [ 29.5743214, 41.1722342 ], [ 29.574138, 41.17221 ], [ 29.5739463, 41.1722447 ], [ 29.5736047, 41.1723064 ], [ 29.57009, 41.172942 ], [ 29.568732, 41.172972 ], [ 29.567385, 41.173259 ], [ 29.566716, 41.173531 ], [ 29.564, 41.173591 ], [ 29.562653, 41.173878 ], [ 29.5612388, 41.1742692 ], [ 29.560636, 41.174436 ], [ 29.556922, 41.175032 ], [ 29.556593, 41.175296 ], [ 29.554566, 41.175598 ], [ 29.553548, 41.17562 ], [ 29.553218, 41.175885 ], [ 29.55221, 41.176164 ], [ 29.550183, 41.176465 ], [ 29.548835, 41.176752 ], [ 29.547148, 41.177046 ], [ 29.544452, 41.177619 ], [ 29.543783, 41.17789 ], [ 29.542775, 41.178169 ], [ 29.541087, 41.178463 ], [ 29.540758, 41.178727 ], [ 29.5394, 41.178757 ], [ 29.538392, 41.179036 ], [ 29.536704, 41.17933 ], [ 29.536035, 41.179601 ], [ 29.535027, 41.17988 ], [ 29.534008, 41.179903 ], [ 29.533679, 41.180167 ], [ 29.531991, 41.180461 ], [ 29.530643, 41.180747 ], [ 29.528946, 41.180784 ], [ 29.527598, 41.18107 ], [ 29.5273333, 41.1811432 ], [ 29.526589, 41.181349 ], [ 29.52626, 41.181613 ], [ 29.524572, 41.181907 ], [ 29.523564, 41.182186 ], [ 29.522894, 41.182457 ], [ 29.521546, 41.182743 ], [ 29.521217, 41.183007 ], [ 29.520208, 41.183286 ], [ 29.51886, 41.183572 ], [ 29.518695, 41.183705 ], [ 29.51853, 41.183836 ], [ 29.516833, 41.183873 ], [ 29.516164, 41.184145 ], [ 29.513797, 41.184453 ], [ 29.513128, 41.184724 ], [ 29.5124233, 41.1850523 ], [ 29.511667, 41.1847863 ], [ 29.510722, 41.184007 ], [ 29.509364, 41.184036 ], [ 29.508355, 41.184315 ], [ 29.507007, 41.184601 ], [ 29.506338, 41.184872 ], [ 29.50464, 41.184909 ], [ 29.504311, 41.185173 ], [ 29.503302, 41.185452 ], [ 29.502972, 41.185716 ], [ 29.501284, 41.186009 ], [ 29.500276, 41.186288 ], [ 29.498927, 41.186574 ], [ 29.497239, 41.186867 ], [ 29.496231, 41.187146 ], [ 29.494203, 41.187446 ], [ 29.492186, 41.188003 ], [ 29.490837, 41.188289 ], [ 29.489819, 41.188311 ], [ 29.4891329, 41.1885214 ], [ 29.487801, 41.188868 ], [ 29.4874281, 41.1889947 ], [ 29.4862786, 41.1892646 ], [ 29.4856719, 41.1894497 ], [ 29.4842367, 41.1897972 ], [ 29.483426, 41.18999 ], [ 29.4828385, 41.190148 ], [ 29.481403, 41.190419 ], [ 29.481423, 41.190932 ], [ 29.480748, 41.191074 ], [ 29.47973, 41.191096 ], [ 29.477712, 41.191653 ], [ 29.477382, 41.191917 ], [ 29.475694, 41.19221 ], [ 29.471648, 41.193067 ], [ 29.471318, 41.19333 ], [ 29.46996, 41.19336 ], [ 29.46963, 41.193623 ], [ 29.468282, 41.193909 ], [ 29.467612, 41.19418 ], [ 29.465924, 41.194473 ], [ 29.465594, 41.194737 ], [ 29.464925, 41.195008 ], [ 29.463571, 41.195166 ], [ 29.4629463, 41.1955731 ], [ 29.462237, 41.195835 ], [ 29.461907, 41.196099 ], [ 29.461237, 41.19637 ], [ 29.459889, 41.196656 ], [ 29.459723, 41.196788 ], [ 29.4593799, 41.1970134 ], [ 29.4589715, 41.1971103 ], [ 29.457871, 41.197212 ], [ 29.457201, 41.197483 ], [ 29.455852, 41.197769 ], [ 29.454843, 41.198047 ], [ 29.452126, 41.198105 ], [ 29.4503045, 41.1981359 ], [ 29.4480825, 41.1981735 ], [ 29.445354, 41.198762 ], [ 29.444005, 41.199048 ], [ 29.4427523, 41.1992626 ], [ 29.4414496, 41.1995959 ], [ 29.4406337, 41.1997609 ], [ 29.439628, 41.200167 ], [ 29.439298, 41.200431 ], [ 29.437949, 41.200716 ], [ 29.43728, 41.200987 ], [ 29.436271, 41.201265 ], [ 29.4353465, 41.2014603 ], [ 29.434922, 41.20155 ], [ 29.434252, 41.201821 ], [ 29.433582, 41.202092 ], [ 29.432573, 41.20237 ], [ 29.431903, 41.202641 ], [ 29.431563, 41.202648 ], [ 29.430884, 41.202662 ], [ 29.430215, 41.202933 ], [ 29.428866, 41.203218 ], [ 29.428196, 41.203489 ], [ 29.427526, 41.20376 ], [ 29.426177, 41.204045 ], [ 29.426011, 41.204177 ], [ 29.425847, 41.204309 ], [ 29.424838, 41.204587 ], [ 29.424672, 41.204719 ], [ 29.424507, 41.20485 ], [ 29.424168, 41.204858 ], [ 29.422809, 41.204886 ], [ 29.422644, 41.205018 ], [ 29.422479, 41.20515 ], [ 29.4218, 41.205164 ], [ 29.42146, 41.205171 ], [ 29.420451, 41.205449 ], [ 29.420285, 41.205582 ], [ 29.420121, 41.205713 ], [ 29.419781, 41.20572 ], [ 29.419441, 41.205727 ], [ 29.418432, 41.206005 ], [ 29.417762, 41.206276 ], [ 29.416413, 41.206561 ], [ 29.415064, 41.206846 ], [ 29.414394, 41.207117 ], [ 29.413724, 41.207387 ], [ 29.412375, 41.207672 ], [ 29.411366, 41.20795 ], [ 29.4112, 41.208083 ], [ 29.411035, 41.208214 ], [ 29.41087, 41.208346 ], [ 29.410705, 41.208477 ], [ 29.410539, 41.20861 ], [ 29.410375, 41.208741 ], [ 29.409365, 41.209019 ], [ 29.408695, 41.20929 ], [ 29.406997, 41.209325 ], [ 29.406318, 41.209339 ], [ 29.405978, 41.209346 ], [ 29.4039668, 41.2092776 ], [ 29.4033255, 41.2094468 ], [ 29.4025271, 41.2096287 ], [ 29.401921, 41.209945 ], [ 29.401581, 41.209952 ], [ 29.4005679, 41.2101149 ], [ 29.399892, 41.2102682 ], [ 29.3989371, 41.2106315 ], [ 29.3986152, 41.2107525 ], [ 29.3983899, 41.2108736 ], [ 29.3980895, 41.2109785 ], [ 29.3980466, 41.2111803 ], [ 29.3978417, 41.2113874 ], [ 29.396883, 41.21159 ], [ 29.3964797, 41.211879 ], [ 29.3963081, 41.2118145 ], [ 29.3961021, 41.2121244 ], [ 29.3957588, 41.212034 ], [ 29.3954927, 41.2118468 ], [ 29.3955099, 41.2116401 ], [ 29.395184, 41.211625 ], [ 29.3946773, 41.2117499 ], [ 29.3943941, 41.2120017 ], [ 29.3945829, 41.2120663 ], [ 29.3945829, 41.212415 ], [ 29.393505, 41.212173 ], [ 29.392825, 41.212188 ], [ 29.3924028, 41.2121954 ], [ 29.3919736, 41.2123762 ], [ 29.391825, 41.212722 ], [ 29.391659, 41.212854 ], [ 29.391495, 41.212985 ], [ 29.390145, 41.21327 ], [ 29.389979, 41.213402 ], [ 29.389658, 41.213922 ], [ 29.389526, 41.214952 ], [ 29.389182, 41.21483 ], [ 29.389007, 41.214706 ], [ 29.3885541, 41.2145891 ], [ 29.3875261, 41.2143531 ], [ 29.3868371, 41.2141111 ], [ 29.3866373, 41.2141309 ], [ 29.3864562, 41.2140581 ], [ 29.3861481, 41.2138691 ], [ 29.3858945, 41.2137432 ], [ 29.3856004, 41.2135683 ], [ 29.3851999, 41.213411799693439 ], [ 29.3851111, 41.2133771 ], [ 29.3841033, 41.213205 ], [ 29.3837431, 41.2131481 ], [ 29.3827241, 41.2131701 ], [ 29.3820401, 41.2130561 ], [ 29.381653, 41.2128519 ], [ 29.3810021, 41.2125641 ], [ 29.3808131, 41.2120541 ], [ 29.3806391, 41.2119291 ], [ 29.3792711, 41.2117011 ], [ 29.3785821, 41.211458 ], [ 29.3778613, 41.2114258 ], [ 29.3779121, 41.2117291 ], [ 29.3772331, 41.2117431 ], [ 29.3768931, 41.2117501 ], [ 29.3767281, 41.2118821 ], [ 29.3764061, 41.2124021 ], [ 29.3762421, 41.2125331 ], [ 29.3752321, 41.2128111 ], [ 29.3748971, 41.2129471 ], [ 29.3747081, 41.2124371 ], [ 29.3745341, 41.2123121 ], [ 29.3738551, 41.2123261 ], [ 29.3731751, 41.2123401 ], [ 29.3728361, 41.2123471 ], [ 29.3721561, 41.2123611 ], [ 29.3719811, 41.2122371 ], [ 29.3718071, 41.2121121 ], [ 29.3710945, 41.2119827 ], [ 29.3709441, 41.2117451 ], [ 29.3707701, 41.2116201 ], [ 29.3705951, 41.211495 ], [ 29.3704211, 41.21137 ], [ 29.37036, 41.211369 ], [ 29.370194, 41.211501 ], [ 29.37003, 41.211633 ], [ 29.36969, 41.21164 ], [ 29.369341, 41.21139 ], [ 29.368653, 41.211147 ], [ 29.368313, 41.211154 ], [ 29.367303, 41.211432 ], [ 29.366973, 41.211695 ], [ 29.366633, 41.211702 ], [ 29.366284, 41.211453 ], [ 29.365605, 41.211467 ], [ 29.365256, 41.211217 ], [ 29.363209, 41.211003 ], [ 29.361841, 41.210774 ], [ 29.361501, 41.210781 ], [ 29.359812, 41.211072 ], [ 29.357774, 41.211114 ], [ 29.357277, 41.2107767 ], [ 29.3568268, 41.2109164 ], [ 29.3555604, 41.2113094 ], [ 29.3550991, 41.2114224 ], [ 29.3547987, 41.2115516 ], [ 29.354348, 41.2117453 ], [ 29.3541549, 41.2119632 ], [ 29.354074, 41.212217 ], [ 29.353578, 41.212612 ], [ 29.3530928, 41.2125443 ], [ 29.353074, 41.21275 ], [ 29.3526207, 41.2128187 ], [ 29.352725, 41.212501 ], [ 29.352041, 41.212387 ], [ 29.3517839, 41.2127784 ], [ 29.3512045, 41.213077 ], [ 29.3503033, 41.212738 ], [ 29.3497668, 41.2127138 ], [ 29.349681, 41.2124313 ], [ 29.3493055, 41.2122376 ], [ 29.3482326, 41.212512 ], [ 29.346634, 41.2129156 ], [ 29.3460225, 41.2131335 ], [ 29.345647, 41.2133191 ], [ 29.345293, 41.213808 ], [ 29.345471, 41.214061 ], [ 29.34566, 41.214571 ], [ 29.345316, 41.214449 ], [ 29.344618, 41.21395 ], [ 29.3440671, 41.2138742 ], [ 29.343599, 41.213971 ], [ 29.343269, 41.214234 ], [ 29.3429191, 41.2142293 ], [ 29.3424256, 41.2144311 ], [ 29.342447, 41.2146975 ], [ 29.3422325, 41.2146975 ], [ 29.3422217, 41.214536 ], [ 29.3420501, 41.2144876 ], [ 29.3419535, 41.214649 ], [ 29.3416638, 41.2147297 ], [ 29.3412776, 41.2150364 ], [ 29.3411918, 41.2148992 ], [ 29.3409343, 41.214875 ], [ 29.3407411, 41.2147217 ], [ 29.3404718, 41.2149029 ], [ 29.340234, 41.214938 ], [ 29.3400652, 41.2150768 ], [ 29.339908, 41.215329 ], [ 29.3396785, 41.2152075 ], [ 29.3393571, 41.215222 ], [ 29.3390782, 41.2152785 ], [ 29.3390889, 41.2150848 ], [ 29.3390353, 41.2149073 ], [ 29.339035, 41.214706 ], [ 29.338862, 41.21458 ], [ 29.338522, 41.214587 ], [ 29.3382521, 41.2146894 ], [ 29.3381126, 41.2149073 ], [ 29.3382091, 41.2149961 ], [ 29.3381019, 41.2151333 ], [ 29.3375976, 41.2148589 ], [ 29.337163, 41.214615 ], [ 29.336823, 41.214622 ], [ 29.3364711, 41.2146087 ], [ 29.3359239, 41.2148347 ], [ 29.3357093, 41.2149638 ], [ 29.3352909, 41.2150768 ], [ 29.3352051, 41.215335 ], [ 29.3349655, 41.2155271 ], [ 29.3343682, 41.2156498 ], [ 29.3342609, 41.215448 ], [ 29.3338747, 41.2154964 ], [ 29.3335206, 41.2160049 ], [ 29.3336816, 41.2163116 ], [ 29.3333919, 41.2163761 ], [ 29.333141, 41.216237 ], [ 29.332802, 41.216244 ], [ 29.3324799, 41.2166263 ], [ 29.3322976, 41.216586 ], [ 29.3319006, 41.2160533 ], [ 29.332104, 41.215744 ], [ 29.331929, 41.21562 ], [ 29.331755, 41.215495 ], [ 29.331465, 41.2153522 ], [ 29.3311002, 41.2153119 ], [ 29.3307676, 41.2157073 ], [ 29.3303277, 41.2153845 ], [ 29.3299951, 41.2155863 ], [ 29.3297055, 41.2159091 ], [ 29.3297269, 41.2163045 ], [ 29.3298771, 41.2164902 ], [ 29.3295874, 41.2165789 ], [ 29.329448, 41.216353 ], [ 29.329065, 41.216319 ], [ 29.3286111, 41.2162723 ], [ 29.328376, 41.216076 ], [ 29.328032, 41.215956 ], [ 29.3275168, 41.216587 ], [ 29.3277528, 41.2167888 ], [ 29.327385, 41.216867 ], [ 29.3273129, 41.217047 ], [ 29.3271305, 41.2170228 ], [ 29.3267121, 41.2167161 ], [ 29.3262079, 41.2165386 ], [ 29.3259826, 41.2165628 ], [ 29.3256607, 41.2164417 ], [ 29.325115, 41.2165415 ], [ 29.3246307, 41.2165224 ], [ 29.3241801, 41.2164095 ], [ 29.3239226, 41.2165144 ], [ 29.3237405, 41.2166835 ], [ 29.3233962, 41.216602 ], [ 29.3231609, 41.216353 ], [ 29.3226137, 41.2165547 ], [ 29.32194, 41.21672 ], [ 29.3202104, 41.216926 ], [ 29.3191789, 41.2167495 ], [ 29.3179466, 41.2173053 ], [ 29.3175524, 41.2175965 ], [ 29.31722, 41.217842 ], [ 29.317054, 41.217974 ], [ 29.3166377, 41.2183463 ], [ 29.3164339, 41.2184916 ], [ 29.3161657, 41.2187095 ], [ 29.3160477, 41.2190888 ], [ 29.3155863, 41.2193148 ], [ 29.3153396, 41.2190807 ], [ 29.3151277, 41.2192822 ], [ 29.314846, 41.219339 ], [ 29.314548, 41.219179 ], [ 29.314382, 41.219311 ], [ 29.3140843, 41.2193067 ], [ 29.3135693, 41.2192099 ], [ 29.313462, 41.2194116 ], [ 29.313363, 41.219332 ], [ 29.3132488, 41.219265 ], [ 29.3129363, 41.219339 ], [ 29.3126793, 41.2194068 ], [ 29.312432, 41.21946 ], [ 29.3122818, 41.2195246 ], [ 29.3118634, 41.2196376 ], [ 29.3116917, 41.2197021 ], [ 29.3114557, 41.219912 ], [ 29.311681, 41.2201621 ], [ 29.311209, 41.2201863 ], [ 29.3109981, 41.2202745 ], [ 29.3108336, 41.2202998 ], [ 29.3108374, 41.2203898 ], [ 29.310856, 41.220537 ], [ 29.3103926, 41.2206287 ], [ 29.3102357, 41.2206259 ], [ 29.3100114, 41.220848 ], [ 29.3099143, 41.2209436 ], [ 29.309705, 41.2208986 ], [ 29.309506, 41.22082 ], [ 29.309331, 41.220696 ], [ 29.3089881, 41.2205334 ], [ 29.308809, 41.220321 ], [ 29.30824, 41.2203561 ], [ 29.3080083, 41.2204432 ], [ 29.308001, 41.2205334 ], [ 29.3078364, 41.2206147 ], [ 29.3075506, 41.2205746 ], [ 29.3072071, 41.220606 ], [ 29.3068198, 41.2205669 ], [ 29.30643, 41.220369 ], [ 29.3058108, 41.2204179 ], [ 29.3053249, 41.2204432 ], [ 29.3047868, 41.2204994 ], [ 29.3042598, 41.2207384 ], [ 29.3041701, 41.2208592 ], [ 29.3041963, 41.2212303 ], [ 29.3040655, 41.221354 ], [ 29.3037179, 41.2212865 ], [ 29.3031387, 41.2211488 ], [ 29.302711, 41.220957 ], [ 29.3025482, 41.2210532 ], [ 29.301697, 41.221106 ], [ 29.3014532, 41.2214496 ], [ 29.3011691, 41.221517 ], [ 29.3007693, 41.2213793 ], [ 29.3005936, 41.2215058 ], [ 29.3005562, 41.2216857 ], [ 29.3004367, 41.2217616 ], [ 29.3002049, 41.2216941 ], [ 29.2997752, 41.2216267 ], [ 29.2994014, 41.2215901 ], [ 29.2989903, 41.2215817 ], [ 29.2986129, 41.2215732 ], [ 29.2981457, 41.2216885 ], [ 29.2978617, 41.2217728 ], [ 29.2972531, 41.2220624 ], [ 29.2971113, 41.2222442 ], [ 29.296886, 41.2221473 ], [ 29.2964341, 41.2217981 ], [ 29.296079, 41.2215564 ], [ 29.2954474, 41.2214861 ], [ 29.2945468, 41.2215676 ], [ 29.2941506, 41.2216548 ], [ 29.2934592, 41.2216913 ], [ 29.2928052, 41.2218684 ], [ 29.2921325, 41.2220174 ], [ 29.2908843, 41.2222395 ], [ 29.2902303, 41.2223238 ], [ 29.2898379, 41.222484 ], [ 29.2895165, 41.2227623 ], [ 29.2886494, 41.2228832 ], [ 29.2882608, 41.2229787 ], [ 29.2879095, 41.2230125 ], [ 29.28739, 41.2232317 ], [ 29.2870798, 41.2234088 ], [ 29.2864893, 41.2235718 ], [ 29.2864407, 41.2236562 ], [ 29.2864407, 41.2237349 ], [ 29.286422, 41.2238754 ], [ 29.2865229, 41.2240075 ], [ 29.286437, 41.2240666 ], [ 29.286162, 41.22411 ], [ 29.285839, 41.2240132 ], [ 29.2857381, 41.2238923 ], [ 29.2854989, 41.2238417 ], [ 29.2849869, 41.2240413 ], [ 29.284688, 41.2240862 ], [ 29.2843404, 41.224165 ], [ 29.2840825, 41.2242661 ], [ 29.2840265, 41.2243561 ], [ 29.2841386, 41.224446 ], [ 29.2842245, 41.2245219 ], [ 29.2841535, 41.2246259 ], [ 29.283802, 41.224671 ], [ 29.283462, 41.224677 ], [ 29.2832828, 41.2245332 ], [ 29.2829165, 41.2245669 ], [ 29.2825951, 41.2246456 ], [ 29.2824456, 41.2247215 ], [ 29.2822999, 41.2248396 ], [ 29.2823746, 41.2250054 ], [ 29.2823111, 41.2252106 ], [ 29.2821803, 41.2253483 ], [ 29.2819934, 41.2254242 ], [ 29.2817356, 41.225517 ], [ 29.2815973, 41.2256126 ], [ 29.2814627, 41.2257671 ], [ 29.2814553, 41.2259217 ], [ 29.2811824, 41.2260735 ], [ 29.2810068, 41.2260426 ], [ 29.2809022, 41.2260257 ], [ 29.280719, 41.2261241 ], [ 29.2805808, 41.2262281 ], [ 29.2803715, 41.2263209 ], [ 29.2801996, 41.2263743 ], [ 29.2799678, 41.2264052 ], [ 29.2796278, 41.2264895 ], [ 29.2794484, 41.226571 ], [ 29.2795493, 41.2267481 ], [ 29.2794073, 41.2269252 ], [ 29.2790223, 41.2271979 ], [ 29.2788392, 41.2273553 ], [ 29.2785253, 41.2274311 ], [ 29.2783571, 41.2274227 ], [ 29.2781628, 41.2273946 ], [ 29.2780245, 41.2274002 ], [ 29.278124, 41.227607 ], [ 29.277958, 41.227739 ], [ 29.277793, 41.22787 ], [ 29.2772883, 41.2280017 ], [ 29.2768136, 41.2280242 ], [ 29.2765857, 41.2280804 ], [ 29.276268, 41.228029 ], [ 29.276094, 41.227904 ], [ 29.2754981, 41.2278359 ], [ 29.2754084, 41.2278921 ], [ 29.2752066, 41.2278612 ], [ 29.2749525, 41.2278584 ], [ 29.274788, 41.2278162 ], [ 29.2745974, 41.2278499 ], [ 29.2744442, 41.22776 ], [ 29.2741789, 41.2277825 ], [ 29.2739285, 41.2277207 ], [ 29.2738089, 41.227805 ], [ 29.2735772, 41.2278134 ], [ 29.2734501, 41.2277122 ], [ 29.2732147, 41.2276701 ], [ 29.2730217, 41.2277103 ], [ 29.2725046, 41.2278247 ], [ 29.2721682, 41.2277797 ], [ 29.2718581, 41.2278022 ], [ 29.2714544, 41.2280102 ], [ 29.2713199, 41.2280832 ], [ 29.2712115, 41.2282491 ], [ 29.2712593, 41.2284406 ], [ 29.2714395, 41.2286763 ], [ 29.2715516, 41.2289546 ], [ 29.2714888, 41.2292648 ], [ 29.2711445, 41.2294459 ], [ 29.2709713, 41.2294154 ], [ 29.270924, 41.2295474 ], [ 29.2707237, 41.2296151 ], [ 29.2703749, 41.2295508 ], [ 29.2701162, 41.2294865 ], [ 29.2700126, 41.2293884 ], [ 29.2698911, 41.2293765 ], [ 29.2697764, 41.2294831 ], [ 29.2697021, 41.229429 ], [ 29.2697651, 41.229319 ], [ 29.2695896, 41.2292767 ], [ 29.2695311, 41.2291244 ], [ 29.269499, 41.228933 ], [ 29.2693151, 41.2291531 ], [ 29.2690698, 41.228906 ], [ 29.2687615, 41.2288265 ], [ 29.2684577, 41.2287351 ], [ 29.2681539, 41.2286268 ], [ 29.2679154, 41.2283831 ], [ 29.2679784, 41.2282206 ], [ 29.2679672, 41.2280548 ], [ 29.2677759, 41.2279989 ], [ 29.2676521, 41.2280226 ], [ 29.2676544, 41.2282308 ], [ 29.2675914, 41.2284203 ], [ 29.2676521, 41.2285506 ], [ 29.2675306, 41.2288265 ], [ 29.2673911, 41.228813 ], [ 29.2671593, 41.2291024 ], [ 29.2673889, 41.2293291 ], [ 29.2676746, 41.2295271 ], [ 29.2675171, 41.2298521 ], [ 29.2671368, 41.2301178 ], [ 29.2669208, 41.230221 ], [ 29.2665765, 41.2304884 ], [ 29.26632, 41.230407 ], [ 29.2659046, 41.2301772 ], [ 29.2655954, 41.2301888 ], [ 29.2654604, 41.230243 ], [ 29.2653906, 41.2303378 ], [ 29.2653659, 41.2304444 ], [ 29.2654514, 41.2305629 ], [ 29.2657034, 41.2307524 ], [ 29.2657169, 41.2309927 ], [ 29.2654311, 41.2312144 ], [ 29.2648663, 41.2312956 ], [ 29.264504, 41.2310689 ], [ 29.2641125, 41.2310604 ], [ 29.263928, 41.2309741 ], [ 29.2638019, 41.2307744 ], [ 29.263271, 41.230723 ], [ 29.2629739, 41.2306813 ], [ 29.262346, 41.2306322 ], [ 29.2621143, 41.2305527 ], [ 29.261563, 41.2305 ], [ 29.2609306, 41.230463 ], [ 29.2604378, 41.2304715 ], [ 29.2599968, 41.2304918 ], [ 29.259693, 41.2304613 ], [ 29.2593959, 41.2305104 ], [ 29.2590584, 41.2306424 ], [ 29.258853, 41.23081 ], [ 29.2586669, 41.2308082 ], [ 29.2584283, 41.2306762 ], [ 29.2581763, 41.2306221 ], [ 29.2580638, 41.2305273 ], [ 29.2579198, 41.2304698 ], [ 29.257508, 41.2306136 ], [ 29.2571637, 41.2308658 ], [ 29.2568599, 41.2311772 ], [ 29.2566664, 41.2314716 ], [ 29.2566596, 41.2316781 ], [ 29.2567744, 41.2319066 ], [ 29.2566934, 41.2320622 ], [ 29.2567249, 41.2322484 ], [ 29.2569445, 41.2324946 ], [ 29.2571008, 41.2328307 ], [ 29.2574652, 41.2329612 ], [ 29.257411, 41.233219 ], [ 29.2570769, 41.2334654 ], [ 29.2571203, 41.233622 ], [ 29.2573871, 41.2338031 ], [ 29.2574045, 41.2339728 ], [ 29.2572353, 41.2341213 ], [ 29.2570986, 41.2341441 ], [ 29.2569901, 41.2341131 ], [ 29.256912, 41.2343481 ], [ 29.2569597, 41.2345422 ], [ 29.2571225, 41.2346467 ], [ 29.2570313, 41.2350236 ], [ 29.2568187, 41.2350529 ], [ 29.2565193, 41.2351443 ], [ 29.2563501, 41.2353335 ], [ 29.2561093, 41.2353058 ], [ 29.2560311, 41.2351524 ], [ 29.2561136, 41.2348735 ], [ 29.2559943, 41.2346793 ], [ 29.2554736, 41.2344966 ], [ 29.25489, 41.234225 ], [ 29.2541761, 41.2340936 ], [ 29.2532476, 41.2341572 ], [ 29.2531664, 41.2341273 ], [ 29.2530987, 41.2341131 ], [ 29.2529469, 41.2340641 ], [ 29.2528087, 41.2340254 ], [ 29.2526704, 41.2340478 ], [ 29.2525012, 41.2339059 ], [ 29.2524103, 41.2339418 ], [ 29.2521671, 41.2339908 ], [ 29.2520471, 41.2339724 ], [ 29.251935, 41.233888 ], [ 29.2518302, 41.2340071 ], [ 29.2518357, 41.2340886 ], [ 29.2516963, 41.2341099 ], [ 29.251321, 41.2338749 ], [ 29.2511445, 41.2337727 ], [ 29.251112, 41.2336993 ], [ 29.2510225, 41.2335852 ], [ 29.2508897, 41.2335281 ], [ 29.2507569, 41.2333854 ], [ 29.250602, 41.233154 ], [ 29.2504751, 41.2331082 ], [ 29.2502393, 41.233043 ], [ 29.2500766, 41.2329023 ], [ 29.2499032, 41.2328758 ], [ 29.2497487, 41.2328025 ], [ 29.2494831, 41.2326047 ], [ 29.248819, 41.2323316 ], [ 29.2486781, 41.2322847 ], [ 29.2484884, 41.2322847 ], [ 29.2481875, 41.2323581 ], [ 29.2478812, 41.2324254 ], [ 29.2477349, 41.2323948 ], [ 29.2475804, 41.2323071 ], [ 29.247453, 41.2321767 ], [ 29.247335, 41.232062 ], [ 29.246996, 41.232069 ], [ 29.2463011, 41.2320197 ], [ 29.2457184, 41.2319015 ], [ 29.2454528, 41.2317018 ], [ 29.2453091, 41.2316508 ], [ 29.2452685, 41.2315795 ], [ 29.2453443, 41.2314714 ], [ 29.2454528, 41.2314246 ], [ 29.2455259, 41.2313981 ], [ 29.2455619, 41.2313095 ], [ 29.2453389, 41.2309231 ], [ 29.2451473, 41.2306523 ], [ 29.2450206, 41.2304039 ], [ 29.2450852, 41.2302377 ], [ 29.2451125, 41.2300641 ], [ 29.2448543, 41.2299577 ], [ 29.2446482, 41.2300305 ], [ 29.2443726, 41.2298064 ], [ 29.2443925, 41.2296701 ], [ 29.2444645, 41.229601 ], [ 29.2442981, 41.2292705 ], [ 29.2440995, 41.2291099 ], [ 29.2440548, 41.2289998 ], [ 29.2437569, 41.2288877 ], [ 29.2434887, 41.228757 ], [ 29.243309, 41.228676 ], [ 29.243135, 41.228551 ], [ 29.242446, 41.228307 ], [ 29.2418228, 41.228025 ], [ 29.2413709, 41.2278775 ], [ 29.2407899, 41.2280325 ], [ 29.2399855, 41.2281726 ], [ 29.2395957, 41.2282379 ], [ 29.2387069, 41.228561 ], [ 29.2382947, 41.2289064 ], [ 29.2382819, 41.229254 ], [ 29.2378392, 41.2293418 ], [ 29.2375564, 41.2291939 ], [ 29.2371106, 41.2290713 ], [ 29.2370246, 41.2288679 ], [ 29.2368401, 41.2287176 ], [ 29.236419, 41.2286112 ], [ 29.2361484, 41.2286806 ], [ 29.2360009, 41.2285812 ], [ 29.2357427, 41.2285303 ], [ 29.2356074, 41.2287222 ], [ 29.2353522, 41.2288332 ], [ 29.2351002, 41.2289303 ], [ 29.2348266, 41.2290482 ], [ 29.2346513, 41.2294274 ], [ 29.2347866, 41.2295037 ], [ 29.234802, 41.2295892 ], [ 29.2347651, 41.229788 ], [ 29.2345714, 41.2298389 ], [ 29.2341072, 41.2301233 ], [ 29.234141, 41.2299614 ], [ 29.2338767, 41.2298759 ], [ 29.2338828, 41.229751 ], [ 29.2339074, 41.2296933 ], [ 29.2337629, 41.2296008 ], [ 29.2335662, 41.2295823 ], [ 29.2332526, 41.229617 ], [ 29.2331604, 41.2297649 ], [ 29.2329729, 41.2298759 ], [ 29.2326562, 41.2299915 ], [ 29.2324687, 41.2298112 ], [ 29.2326993, 41.2296077 ], [ 29.2330467, 41.2293326 ], [ 29.233102, 41.2290944 ], [ 29.2330344, 41.2289095 ], [ 29.2327976, 41.2286806 ], [ 29.2319092, 41.2289511 ], [ 29.231279, 41.2290066 ], [ 29.2305535, 41.2287245 ], [ 29.2304121, 41.2285673 ], [ 29.2302861, 41.2285881 ], [ 29.229536, 41.2286991 ], [ 29.2292839, 41.2285858 ], [ 29.2293761, 41.2284679 ], [ 29.2292347, 41.2282899 ], [ 29.2289027, 41.2281535 ], [ 29.2287582, 41.2281558 ], [ 29.2273165, 41.2287615 ], [ 29.2265009, 41.2291071 ], [ 29.2258753, 41.2292771 ], [ 29.2256125, 41.2293247 ], [ 29.2249986, 41.2295638 ], [ 29.2250163, 41.229721 ], [ 29.2247963, 41.2300868 ], [ 29.2247202, 41.2301791 ], [ 29.2246483, 41.2302395 ], [ 29.2243715, 41.2303984 ], [ 29.2239472, 41.230581 ], [ 29.2237136, 41.2305232 ], [ 29.2233939, 41.2303868 ], [ 29.2232483, 41.230284 ], [ 29.2230588, 41.2301256 ], [ 29.2229607, 41.2300041 ], [ 29.2230241, 41.2298769 ], [ 29.2231326, 41.2293534 ], [ 29.2228959, 41.229143 ], [ 29.2227084, 41.2291314 ], [ 29.222029, 41.229143 ], [ 29.2213957, 41.2291176 ], [ 29.2200523, 41.228995 ], [ 29.2197603, 41.2289187 ], [ 29.2194959, 41.2289465 ], [ 29.2192174, 41.2291134 ], [ 29.2190102, 41.2291898 ], [ 29.218669, 41.2294089 ], [ 29.2186536, 41.2294621 ], [ 29.2185982, 41.2294713 ], [ 29.2185737, 41.2295707 ], [ 29.2186321, 41.2295869 ], [ 29.2186321, 41.2296331 ], [ 29.2185706, 41.2296331 ], [ 29.2184999, 41.2297788 ], [ 29.2188964, 41.2301002 ], [ 29.2189794, 41.2302689 ], [ 29.2187981, 41.2303938 ], [ 29.2186075, 41.2304955 ], [ 29.218506, 41.2306435 ], [ 29.2185982, 41.2308816 ], [ 29.2186444, 41.2310989 ], [ 29.2186259, 41.231344 ], [ 29.2184599, 41.2313925 ], [ 29.2183554, 41.231344 ], [ 29.2183431, 41.2311544 ], [ 29.2184138, 41.2310897 ], [ 29.2183369, 41.2308538 ], [ 29.2182201, 41.2307036 ], [ 29.2180142, 41.2306966 ], [ 29.2176736, 41.2307516 ], [ 29.2174918, 41.2308598 ], [ 29.2172487, 41.2309926 ], [ 29.2169413, 41.2309741 ], [ 29.2166031, 41.2308099 ], [ 29.2160867, 41.2307961 ], [ 29.2156348, 41.2308238 ], [ 29.2153827, 41.2310134 ], [ 29.2151522, 41.2312284 ], [ 29.2150599, 41.2313093 ], [ 29.2149523, 41.2312723 ], [ 29.2150384, 41.2311382 ], [ 29.2148078, 41.2309694 ], [ 29.2149056, 41.2308369 ], [ 29.2148907, 41.2307059 ], [ 29.2147781, 41.2305413 ], [ 29.2146082, 41.2304455 ], [ 29.214211, 41.2304087 ], [ 29.2140612, 41.2303019 ], [ 29.2138824, 41.2299832 ], [ 29.214038, 41.2296223 ], [ 29.2144286, 41.229209 ], [ 29.2145974, 41.2291543 ], [ 29.2146558, 41.2290578 ], [ 29.2147596, 41.2290397 ], [ 29.214882, 41.22898 ], [ 29.2148887, 41.2288954 ], [ 29.2147827, 41.2288605 ], [ 29.214935, 41.2286464 ], [ 29.2151005, 41.2283502 ], [ 29.2152263, 41.2283029 ], [ 29.2153057, 41.2281958 ], [ 29.21518, 41.2281211 ], [ 29.2152325, 41.2279848 ], [ 29.2155286, 41.2276404 ], [ 29.2155683, 41.2275991 ], [ 29.2157575, 41.2273902 ], [ 29.2160903, 41.2270848 ], [ 29.2160231, 41.2269608 ], [ 29.2160658, 41.2269379 ], [ 29.2161666, 41.2270343 ], [ 29.2163375, 41.2269631 ], [ 29.2166933, 41.2264001 ], [ 29.2168493, 41.2260131 ], [ 29.2166145, 41.2257237 ], [ 29.2162764, 41.2254341 ], [ 29.2160592, 41.2251816 ], [ 29.2154298, 41.2246377 ], [ 29.215262, 41.2245356 ], [ 29.2150646, 41.2244948 ], [ 29.2147437, 41.2247658 ], [ 29.2146721, 41.2247342 ], [ 29.2152126, 41.2242405 ], [ 29.2147264, 41.2239434 ], [ 29.2139638, 41.2245653 ], [ 29.2139095, 41.2245319 ], [ 29.2145586, 41.223884 ], [ 29.2143463, 41.223704 ], [ 29.2141563, 41.2234775 ], [ 29.2136577, 41.2232324 ], [ 29.2134232, 41.2231136 ], [ 29.2129009, 41.222928 ], [ 29.2124804, 41.2227572 ], [ 29.2119794, 41.2226142 ], [ 29.2117252, 41.2224992 ], [ 29.2114487, 41.2223525 ], [ 29.2111995, 41.2223191 ], [ 29.2105921, 41.222134 ], [ 29.2100857, 41.2220888 ], [ 29.2092445, 41.2219532 ], [ 29.2087757, 41.221842 ], [ 29.2082031, 41.22179 ], [ 29.2076182, 41.2216489 ], [ 29.207443, 41.2216359 ], [ 29.2071961, 41.2216545 ], [ 29.2069691, 41.2215505 ], [ 29.2066112, 41.2215301 ], [ 29.2062891, 41.2214965 ], [ 29.2058946, 41.2214952 ], [ 29.2056101, 41.2215056 ], [ 29.2053659, 41.2215099 ], [ 29.2051701, 41.221523 ], [ 29.2049551, 41.2215004 ], [ 29.2044787, 41.2215338 ], [ 29.2043528, 41.2215152 ], [ 29.2042832, 41.2214949 ], [ 29.2041751, 41.2214633 ], [ 29.2036692, 41.2215041 ], [ 29.2029555, 41.2215099 ], [ 29.2023246, 41.2216735 ], [ 29.2018329, 41.2219032 ], [ 29.2016897, 41.2219144 ], [ 29.2014144, 41.2220356 ], [ 29.2011912, 41.2223074 ], [ 29.2011327, 41.2225413 ], [ 29.2011354, 41.2226572 ], [ 29.2013278, 41.2228476 ], [ 29.2015851, 41.2230782 ], [ 29.2018778, 41.2231817 ], [ 29.2019443, 41.2234154 ], [ 29.2017319, 41.223661 ], [ 29.2014941, 41.2238256 ], [ 29.2011295, 41.2238089 ], [ 29.2007046, 41.2239186 ], [ 29.2003939, 41.2239067 ], [ 29.2000788, 41.2240472 ], [ 29.1997091, 41.2238995 ], [ 29.1995972, 41.2236834 ], [ 29.1994591, 41.2235512 ], [ 29.199438, 41.223362 ], [ 29.1997173, 41.223154 ], [ 29.2000367, 41.2229053 ], [ 29.2004045, 41.2227052 ], [ 29.2005155, 41.2226634 ], [ 29.2007046, 41.222613386146094 ], [ 29.2008331, 41.2225794 ], [ 29.2008962, 41.2224294 ], [ 29.2008932, 41.2222631 ], [ 29.2007128, 41.2219137 ], [ 29.2007046, 41.221903339660059 ], [ 29.2005716, 41.2217353 ], [ 29.2002384, 41.2214735 ], [ 29.1999323, 41.2212675 ], [ 29.1995646, 41.2210391 ], [ 29.199261, 41.2208683 ], [ 29.1988414, 41.2206734 ], [ 29.1984441, 41.2205397 ], [ 29.1980367, 41.2204664 ], [ 29.1979251, 41.2204464 ], [ 29.1978028, 41.2203765 ], [ 29.1975679, 41.220317 ], [ 29.1973377, 41.2202965 ], [ 29.1971359, 41.2202947 ], [ 29.1964177, 41.2203132 ], [ 29.1960154, 41.2202241 ], [ 29.1956674, 41.2202056 ], [ 29.1948406, 41.2201981 ], [ 29.1941594, 41.2202464 ], [ 29.1940705, 41.2201963 ], [ 29.1937028, 41.2201777 ], [ 29.1925353, 41.2201981 ], [ 29.1921182, 41.2201926 ], [ 29.1914469, 41.2202928 ], [ 29.1903807, 41.2204079 ], [ 29.1898969, 41.2204599 ], [ 29.1892428, 41.2204655 ], [ 29.1887418, 41.2205267 ], [ 29.1883296, 41.2206121 ], [ 29.1881569, 41.2206381 ], [ 29.1879718, 41.22064 ], [ 29.1878098, 41.2206407 ], [ 29.1876003, 41.2206407 ], [ 29.1871227, 41.2206453 ], [ 29.1862847, 41.2207427 ], [ 29.1855914, 41.2208817 ], [ 29.185234, 41.2208678 ], [ 29.1843553, 41.2208946 ], [ 29.1838947, 41.2209082 ], [ 29.1835049, 41.2212234 ], [ 29.1829386, 41.2210958 ], [ 29.18265, 41.221043 ], [ 29.1823201, 41.221049 ], [ 29.1823724, 41.2211368 ], [ 29.182485, 41.2211539 ], [ 29.1827774, 41.2211277 ], [ 29.1827828, 41.2211862 ], [ 29.1825843, 41.2212387 ], [ 29.182371, 41.2214145 ], [ 29.1823147, 41.2215282 ], [ 29.1823657, 41.2217047 ], [ 29.1823684, 41.2217703 ], [ 29.1823044, 41.2217713 ], [ 29.1822034, 41.2217249 ], [ 29.1820639, 41.2217289 ], [ 29.1819687, 41.2216795 ], [ 29.1818467, 41.2216956 ], [ 29.1817466, 41.2216382 ], [ 29.1815945, 41.2215877 ], [ 29.1814301, 41.2215922 ], [ 29.1814846, 41.2214727 ], [ 29.1814296, 41.2214606 ], [ 29.1812861, 41.2215877 ], [ 29.1810903, 41.2215846 ], [ 29.1809396, 41.2217221 ], [ 29.1808382, 41.2217894 ], [ 29.1807885, 41.2217743 ], [ 29.1807805, 41.2216442 ], [ 29.1805793, 41.2216694 ], [ 29.180386, 41.2217536 ], [ 29.1801877, 41.2216885 ], [ 29.1802119, 41.2215806 ], [ 29.1801493, 41.2214795 ], [ 29.17971, 41.2213585 ], [ 29.1794595, 41.2214697 ], [ 29.179342, 41.2215987 ], [ 29.178957, 41.221808 ], [ 29.1785501, 41.2219034 ], [ 29.1784818, 41.2221485 ], [ 29.1783142, 41.2221818 ], [ 29.1782096, 41.2221465 ], [ 29.1781734, 41.2222827 ], [ 29.1780621, 41.2223109 ], [ 29.1779944, 41.2222904 ], [ 29.1778073, 41.2224612 ], [ 29.1776276, 41.2224209 ], [ 29.1775605, 41.2225177 ], [ 29.1775256, 41.2224935 ], [ 29.1774854, 41.2223583 ], [ 29.1772011, 41.2224209 ], [ 29.1771214, 41.2225058 ], [ 29.1769865, 41.2225641 ], [ 29.1768095, 41.2224653 ], [ 29.176721, 41.2224653 ], [ 29.1766378, 41.2225238 ], [ 29.1765661, 41.2225243 ], [ 29.1765755, 41.2225666 ], [ 29.1765198, 41.2225636 ], [ 29.1763589, 41.2225374 ], [ 29.1764353, 41.2224743 ], [ 29.1765153, 41.2224382 ], [ 29.1765077, 41.2223831 ], [ 29.1766327, 41.2222689 ], [ 29.1765965, 41.2219478 ], [ 29.1764394, 41.2217868 ], [ 29.1762314, 41.2216951 ], [ 29.1760474, 41.2215859 ], [ 29.175782, 41.221546 ], [ 29.1756749, 41.2216744 ], [ 29.1755247, 41.2216724 ], [ 29.1754174, 41.2216785 ], [ 29.1753316, 41.22162 ], [ 29.1748983, 41.2216875 ], [ 29.1747817, 41.2218842 ], [ 29.1745591, 41.2218963 ], [ 29.1744786, 41.2220053 ], [ 29.174235, 41.222044 ], [ 29.1740951, 41.2221746 ], [ 29.1740949, 41.2223972 ], [ 29.1739798, 41.2225238 ], [ 29.1738161, 41.2224592 ], [ 29.1735866, 41.2226018 ], [ 29.1733003, 41.2229439 ], [ 29.1732743, 41.2231391 ], [ 29.1730237, 41.2234344 ], [ 29.1731939, 41.2235042 ], [ 29.1731375, 41.2236293 ], [ 29.1732435, 41.2237955 ], [ 29.1731878, 41.2239527 ], [ 29.1727115, 41.2241859 ], [ 29.1724402, 41.2242103 ], [ 29.1723463, 41.2244282 ], [ 29.1722199, 41.2244565 ], [ 29.1720539, 41.2243576 ], [ 29.1719386, 41.2244544 ], [ 29.1717482, 41.224402 ], [ 29.1713462, 41.2245187 ], [ 29.1712412, 41.2244625 ], [ 29.1713136, 41.2242668 ], [ 29.171078, 41.2242803 ], [ 29.1705485, 41.2245127 ], [ 29.1700416, 41.2247186 ], [ 29.1698626, 41.2248498 ], [ 29.1694617, 41.2248527 ], [ 29.1689184, 41.2247853 ], [ 29.1687014, 41.2246771 ], [ 29.1684839, 41.2247389 ], [ 29.1683042, 41.2246396 ], [ 29.168492, 41.224523 ], [ 29.1683471, 41.2244504 ], [ 29.1683817, 41.2242871 ], [ 29.1680336, 41.2241829 ], [ 29.1677161, 41.2243174 ], [ 29.1674888, 41.2244101 ], [ 29.1671455, 41.2243152 ], [ 29.1667914, 41.2244625 ], [ 29.1667244, 41.2243273 ], [ 29.1665152, 41.2243132 ], [ 29.1665119, 41.2244276 ], [ 29.166239, 41.2245343 ], [ 29.1654468, 41.224459 ], [ 29.1651177, 41.2243314 ], [ 29.164942, 41.2241533 ], [ 29.1647556, 41.2237746 ], [ 29.1648093, 41.2236455 ], [ 29.164685, 41.2235786 ], [ 29.164702, 41.2234518 ], [ 29.1648763, 41.2232904 ], [ 29.1646484, 41.2231492 ], [ 29.1645955, 41.2228135 ], [ 29.1642621, 41.2227356 ], [ 29.164423, 41.2226307 ], [ 29.1643392, 41.2225393 ], [ 29.1642312, 41.2225366 ], [ 29.1642514, 41.2223987 ], [ 29.1639993, 41.2223442 ], [ 29.1640663, 41.2221223 ], [ 29.1638786, 41.2221808 ], [ 29.1638599, 41.2223253 ], [ 29.1635772, 41.2222641 ], [ 29.1633368, 41.2220638 ], [ 29.1632676, 41.2218456 ], [ 29.1633046, 41.2212992 ], [ 29.1636559, 41.221162 ], [ 29.163495, 41.2209199 ], [ 29.1632549, 41.2208293 ], [ 29.1630073, 41.2204997 ], [ 29.1629505, 41.2203691 ], [ 29.163259, 41.2200463 ], [ 29.1631888, 41.2198237 ], [ 29.1629754, 41.2196395 ], [ 29.1623085, 41.2199929 ], [ 29.1622062, 41.2199545 ], [ 29.1624127, 41.2198829 ], [ 29.162288, 41.2197487 ], [ 29.1620949, 41.2197637 ], [ 29.1621043, 41.2197023 ], [ 29.1623088, 41.2196131 ], [ 29.1627453, 41.2194161 ], [ 29.1625969, 41.2191797 ], [ 29.1627104, 41.2187856 ], [ 29.1627017, 41.218339 ], [ 29.1625182, 41.2181148 ], [ 29.1627541, 41.2180501 ], [ 29.1626481, 41.2179382 ], [ 29.1621114, 41.2175379 ], [ 29.162021, 41.2174759 ], [ 29.1613671, 41.2171618 ], [ 29.1609906, 41.2170849 ], [ 29.1607547, 41.2171043 ], [ 29.1606143, 41.2172409 ], [ 29.1606264, 41.2173488 ], [ 29.1605942, 41.2173831 ], [ 29.1605124, 41.2173519 ], [ 29.160393, 41.2174336 ], [ 29.1604261, 41.2174924 ], [ 29.1603327, 41.2176353 ], [ 29.1602911, 41.2177513 ], [ 29.1603152, 41.2178159 ], [ 29.160195, 41.2179635 ], [ 29.1599397, 41.2180338 ], [ 29.1596889, 41.2180298 ], [ 29.1591941, 41.2180883 ], [ 29.1590912, 41.2181567 ], [ 29.1585933, 41.2181629 ], [ 29.1585168, 41.2182961 ], [ 29.158408, 41.2183157 ], [ 29.1578972, 41.2183122 ], [ 29.1577914, 41.2182745 ], [ 29.157562, 41.2183253 ], [ 29.1572934, 41.218483 ], [ 29.1570414, 41.2184412 ], [ 29.1568327, 41.2185144 ], [ 29.1567452, 41.2186189 ], [ 29.1568767, 41.2186532 ], [ 29.156893, 41.2186897 ], [ 29.1567868, 41.2186946 ], [ 29.15668, 41.218719 ], [ 29.1566318, 41.2189205 ], [ 29.1564268, 41.218953 ], [ 29.1562468, 41.2189023 ], [ 29.155852, 41.2189649 ], [ 29.1557108, 41.2189453 ], [ 29.15562, 41.2189861 ], [ 29.1555141, 41.2190497 ], [ 29.1555879, 41.2191021 ], [ 29.1555787, 41.2191625 ], [ 29.1554108, 41.2191566 ], [ 29.1552727, 41.2190981 ], [ 29.155126, 41.2190781 ], [ 29.155097, 41.2189761 ], [ 29.155042, 41.218979 ], [ 29.154987, 41.2189639 ], [ 29.1549763, 41.2189054 ], [ 29.1549763, 41.2188277 ], [ 29.1550286, 41.2188257 ], [ 29.1550648, 41.2188075 ], [ 29.1550514, 41.2187692 ], [ 29.1549669, 41.2187329 ], [ 29.1549133, 41.2187319 ], [ 29.1548248, 41.2186946 ], [ 29.1547859, 41.2187268 ], [ 29.1547993, 41.2187682 ], [ 29.1548865, 41.2188015 ], [ 29.1549133, 41.218857 ], [ 29.1549227, 41.2189669 ], [ 29.1547169, 41.2189787 ], [ 29.1547872, 41.2190739 ], [ 29.1548704, 41.2191364 ], [ 29.1548681, 41.2192069 ], [ 29.1547002, 41.2193181 ], [ 29.1546719, 41.2193947 ], [ 29.1545906, 41.219403 ], [ 29.1545083, 41.2194199 ], [ 29.1545712, 41.219501 ], [ 29.1545539, 41.2195409 ], [ 29.1541824, 41.2195258 ], [ 29.1541435, 41.2195873 ], [ 29.1540356, 41.2196045 ], [ 29.153886, 41.2195147 ], [ 29.1539517, 41.2194895 ], [ 29.153886, 41.2194289 ], [ 29.1539277, 41.2193989 ], [ 29.1540697, 41.2193836 ], [ 29.1540818, 41.21943 ], [ 29.1541958, 41.2194491 ], [ 29.1543634, 41.2194118 ], [ 29.1544596, 41.219357 ], [ 29.1543024, 41.2192322 ], [ 29.1540708, 41.2189472 ], [ 29.1538632, 41.2187735 ], [ 29.1538492, 41.2187007 ], [ 29.1537657, 41.2186455 ], [ 29.1536701, 41.2184555 ], [ 29.1535254, 41.2183719 ], [ 29.1534193, 41.2183475 ], [ 29.1533388, 41.2183485 ], [ 29.1532476, 41.2182719 ], [ 29.1532087, 41.2182981 ], [ 29.153316, 41.218401 ], [ 29.1533697, 41.2184656 ], [ 29.1531575, 41.218472 ], [ 29.1530452, 41.2183259 ], [ 29.1528963, 41.2183385 ], [ 29.1528457, 41.2184482 ], [ 29.1526978, 41.2184928 ], [ 29.1524319, 41.218442 ], [ 29.1523813, 41.2183375 ], [ 29.152341, 41.2183435 ], [ 29.1523102, 41.2182376 ], [ 29.1523292, 41.218142 ], [ 29.1521962, 41.218051 ], [ 29.1519454, 41.2180015 ], [ 29.1520023, 41.2181238 ], [ 29.1520149, 41.218234 ], [ 29.1518228, 41.2184441 ], [ 29.1518169, 41.2185256 ], [ 29.151753, 41.2185492 ], [ 29.1515522, 41.2186149 ], [ 29.1513863, 41.2185361 ], [ 29.1514387, 41.2183128 ], [ 29.1508886, 41.2182011 ], [ 29.1507315, 41.2180763 ], [ 29.1506092, 41.2177545 ], [ 29.1506791, 41.2175903 ], [ 29.1508362, 41.2173802 ], [ 29.151072, 41.2174196 ], [ 29.1512728, 41.2173342 ], [ 29.1513374, 41.2172126 ], [ 29.1513093, 41.2170798 ], [ 29.151395, 41.2171043 ], [ 29.1513863, 41.2168942 ], [ 29.151622, 41.2169139 ], [ 29.1518839, 41.2166052 ], [ 29.1520586, 41.2160798 ], [ 29.1521493, 41.21611 ], [ 29.1522163, 41.2160313 ], [ 29.1522995, 41.2160515 ], [ 29.152336, 41.2159431 ], [ 29.1523132, 41.2157247 ], [ 29.1521668, 41.2153203 ], [ 29.1520411, 41.2151521 ], [ 29.1518247, 41.2151845 ], [ 29.151763, 41.2151294 ], [ 29.1518717, 41.215079 ], [ 29.1520565, 41.2150234 ], [ 29.1522157, 41.2149207 ], [ 29.1522083, 41.214742 ], [ 29.1521312, 41.2145444 ], [ 29.1520742, 41.2144838 ], [ 29.1520326, 41.2144989 ], [ 29.1519065, 41.2144011 ], [ 29.1519628, 41.2143325 ], [ 29.151902, 41.2142822 ], [ 29.1516442, 41.2141251 ], [ 29.1513601, 41.2138664 ], [ 29.1508989, 41.2138177 ], [ 29.1505918, 41.2138073 ], [ 29.1505598, 41.2136175 ], [ 29.1502425, 41.2133147 ], [ 29.149902, 41.2130388 ], [ 29.1493104, 41.2130752 ], [ 29.1488805, 41.2129141 ], [ 29.148313, 41.2129535 ], [ 29.1479899, 41.2128221 ], [ 29.1478589, 41.2125988 ], [ 29.1481209, 41.2124214 ], [ 29.1480161, 41.2120602 ], [ 29.1477018, 41.2119026 ], [ 29.1471998, 41.2119912 ], [ 29.1469699, 41.2120403 ], [ 29.1467899, 41.2119215 ], [ 29.1466078, 41.2118446 ], [ 29.1465917, 41.2119899 ], [ 29.1463959, 41.2121009 ], [ 29.1461161, 41.2121457 ], [ 29.1458836, 41.2120262 ], [ 29.1457334, 41.2120484 ], [ 29.1456825, 41.2121614 ], [ 29.1454882, 41.2122027 ], [ 29.1453379, 41.2121386 ], [ 29.1453364, 41.2120403 ], [ 29.1450864, 41.2120013 ], [ 29.1449261, 41.2120504 ], [ 29.1447785, 41.212232 ], [ 29.1444701, 41.2122502 ], [ 29.1440962, 41.2123419 ], [ 29.1439571, 41.2125375 ], [ 29.1437786, 41.2128017 ], [ 29.14368, 41.2128389 ], [ 29.143483, 41.2123712 ], [ 29.142488, 41.2126238 ], [ 29.1421741, 41.2127304 ], [ 29.1417477, 41.2126356 ], [ 29.1417306, 41.213002 ], [ 29.1416323, 41.2129846 ], [ 29.1415582, 41.2123665 ], [ 29.141466, 41.2123511 ], [ 29.1414794, 41.2125246 ], [ 29.141286, 41.212521 ], [ 29.1411576, 41.212569 ], [ 29.1409313, 41.2125322 ], [ 29.1407546, 41.2124062 ], [ 29.1404656, 41.2125084 ], [ 29.1403747, 41.2122609 ], [ 29.1401705, 41.2123168 ], [ 29.1400552, 41.2121412 ], [ 29.1398621, 41.2120356 ], [ 29.1395965, 41.2119375 ], [ 29.1396663, 41.2117921 ], [ 29.1394463, 41.2118365 ], [ 29.1393042, 41.2117074 ], [ 29.1395627, 41.211652 ], [ 29.1390842, 41.2115419 ], [ 29.1388535, 41.2115177 ], [ 29.138867, 41.2113906 ], [ 29.1381472, 41.2114948 ], [ 29.1376342, 41.2113313 ], [ 29.137556, 41.2112446 ], [ 29.1373657, 41.21069 ], [ 29.137138, 41.210417 ], [ 29.136951, 41.209907 ], [ 29.136777, 41.209781 ], [ 29.1365978, 41.2096452 ], [ 29.1362116, 41.2096129 ], [ 29.1361396, 41.2097084 ], [ 29.1361472, 41.2098692 ], [ 29.1360077, 41.2098167 ], [ 29.1359407, 41.2097017 ], [ 29.1358092, 41.2096714 ], [ 29.1357985, 41.2096109 ], [ 29.1358763, 41.2095988 ], [ 29.1358817, 41.2094353 ], [ 29.135736, 41.2092909 ], [ 29.1350582, 41.2089591 ], [ 29.1349119, 41.2089413 ], [ 29.1347578, 41.2088623 ], [ 29.1345486, 41.2088542 ], [ 29.1344601, 41.2089511 ], [ 29.1345406, 41.2089914 ], [ 29.1344762, 41.2090358 ], [ 29.134208, 41.2091387 ], [ 29.1338304, 41.2092103 ], [ 29.1336554, 41.2093264 ], [ 29.1334918, 41.2093344 ], [ 29.1334757, 41.2092295 ], [ 29.1333255, 41.2093143 ], [ 29.1331877, 41.2093 ], [ 29.1330083, 41.2089904 ], [ 29.1329494, 41.2087989 ], [ 29.1328959, 41.2081284 ], [ 29.1325316, 41.2082509 ], [ 29.1325772, 41.2084042 ], [ 29.1325021, 41.2083881 ], [ 29.1321748, 41.2084304 ], [ 29.1318979, 41.2085063 ], [ 29.1320944, 41.2085677 ], [ 29.1320434, 41.208608 ], [ 29.1318369, 41.2085959 ], [ 29.1317503, 41.2086838 ], [ 29.1313483, 41.2086878 ], [ 29.1300433, 41.2084203 ], [ 29.1299728, 41.2082387 ], [ 29.1296992, 41.2082206 ], [ 29.1295569, 41.2078901 ], [ 29.1253818, 41.2049985 ], [ 29.1253889, 41.2048244 ], [ 29.1255945, 41.2047199 ], [ 29.1257657, 41.2047492 ], [ 29.1258475, 41.2048284 ], [ 29.1258526, 41.2049887 ], [ 29.1265493, 41.2054597 ], [ 29.1277152, 41.2045418 ], [ 29.1278733, 41.204678 ], [ 29.127426, 41.2050034 ], [ 29.1275238, 41.2050846 ], [ 29.126993, 41.2055165 ], [ 29.1297348, 41.207401 ], [ 29.131233, 41.2061643 ], [ 29.131344, 41.2060646 ], [ 29.1314045, 41.206116 ], [ 29.131483, 41.2060363 ], [ 29.131594, 41.205758 ], [ 29.131705, 41.205384 ], [ 29.1315194, 41.2044158 ], [ 29.1315042, 41.2041234 ], [ 29.1312426, 41.2034599 ], [ 29.131043, 41.2031409 ], [ 29.1308152, 41.2029998 ], [ 29.1307204, 41.203044 ], [ 29.1306896, 41.2029305 ], [ 29.1305105, 41.2027933 ], [ 29.1302316, 41.2026475 ], [ 29.1300005, 41.2027432 ], [ 29.1298842, 41.2026283 ], [ 29.1297236, 41.2025048 ], [ 29.1294733, 41.2024141 ], [ 29.1292526, 41.2024073 ], [ 29.1291547, 41.2025082 ], [ 29.1291104, 41.2024739 ], [ 29.1291614, 41.2024308 ], [ 29.1289676, 41.2024088 ], [ 29.12854, 41.2022958 ], [ 29.1283374, 41.2022754 ], [ 29.1280469, 41.2023089 ], [ 29.1272022, 41.2025166 ], [ 29.1269784, 41.2025403 ], [ 29.1269553, 41.2024583 ], [ 29.126915, 41.2024694 ], [ 29.1268496, 41.2022232 ], [ 29.1266671, 41.2022565 ], [ 29.1267596, 41.2025782 ], [ 29.1264506, 41.202626 ], [ 29.126487, 41.2028063 ], [ 29.1266012, 41.2029618 ], [ 29.1265878, 41.2029941 ], [ 29.1264591, 41.2030607 ], [ 29.1263853, 41.2029688 ], [ 29.1262712, 41.202662 ], [ 29.1262364, 41.2026853 ], [ 29.1261935, 41.2027791 ], [ 29.1261935, 41.20287 ], [ 29.1261023, 41.2028821 ], [ 29.126101, 41.2028387 ], [ 29.1261238, 41.202654 ], [ 29.1260768, 41.2025995 ], [ 29.1260661, 41.2025551 ], [ 29.1261211, 41.2025188 ], [ 29.1261211, 41.2024593 ], [ 29.1260782, 41.2024199 ], [ 29.1260004, 41.2024381 ], [ 29.1259629, 41.2024613 ], [ 29.1258844, 41.2024424 ], [ 29.1257925, 41.2024875 ], [ 29.1256636, 41.2024964 ], [ 29.1255967, 41.2024441 ], [ 29.125413, 41.2023453 ], [ 29.1251868, 41.2022896 ], [ 29.1250576, 41.2022837 ], [ 29.1249034, 41.2021747 ], [ 29.1248055, 41.2021798 ], [ 29.1248403, 41.2022534 ], [ 29.124371, 41.2021969 ], [ 29.1241791, 41.2021775 ], [ 29.1240425, 41.2021482 ], [ 29.1237911, 41.2020879 ], [ 29.123551, 41.2020831 ], [ 29.1232109, 41.2019992 ], [ 29.1232538, 41.2018438 ], [ 29.1232699, 41.2017065 ], [ 29.1230366, 41.2016399 ], [ 29.1228595, 41.2016965 ], [ 29.1229534, 41.2018054 ], [ 29.1229042, 41.2018472 ], [ 29.1226718, 41.2017691 ], [ 29.122239, 41.201708 ], [ 29.1218254, 41.2014504 ], [ 29.1216282, 41.2012116 ], [ 29.1213724, 41.2009126 ], [ 29.1209657, 41.2007318 ], [ 29.120677, 41.20071 ], [ 29.120504, 41.200585 ], [ 29.120007, 41.200415 ], [ 29.1197328, 41.2003881 ], [ 29.1196999, 41.2005219 ], [ 29.1195591, 41.2005098 ], [ 29.1194381, 41.2004506 ], [ 29.1192564, 41.2003983 ], [ 29.1190753, 41.2004791 ], [ 29.1183317, 41.2004016 ], [ 29.1180584, 41.2002838 ], [ 29.1177987, 41.2000056 ], [ 29.1177446, 41.1998115 ], [ 29.1180879, 41.1990063 ], [ 29.1183959, 41.1987946 ], [ 29.1186814, 41.1984004 ], [ 29.1188488, 41.1980933 ], [ 29.1192307, 41.197912 ], [ 29.1194732, 41.1975652 ], [ 29.1198095, 41.1973587 ], [ 29.1200118, 41.1971411 ], [ 29.1201108, 41.1969631 ], [ 29.1201455, 41.1967124 ], [ 29.120086, 41.1964148 ], [ 29.1198078, 41.195705 ], [ 29.119232, 41.1950863 ], [ 29.1189992, 41.1943995 ], [ 29.1190159, 41.1942877 ], [ 29.1191983, 41.1942634 ], [ 29.119252, 41.1940293 ], [ 29.1191393, 41.1938941 ], [ 29.1192163, 41.193303 ], [ 29.1190793, 41.1930313 ], [ 29.1191249, 41.1925018 ], [ 29.119385, 41.192263 ], [ 29.119716, 41.192 ], [ 29.119708, 41.191743 ], [ 29.119327, 41.190467 ], [ 29.119153, 41.190341 ], [ 29.118979, 41.190217 ], [ 29.1184921, 41.18971 ], [ 29.118258, 41.188946 ], [ 29.1178981, 41.1884389 ], [ 29.1180629, 41.187909 ], [ 29.1179097, 41.1878266 ], [ 29.1179561, 41.187784 ], [ 29.1180973, 41.187857 ], [ 29.118163, 41.1877964 ], [ 29.1182461, 41.187854 ], [ 29.1183211, 41.1878135 ], [ 29.1183682, 41.1878802 ], [ 29.1186179, 41.1877689 ], [ 29.1185371, 41.187557 ], [ 29.118375, 41.187275 ], [ 29.1181381, 41.186977 ], [ 29.1177498, 41.1867292 ], [ 29.11666, 41.186793 ], [ 29.115973, 41.186549 ], [ 29.1158793, 41.1866855 ], [ 29.1156772, 41.1866008 ], [ 29.1154972, 41.1864177 ], [ 29.115462, 41.1857053 ], [ 29.1151166, 41.1856478 ], [ 29.114929, 41.185798 ], [ 29.114755, 41.185674 ], [ 29.1144621, 41.1849384 ], [ 29.113878, 41.184791 ], [ 29.112855, 41.184682 ], [ 29.1126681, 41.1846153 ], [ 29.1126202, 41.1844323 ], [ 29.112844, 41.1843332 ], [ 29.1129456, 41.1841617 ], [ 29.1129142, 41.1840228 ], [ 29.112787, 41.1839303 ], [ 29.112844, 41.1837339 ], [ 29.1124754, 41.1836595 ], [ 29.1125033, 41.1835766 ], [ 29.1128783, 41.1836483 ], [ 29.1129956, 41.1832814 ], [ 29.1125844, 41.1829603 ], [ 29.1121337, 41.1829115 ], [ 29.1119439, 41.1829695 ], [ 29.1116855, 41.183079 ], [ 29.1116141, 41.1832749 ], [ 29.1117096, 41.1834282 ], [ 29.1115755, 41.1835453 ], [ 29.1112967, 41.1836941 ], [ 29.1112156, 41.1837345 ], [ 29.1106616, 41.18401 ], [ 29.1101325, 41.1841176 ], [ 29.1100386, 41.1840974 ], [ 29.1099681, 41.1840627 ], [ 29.1097989, 41.1838481 ], [ 29.109761, 41.183835 ], [ 29.1097435, 41.1838428 ], [ 29.1097435, 41.1838532 ], [ 29.109773, 41.1839127 ], [ 29.1097784, 41.1839702 ], [ 29.1097529, 41.1840197 ], [ 29.1096778, 41.1840318 ], [ 29.1094326, 41.1839556 ], [ 29.1093023, 41.1838734 ], [ 29.1092393, 41.1837633 ], [ 29.1091628, 41.1837391 ], [ 29.1091333, 41.1837583 ], [ 29.1091481, 41.1838209 ], [ 29.1091494, 41.183946 ], [ 29.1090055, 41.183999 ], [ 29.1087632, 41.1839652 ], [ 29.1084271, 41.1838911 ], [ 29.1082013, 41.1838481 ], [ 29.1080293, 41.1837018 ], [ 29.1077576, 41.1834597 ], [ 29.1074794, 41.1831271 ], [ 29.1072672, 41.1827409 ], [ 29.1074172, 41.1817168 ], [ 29.107136, 41.181193 ], [ 29.106962, 41.181067 ], [ 29.1066779, 41.180741 ], [ 29.1057672, 41.1806685 ], [ 29.1054004, 41.1808985 ], [ 29.1048044, 41.1812965 ], [ 29.1037156, 41.1815332 ], [ 29.1031691, 41.1817175 ], [ 29.1025437, 41.1817224 ], [ 29.1017526, 41.1816548 ], [ 29.1011809, 41.1813222 ], [ 29.1008354, 41.1811085 ], [ 29.1000656, 41.180677 ], [ 29.09929, 41.1807957 ], [ 29.0982964, 41.1807462 ], [ 29.0980464, 41.1806857 ], [ 29.097777, 41.180721 ], [ 29.097047, 41.1804384 ], [ 29.0966008, 41.180391 ], [ 29.0955361, 41.1804413 ], [ 29.0950853, 41.1804775 ], [ 29.0948476, 41.1804932 ], [ 29.0945948, 41.1805045 ], [ 29.0941561, 41.18056 ], [ 29.0937159, 41.1804317 ], [ 29.09352, 41.180414 ], [ 29.093346, 41.180289 ], [ 29.092705, 41.1801056 ], [ 29.0911967, 41.1800211 ], [ 29.0910762, 41.1800475 ], [ 29.0908881, 41.1799838 ], [ 29.0908849, 41.1799196 ], [ 29.0905567, 41.1798613 ], [ 29.0902106, 41.1797205 ], [ 29.0899964, 41.1797018 ], [ 29.0897214, 41.1795441 ], [ 29.0894731, 41.1793712 ], [ 29.0891891, 41.1791725 ], [ 29.0889359, 41.1790501 ], [ 29.0886745, 41.1790042 ], [ 29.0885382, 41.1790768 ], [ 29.0871223, 41.1786616 ], [ 29.0869832, 41.178569 ], [ 29.0868797, 41.1784377 ], [ 29.0870005, 41.1777316 ], [ 29.0869421, 41.1775935 ], [ 29.0866834, 41.1775855 ], [ 29.0866847, 41.1775061 ], [ 29.0869375, 41.1775176 ], [ 29.0870404, 41.1769648 ], [ 29.0869338, 41.176953 ], [ 29.0869751, 41.1768054 ], [ 29.087204, 41.1768462 ], [ 29.0873102, 41.1765372 ], [ 29.0872331, 41.176526 ], [ 29.0872772, 41.1764139 ], [ 29.0873737, 41.1764377 ], [ 29.0875436, 41.175953 ], [ 29.0877341, 41.1750476 ], [ 29.087426, 41.1749918 ], [ 29.0874539, 41.1748234 ], [ 29.0875844, 41.1748419 ], [ 29.0876114, 41.1747391 ], [ 29.0875769, 41.1747332 ], [ 29.0875982, 41.1746908 ], [ 29.0876324, 41.1747024 ], [ 29.0876255, 41.1747149 ], [ 29.0876385, 41.1747165 ], [ 29.0878016, 41.1744567 ], [ 29.0877836, 41.1744482 ], [ 29.0878279, 41.1743255 ], [ 29.0878813, 41.1743298 ], [ 29.0879385, 41.1741953 ], [ 29.0879204, 41.1741938 ], [ 29.0879218, 41.1741459 ], [ 29.0879017, 41.1741296 ], [ 29.0879708, 41.1740057 ], [ 29.0878729, 41.173983 ], [ 29.087898, 41.1739197 ], [ 29.0879828, 41.1739399 ], [ 29.087972, 41.1739652 ], [ 29.0880281, 41.1739773 ], [ 29.0881783, 41.1737597 ], [ 29.0881558, 41.1737542 ], [ 29.0881544, 41.1737123 ], [ 29.0881678, 41.1737133 ], [ 29.0881746, 41.1735917 ], [ 29.0878383, 41.1735301 ], [ 29.0878695, 41.1734279 ], [ 29.0879046, 41.1733338 ], [ 29.0882999, 41.17341 ], [ 29.088316, 41.1733807 ], [ 29.0883717, 41.1733625 ], [ 29.0883961, 41.1733685 ], [ 29.0883944, 41.1731014 ], [ 29.0883502, 41.1728118 ], [ 29.0882671, 41.1728154 ], [ 29.0882188, 41.1725802 ], [ 29.0883154, 41.1725438 ], [ 29.0882818, 41.1724287 ], [ 29.088196, 41.1724449 ], [ 29.0881504, 41.172349 ], [ 29.0881786, 41.1723308 ], [ 29.0881464, 41.1722551 ], [ 29.0881625, 41.1722339 ], [ 29.0881169, 41.17214 ], [ 29.088208, 41.1721187 ], [ 29.0880044, 41.17173 ], [ 29.087909, 41.1717473 ], [ 29.0879197, 41.1717938 ], [ 29.0878701, 41.1717948 ], [ 29.0878406, 41.1717271 ], [ 29.0879932, 41.1716695 ], [ 29.0879466, 41.1715979 ], [ 29.0879184, 41.171605 ], [ 29.0878876, 41.1715691 ], [ 29.0879197, 41.1715469 ], [ 29.0878319, 41.171452 ], [ 29.0877756, 41.1714722 ], [ 29.0877407, 41.1714268 ], [ 29.0877829, 41.171393 ], [ 29.0875637, 41.1711643 ], [ 29.0874222, 41.1711487 ], [ 29.0873404, 41.1710659 ], [ 29.0873414, 41.1709574 ], [ 29.08728, 41.1708973 ], [ 29.0873122, 41.1708367 ], [ 29.0869741, 41.1704191 ], [ 29.0870024, 41.1704027 ], [ 29.0868601, 41.1702658 ], [ 29.0867878, 41.1702997 ], [ 29.0867543, 41.1702654 ], [ 29.0866851, 41.1700517 ], [ 29.0865325, 41.1699188 ], [ 29.0862595, 41.169701 ], [ 29.0860878, 41.1696697 ], [ 29.085955, 41.169584 ], [ 29.0857049, 41.1694714 ], [ 29.0856081, 41.1694041 ], [ 29.0853274, 41.1693043 ], [ 29.0852858, 41.1693679 ], [ 29.0846096, 41.1691532 ], [ 29.0846488, 41.1690509 ], [ 29.0844798, 41.1690034 ], [ 29.0844422, 41.1690491 ], [ 29.0842529, 41.1689732 ], [ 29.0840996, 41.1689111 ], [ 29.0839776, 41.1688555 ], [ 29.0837919, 41.1687684 ], [ 29.0837869, 41.1686893 ], [ 29.0831441, 41.1684073 ], [ 29.082942, 41.168284 ], [ 29.0827511, 41.1681695 ], [ 29.0822549, 41.1677465 ], [ 29.0819626, 41.1676052 ], [ 29.0817614, 41.1675254 ], [ 29.081583, 41.1674517 ], [ 29.0813717, 41.1673459 ], [ 29.0805898, 41.1671866 ], [ 29.079568, 41.1670934 ], [ 29.0794386, 41.1671893 ], [ 29.0794574, 41.1672862 ], [ 29.0793045, 41.1672852 ], [ 29.0793179, 41.1673488 ], [ 29.0792361, 41.1673589 ], [ 29.079208, 41.1672456 ], [ 29.0781054, 41.1672406 ], [ 29.0779104, 41.1670565 ], [ 29.0769401, 41.1669419 ], [ 29.0766116, 41.1668931 ], [ 29.0761998, 41.1667885 ], [ 29.0757768, 41.1667079 ], [ 29.075475, 41.1665624 ], [ 29.0752235, 41.166422 ], [ 29.0748185, 41.166211 ], [ 29.0743706, 41.1656577 ], [ 29.074215, 41.1654487 ], [ 29.0739598, 41.1650549 ], [ 29.0736772, 41.1646522 ], [ 29.0735736, 41.1646337 ], [ 29.0735465, 41.1646491 ], [ 29.0734935, 41.1645956 ], [ 29.0735853, 41.1645466 ], [ 29.0736363, 41.1645502 ], [ 29.0736953, 41.1645709 ], [ 29.0737677, 41.1645254 ], [ 29.073698, 41.1644361 ], [ 29.0736799, 41.1644432 ], [ 29.0736598, 41.1644174 ], [ 29.0737329, 41.1643841 ], [ 29.073753, 41.1644093 ], [ 29.0737288, 41.1644204 ], [ 29.0738066, 41.1645154 ], [ 29.0739267, 41.1643856 ], [ 29.0738428, 41.1640716 ], [ 29.073645, 41.1638031 ], [ 29.0733969, 41.1634997 ], [ 29.0732313, 41.1634128 ], [ 29.073189, 41.1633578 ], [ 29.0731481, 41.1633735 ], [ 29.073105, 41.1634146 ], [ 29.073061, 41.1633341 ], [ 29.0731153, 41.1633376 ], [ 29.0731709, 41.1633099 ], [ 29.073124, 41.1631206 ], [ 29.073006, 41.1628979 ], [ 29.0729061, 41.1626703 ], [ 29.0728618, 41.1626359 ], [ 29.0728725, 41.1625733 ], [ 29.0727403, 41.1621246 ], [ 29.0724145, 41.1615637 ], [ 29.0724157, 41.1611886 ], [ 29.0724903, 41.1610901 ], [ 29.0725172, 41.1611164 ], [ 29.0726486, 41.1610084 ], [ 29.0726446, 41.1609821 ], [ 29.0726677, 41.1609609 ], [ 29.0726372, 41.1609412 ], [ 29.0728026, 41.1608368 ], [ 29.0728616, 41.1608736 ], [ 29.072892, 41.1608478 ], [ 29.0729336, 41.1608519 ], [ 29.0733827, 41.1604425 ], [ 29.0737501, 41.1601901 ], [ 29.0741833, 41.1599275 ], [ 29.0740395, 41.1598069 ], [ 29.074884, 41.1592132 ], [ 29.0749492, 41.1592687 ], [ 29.0749687, 41.1592561 ], [ 29.0750443, 41.1593268 ], [ 29.0754838, 41.1588801 ], [ 29.0754676, 41.1588411 ], [ 29.0755981, 41.1587291 ], [ 29.0756661, 41.1587477 ], [ 29.0760018, 41.1583444 ], [ 29.0759034, 41.1582812 ], [ 29.0758619, 41.1583165 ], [ 29.0758109, 41.1582832 ], [ 29.0760362, 41.1580671 ], [ 29.0762159, 41.1581711 ], [ 29.0768757, 41.1573876 ], [ 29.0769039, 41.1572866 ], [ 29.07681, 41.1572624 ], [ 29.0765928, 41.1575534 ], [ 29.0765865, 41.1575618 ], [ 29.0765163, 41.157535 ], [ 29.0769911, 41.1569092 ], [ 29.0770655, 41.1569418 ], [ 29.0769099, 41.1571432 ], [ 29.0769991, 41.1571917 ], [ 29.0773994, 41.1566687 ], [ 29.0773701, 41.1566578 ], [ 29.0775865, 41.1562193 ], [ 29.0774685, 41.1561658 ], [ 29.0775047, 41.1560527 ], [ 29.0775436, 41.1560547 ], [ 29.0775248, 41.1561476 ], [ 29.0776791, 41.1562052 ], [ 29.0777628, 41.1560328 ], [ 29.0778428, 41.155266 ], [ 29.0774752, 41.1552198 ], [ 29.0774269, 41.1554116 ], [ 29.077352, 41.1554074 ], [ 29.0774157, 41.1551469 ], [ 29.0778284, 41.1551879 ], [ 29.0778874, 41.1549405 ], [ 29.0779089, 41.1544962 ], [ 29.0777479, 41.153648 ], [ 29.077705, 41.1534218 ], [ 29.07771, 41.153233 ], [ 29.0775226, 41.1530098 ], [ 29.0775226, 41.1525898 ], [ 29.0774475, 41.1523797 ], [ 29.077339, 41.152213 ], [ 29.076611, 41.150686 ], [ 29.0761198, 41.1498168 ], [ 29.0760795, 41.1497966 ], [ 29.0759133, 41.1504328 ], [ 29.075814, 41.1504228 ], [ 29.0759332, 41.1499312 ], [ 29.0760206, 41.1495361 ], [ 29.075682, 41.1489689 ], [ 29.0754868, 41.1496189 ], [ 29.0753796, 41.1495946 ], [ 29.0754318, 41.1494245 ], [ 29.0755843, 41.1489579 ], [ 29.0755461, 41.148945 ], [ 29.0755981, 41.1487671 ], [ 29.0752266, 41.1483242 ], [ 29.0750315, 41.1489366 ], [ 29.0749293, 41.148919 ], [ 29.0751386, 41.1482126 ], [ 29.0749262, 41.1479849 ], [ 29.0747546, 41.1477587 ], [ 29.0745608, 41.1483872 ], [ 29.0744518, 41.1483706 ], [ 29.0746602, 41.1477228 ], [ 29.0740828, 41.1471057 ], [ 29.073835, 41.1471684 ], [ 29.0730323, 41.1477792 ], [ 29.0729809, 41.147848 ], [ 29.0729181, 41.1478557 ], [ 29.0728524, 41.1478235 ], [ 29.072837, 41.1477689 ], [ 29.0729143, 41.1477178 ], [ 29.0739135, 41.1469369 ], [ 29.0738287, 41.1468196 ], [ 29.0734374, 41.146506 ], [ 29.0727912, 41.1459399 ], [ 29.0727027, 41.1459521 ], [ 29.0725574, 41.1457495 ], [ 29.0726727, 41.1456727 ], [ 29.0725091, 41.1452516 ], [ 29.07236, 41.145115 ], [ 29.0718564, 41.1432454 ], [ 29.0714918, 41.1432897 ], [ 29.0714341, 41.1433404 ], [ 29.0713249, 41.143364 ], [ 29.0712299, 41.1433872 ], [ 29.0711649, 41.1431569 ], [ 29.0714309, 41.1431809 ], [ 29.0714428, 41.1432397 ], [ 29.0715849, 41.1432206 ], [ 29.0718592, 41.1431719 ], [ 29.0717886, 41.1428163 ], [ 29.0716926, 41.142317 ], [ 29.0720982, 41.142241 ], [ 29.0721079, 41.1419013 ], [ 29.0732706, 41.1416501 ], [ 29.073194, 41.1412406 ], [ 29.0736191, 41.1411369 ], [ 29.073726, 41.1413433 ], [ 29.0738769, 41.1413137 ], [ 29.074781, 41.141092 ], [ 29.07647, 41.140805 ], [ 29.07714, 41.140536 ], [ 29.0770613, 41.1403741 ], [ 29.0773617, 41.1401964 ], [ 29.0779947, 41.1399701 ], [ 29.0785097, 41.1397277 ], [ 29.078978, 41.139605 ], [ 29.0798281, 41.1397202 ], [ 29.0810127, 41.1398807 ], [ 29.0811312, 41.1398967 ], [ 29.0834657, 41.1404397 ], [ 29.0814058, 41.1398773 ], [ 29.07897, 41.139348 ], [ 29.078797, 41.139223 ], [ 29.078574, 41.1391056 ], [ 29.0781771, 41.1389197 ], [ 29.0788852, 41.1384268 ], [ 29.0791212, 41.1385561 ], [ 29.0793413, 41.1383989 ], [ 29.0791963, 41.1383299 ], [ 29.0793251, 41.1382329 ], [ 29.0794324, 41.1383056 ], [ 29.0795396, 41.1382572 ], [ 29.0796147, 41.1381521 ], [ 29.079608, 41.138053 ], [ 29.0794516, 41.1378427 ], [ 29.0795803, 41.1376488 ], [ 29.0793915, 41.1373902 ], [ 29.0803528, 41.1368472 ], [ 29.0805244, 41.1370218 ], [ 29.0809364, 41.1368602 ], [ 29.0812969, 41.1371058 ], [ 29.0823269, 41.1368925 ], [ 29.0829724, 41.1371102 ], [ 29.0834577, 41.1372036 ], [ 29.0841953, 41.1371592 ], [ 29.0841821, 41.1371365 ], [ 29.0848806, 41.1370066 ], [ 29.0848795, 41.136984 ], [ 29.0849318, 41.136984 ], [ 29.0849411, 41.1370062 ], [ 29.0852214, 41.1369506 ], [ 29.0852147, 41.1369173 ], [ 29.0852523, 41.1369143 ], [ 29.0852603, 41.1369476 ], [ 29.0854602, 41.1369102 ], [ 29.0855098, 41.1368537 ], [ 29.0855929, 41.1368415 ], [ 29.0857257, 41.1368133 ], [ 29.0857284, 41.1368011 ], [ 29.0857995, 41.1367921 ], [ 29.0858196, 41.1368213 ], [ 29.086023, 41.1367592 ], [ 29.0860301, 41.1367335 ], [ 29.0862501, 41.1366628 ], [ 29.0862635, 41.1366173 ], [ 29.086246, 41.136583 ], [ 29.0862836, 41.1365678 ], [ 29.0863024, 41.13659 ], [ 29.0866157, 41.136464 ], [ 29.0866537, 41.1365385 ], [ 29.0867423, 41.1365133 ], [ 29.0867248, 41.1364769 ], [ 29.0868053, 41.1364486 ], [ 29.0868603, 41.1364406 ], [ 29.0868254, 41.1363961 ], [ 29.0869153, 41.1363628 ], [ 29.0869695, 41.13642 ], [ 29.0870158, 41.1364133 ], [ 29.0871419, 41.136383 ], [ 29.0871043, 41.1363385 ], [ 29.0871888, 41.1363305 ], [ 29.0875179, 41.1361445 ], [ 29.0883787, 41.135642 ], [ 29.0885179, 41.1355085 ], [ 29.0887539, 41.1353606 ], [ 29.0887818, 41.1353368 ], [ 29.0888346, 41.1353278 ], [ 29.0894734, 41.1349681 ], [ 29.0899581, 41.1347139 ], [ 29.0900276, 41.1347767 ], [ 29.0901728, 41.1347487 ], [ 29.090201, 41.1347235 ], [ 29.0901758, 41.1346727 ], [ 29.0900552, 41.1343901 ], [ 29.090244, 41.1343422 ], [ 29.0904117, 41.1343048 ], [ 29.0905414, 41.134636 ], [ 29.0908693, 41.1345701 ], [ 29.0908925, 41.1346397 ], [ 29.0909978, 41.1346074 ], [ 29.0909433, 41.1345068 ], [ 29.0909701, 41.1344957 ], [ 29.0910237, 41.1345861 ], [ 29.0910602, 41.1345978 ], [ 29.0913667, 41.1344033 ], [ 29.0915494, 41.1342807 ], [ 29.0915396, 41.1342432 ], [ 29.091646, 41.1341204 ], [ 29.0916762, 41.1340538 ], [ 29.0916977, 41.1339788 ], [ 29.0915625, 41.133978 ], [ 29.0915678, 41.1338948 ], [ 29.0916428, 41.1338979 ], [ 29.0916406, 41.1337992 ], [ 29.0916708, 41.1337997 ], [ 29.0916587, 41.1334979 ], [ 29.0917104, 41.1334967 ], [ 29.0917305, 41.1332891 ], [ 29.0917291, 41.1332083 ], [ 29.091705, 41.1332073 ], [ 29.0917057, 41.133175 ], [ 29.0916811, 41.1330796 ], [ 29.0916594, 41.133076 ], [ 29.0916467, 41.1329826 ], [ 29.0915705, 41.1327417 ], [ 29.0915785, 41.132452 ], [ 29.0916145, 41.1324518 ], [ 29.0916152, 41.132429 ], [ 29.0916038, 41.1324285 ], [ 29.0916038, 41.1323538 ], [ 29.0916266, 41.1322866 ], [ 29.0917669, 41.1321333 ], [ 29.091946, 41.1319199 ], [ 29.091837, 41.1318679 ], [ 29.092398, 41.131101 ], [ 29.0925553, 41.1309419 ], [ 29.0927342, 41.1307652 ], [ 29.0928919, 41.1306704 ], [ 29.0928731, 41.1306371 ], [ 29.0930953, 41.1304224 ], [ 29.0931365, 41.1304365 ], [ 29.0932681, 41.1302779 ], [ 29.0929073, 41.1301426 ], [ 29.0934165, 41.1294502 ], [ 29.0939303, 41.1287783 ], [ 29.0941339, 41.1288884 ], [ 29.0941462, 41.129104 ], [ 29.0939608, 41.1290195 ], [ 29.0931619, 41.1299867 ], [ 29.0932356, 41.1301285 ], [ 29.0935381, 41.1302454 ], [ 29.0943703, 41.1293219 ], [ 29.0949454, 41.1287185 ], [ 29.0950102, 41.1284435 ], [ 29.0949628, 41.1283624 ], [ 29.0947553, 41.1282981 ], [ 29.095212, 41.1278069 ], [ 29.0953919, 41.1279004 ], [ 29.0959963, 41.1274192 ], [ 29.0960146, 41.1274253 ], [ 29.0961246, 41.1273243 ], [ 29.096138, 41.1273384 ], [ 29.0962238, 41.1272521 ], [ 29.0962507, 41.1272212 ], [ 29.0962748, 41.1272354 ], [ 29.0964036, 41.1271232 ], [ 29.0963844, 41.1270909 ], [ 29.0969144, 41.1266343 ], [ 29.0965819, 41.1265525 ], [ 29.0965229, 41.1266949 ], [ 29.0964586, 41.1266858 ], [ 29.0965806, 41.1263686 ], [ 29.0966503, 41.1263858 ], [ 29.0966222, 41.1264868 ], [ 29.0969858, 41.1265704 ], [ 29.0973008, 41.1261726 ], [ 29.0972525, 41.1259383 ], [ 29.097218, 41.125926 ], [ 29.0973723, 41.1258209 ], [ 29.0974201, 41.1255928 ], [ 29.0974807, 41.1253807 ], [ 29.097278, 41.1253554 ], [ 29.0973584, 41.1251048 ], [ 29.0973853, 41.1251089 ], [ 29.0973249, 41.12532 ], [ 29.0976119, 41.1253604 ], [ 29.0976414, 41.1252069 ], [ 29.0976079, 41.1251958 ], [ 29.0976213, 41.1251129 ], [ 29.0975636, 41.1251069 ], [ 29.0975744, 41.1250806 ], [ 29.0976226, 41.1250786 ], [ 29.0976142, 41.1250056 ], [ 29.097715, 41.1246541 ], [ 29.0975837, 41.1244188 ], [ 29.0975833, 41.1241623 ], [ 29.0974702, 41.1239295 ], [ 29.0971539, 41.1238399 ], [ 29.0970571, 41.1237088 ], [ 29.0971145, 41.1234516 ], [ 29.0974015, 41.1232626 ], [ 29.0976847, 41.123049 ], [ 29.097801, 41.1230419 ], [ 29.0977997, 41.1229641 ], [ 29.0977219, 41.122949 ], [ 29.0976642, 41.1222994 ], [ 29.0976853, 41.1222397 ], [ 29.0976495, 41.1221357 ], [ 29.0975904, 41.1221307 ], [ 29.0975328, 41.1219599 ], [ 29.0975086, 41.1217175 ], [ 29.0974134, 41.1217286 ], [ 29.0974188, 41.1217619 ], [ 29.0972686, 41.121773 ], [ 29.0972364, 41.1216387 ], [ 29.0973812, 41.1216205 ], [ 29.0973866, 41.1216528 ], [ 29.0974684, 41.1216417 ], [ 29.0974161, 41.1214063 ], [ 29.0972471, 41.1214316 ], [ 29.0972391, 41.1213992 ], [ 29.0973115, 41.1213891 ], [ 29.0972473, 41.1211317 ], [ 29.0970932, 41.1211379 ], [ 29.0969702, 41.1206324 ], [ 29.0969125, 41.1204462 ], [ 29.0969903, 41.120441 ], [ 29.0969923, 41.1204625 ], [ 29.0969574, 41.1204632 ], [ 29.0969923, 41.1206244 ], [ 29.0972646, 41.1205819 ], [ 29.0971693, 41.1203223 ], [ 29.0970542, 41.1203362 ], [ 29.097003, 41.1201 ], [ 29.0969655, 41.1201121 ], [ 29.0969226, 41.1200626 ], [ 29.09683, 41.1200909 ], [ 29.0968126, 41.1200636 ], [ 29.0969279, 41.1200232 ], [ 29.0967918, 41.1198055 ], [ 29.0969011, 41.1197702 ], [ 29.0968494, 41.1196212 ], [ 29.096769, 41.1196398 ], [ 29.0967429, 41.119558 ], [ 29.0967206, 41.1195312 ], [ 29.0966738, 41.119312 ], [ 29.0965913, 41.119314 ], [ 29.0965766, 41.1192019 ], [ 29.096659, 41.1191923 ], [ 29.0966554, 41.1190036 ], [ 29.0965732, 41.1190069 ], [ 29.0965732, 41.1189963 ], [ 29.0966094, 41.1189947 ], [ 29.0966161, 41.1189877 ], [ 29.0966161, 41.1189654 ], [ 29.0965873, 41.1189331 ], [ 29.096588, 41.1189124 ], [ 29.0966462, 41.1189107 ], [ 29.0966241, 41.1186805 ], [ 29.0965021, 41.1186856 ], [ 29.0965001, 41.1186401 ], [ 29.0966185, 41.118634 ], [ 29.0965997, 41.118429 ], [ 29.0963922, 41.1182107 ], [ 29.0961854, 41.1179825 ], [ 29.0962252, 41.1179384 ], [ 29.0962104, 41.1179248 ], [ 29.0961682, 41.1179218 ], [ 29.096136, 41.1178753 ], [ 29.0960851, 41.1178293 ], [ 29.0961394, 41.1177874 ], [ 29.0961032, 41.1177616 ], [ 29.0961273, 41.1177349 ], [ 29.0961079, 41.1177192 ], [ 29.0960918, 41.1177344 ], [ 29.0960664, 41.1177311 ], [ 29.0957138, 41.1174409 ], [ 29.0952414, 41.1171151 ], [ 29.0948284, 41.1169068 ], [ 29.0947312, 41.1169882 ], [ 29.0945582, 41.1168983 ], [ 29.0945864, 41.116868 ], [ 29.094573, 41.1168619 ], [ 29.0945958, 41.1168407 ], [ 29.0944342, 41.1167776 ], [ 29.0944026, 41.1168321 ], [ 29.0943262, 41.1168028 ], [ 29.094349, 41.1167493 ], [ 29.0941873, 41.1166858 ], [ 29.0941767, 41.1167099 ], [ 29.0934233, 41.1165096 ], [ 29.0933375, 41.1168762 ], [ 29.0932064, 41.1168588 ], [ 29.093068, 41.1168404 ], [ 29.0931538, 41.1164738 ], [ 29.0931789, 41.1163727 ], [ 29.0930565, 41.1163264 ], [ 29.0915006, 41.1160427 ], [ 29.0914193, 41.1162971 ], [ 29.0911881, 41.1162598 ], [ 29.091213, 41.1161674 ], [ 29.0913597, 41.1161844 ], [ 29.0914281, 41.1159961 ], [ 29.0913902, 41.1159645 ], [ 29.0910859, 41.1159199 ], [ 29.0909825, 41.1162465 ], [ 29.0900713, 41.1160826 ], [ 29.0901813, 41.115756 ], [ 29.0897185, 41.1156835 ], [ 29.0896391, 41.1155487 ], [ 29.089627, 41.1154867 ], [ 29.0888725, 41.1152797 ], [ 29.0884978, 41.115118 ], [ 29.0882526, 41.1150634 ], [ 29.0882375, 41.1151056 ], [ 29.0878386, 41.1150114 ], [ 29.087773, 41.115046 ], [ 29.0873742, 41.1145412 ], [ 29.0873174, 41.1145685 ], [ 29.0870137, 41.1141734 ], [ 29.0870657, 41.1141487 ], [ 29.0869564, 41.1139945 ], [ 29.0865749, 41.113762 ], [ 29.0861247, 41.1135001 ], [ 29.0859752, 41.1134127 ], [ 29.0856707, 41.1132386 ], [ 29.0850095, 41.1123698 ], [ 29.0846354, 41.1118858 ], [ 29.084579, 41.1119161 ], [ 29.0842706, 41.111516 ], [ 29.0843299, 41.1114933 ], [ 29.0836446, 41.1106124 ], [ 29.0831743, 41.1103526 ], [ 29.0831348, 41.1104051 ], [ 29.0828859, 41.110253 ], [ 29.0826789, 41.110112 ], [ 29.0827045, 41.1100689 ], [ 29.0825406, 41.1099235 ], [ 29.0824722, 41.1098285 ], [ 29.0824408, 41.1097204 ], [ 29.0824312, 41.1094974 ], [ 29.0824026, 41.109499 ], [ 29.0824037, 41.1094397 ], [ 29.0824226, 41.1087493 ], [ 29.0823689, 41.1087473 ], [ 29.0823727, 41.108573 ], [ 29.0818967, 41.1085612 ], [ 29.0818948, 41.1085186 ], [ 29.0818993, 41.1084582 ], [ 29.0823715, 41.1084737 ], [ 29.0823741, 41.1082896 ], [ 29.0824148, 41.1082901 ], [ 29.0823747, 41.1081121 ], [ 29.0823209, 41.108036 ], [ 29.0822321, 41.1079703 ], [ 29.0821259, 41.1079094 ], [ 29.0821224, 41.1078656 ], [ 29.0819938, 41.1078419 ], [ 29.0820057, 41.1077854 ], [ 29.0819985, 41.1077072 ], [ 29.0819921, 41.1076382 ], [ 29.0818639, 41.1074055 ], [ 29.0817713, 41.1073103 ], [ 29.0816962, 41.1072331 ], [ 29.0814671, 41.1071107 ], [ 29.0813106, 41.1070812 ], [ 29.080508, 41.1073078 ], [ 29.0803433, 41.1073553 ], [ 29.0803102, 41.1073685 ], [ 29.0795504, 41.1076337 ], [ 29.0794324, 41.1076705 ], [ 29.0787867, 41.107684 ], [ 29.0780495, 41.1076926 ], [ 29.0779531, 41.1076867 ], [ 29.0779076, 41.107669 ], [ 29.0778621, 41.1077056 ], [ 29.0777663, 41.1076575 ], [ 29.0777888, 41.1076102 ], [ 29.0767714, 41.1071138 ], [ 29.076576, 41.1070548 ], [ 29.0762015, 41.1069937 ], [ 29.0761994, 41.1070251 ], [ 29.0765048, 41.1070719 ], [ 29.0765025, 41.1070868 ], [ 29.0763536, 41.1070694 ], [ 29.0763514, 41.1070871 ], [ 29.0764939, 41.1071098 ], [ 29.0764849, 41.10717 ], [ 29.0758293, 41.107057 ], [ 29.0758523, 41.1069397 ], [ 29.074701, 41.106725 ], [ 29.0737275, 41.1070165 ], [ 29.0735939, 41.1070514 ], [ 29.0734335, 41.1070435 ], [ 29.073226, 41.1070179 ], [ 29.0722722, 41.1066174 ], [ 29.0716623, 41.1062014 ], [ 29.0716718, 41.1061683 ], [ 29.0713789, 41.1059518 ], [ 29.0712719, 41.1058672 ], [ 29.0711666, 41.105686 ], [ 29.0706191, 41.1053714 ], [ 29.070581, 41.1053794 ], [ 29.0699874, 41.1050567 ], [ 29.0699944, 41.1050421 ], [ 29.0697206, 41.1049509 ], [ 29.0696838, 41.1049839 ], [ 29.069582, 41.104939 ], [ 29.0695996, 41.104902 ], [ 29.0690205, 41.1046362 ], [ 29.0688906, 41.1045846 ], [ 29.0681413, 41.1040425 ], [ 29.0681027, 41.1040504 ], [ 29.0676991, 41.1037251 ], [ 29.0677044, 41.1037066 ], [ 29.0674289, 41.1034766 ], [ 29.0674008, 41.1035255 ], [ 29.0673236, 41.103466 ], [ 29.0673517, 41.1034369 ], [ 29.0669814, 41.1031724 ], [ 29.0669586, 41.1031909 ], [ 29.066913, 41.1032174 ], [ 29.0668793, 41.1032371 ], [ 29.066174, 41.1027446 ], [ 29.0660815, 41.1025066 ], [ 29.0658619, 41.1018541 ], [ 29.0659817, 41.1013287 ], [ 29.0659338, 41.1010541 ], [ 29.0654684, 41.1002949 ], [ 29.0654612, 41.1002872 ], [ 29.0653774, 41.100154 ], [ 29.0653658, 41.1001369 ], [ 29.065299, 41.1000648 ], [ 29.065288, 41.0998561 ], [ 29.0650915, 41.0991764 ], [ 29.0645686, 41.0981 ], [ 29.0645195, 41.0981115 ], [ 29.0644184, 41.0978948 ], [ 29.0643731, 41.0977684 ], [ 29.0644281, 41.0974933 ], [ 29.0646154, 41.0971382 ], [ 29.0648171, 41.096593 ], [ 29.0648573, 41.0962772 ], [ 29.0650719, 41.0956239 ], [ 29.0654066, 41.0953781 ], [ 29.066205, 41.095039 ], [ 29.067252, 41.0947507 ], [ 29.0674665, 41.0944014 ], [ 29.0670125, 41.0940207 ], [ 29.0668571, 41.0938904 ], [ 29.0657499, 41.0936899 ], [ 29.0655869, 41.0930172 ], [ 29.0656298, 41.092422 ], [ 29.0658358, 41.0920533 ], [ 29.066273, 41.091829 ], [ 29.066281, 41.0915823 ], [ 29.0659634, 41.0892729 ], [ 29.0659033, 41.088943 ], [ 29.0657059, 41.0884255 ], [ 29.0660921, 41.0879533 ], [ 29.0662021, 41.0868099 ], [ 29.066758, 41.08566 ], [ 29.0669161, 41.0851068 ], [ 29.0668565, 41.0845707 ], [ 29.0666879, 41.083337 ], [ 29.0665847, 41.0833692 ], [ 29.0665323, 41.0832739 ], [ 29.0664864, 41.0831904 ], [ 29.0665942, 41.0831567 ], [ 29.0665743, 41.0831145 ], [ 29.0666178, 41.0831036 ], [ 29.0665591, 41.0829666 ], [ 29.0666032, 41.082922 ], [ 29.0664858, 41.0827431 ], [ 29.0664729, 41.0827471 ], [ 29.0664376, 41.0827506 ], [ 29.0663142, 41.0825488 ], [ 29.0663467, 41.0825327 ], [ 29.0663264, 41.0824429 ], [ 29.0662563, 41.0823487 ], [ 29.066233, 41.0823333 ], [ 29.0662117, 41.0823127 ], [ 29.0661926, 41.0822941 ], [ 29.066164, 41.0822663 ], [ 29.0661321, 41.082239 ], [ 29.0659854, 41.0820749 ], [ 29.0659591, 41.0819693 ], [ 29.0659923, 41.0818705 ], [ 29.0660324, 41.0817926 ], [ 29.0660161, 41.0817902 ], [ 29.0660399, 41.0816837 ], [ 29.0662994, 41.0814376 ], [ 29.0662739, 41.0812906 ], [ 29.0662724, 41.0812826 ], [ 29.0662404, 41.0811042 ], [ 29.0656115, 41.0809145 ], [ 29.0653712, 41.0807334 ], [ 29.0652049, 41.0805191 ], [ 29.0651352, 41.0802693 ], [ 29.0651236, 41.0798918 ], [ 29.0651223, 41.07985 ], [ 29.065013, 41.0797548 ], [ 29.0649461, 41.0797061 ], [ 29.0648843, 41.0797035 ], [ 29.064886, 41.0796726 ], [ 29.0648875, 41.0796437 ], [ 29.064965, 41.0796477 ], [ 29.0649963, 41.0795978 ], [ 29.0651259, 41.0795013 ], [ 29.0652516, 41.0794506 ], [ 29.0652561, 41.0793757 ], [ 29.06489, 41.0793755 ], [ 29.0648922, 41.0793387 ], [ 29.0652353, 41.0793371 ], [ 29.0651611, 41.0792264 ], [ 29.0651488, 41.0792083 ], [ 29.0650483, 41.0792426 ], [ 29.0649576, 41.0790914 ], [ 29.065075, 41.0790514 ], [ 29.065047, 41.0790109 ], [ 29.0648775, 41.0790461 ], [ 29.0642707, 41.0781422 ], [ 29.064302, 41.0781263 ], [ 29.0642941, 41.078056 ], [ 29.0642474, 41.0779355 ], [ 29.0642506, 41.0778919 ], [ 29.0643017, 41.0777076 ], [ 29.0643418, 41.077603 ], [ 29.0643613, 41.0775869 ], [ 29.0644925, 41.077533 ], [ 29.0643261, 41.077148 ], [ 29.0641772, 41.0771916 ], [ 29.06388, 41.0766292 ], [ 29.063693, 41.0763721 ], [ 29.0633595, 41.0763642 ], [ 29.0633601, 41.076397 ], [ 29.063243, 41.0763966 ], [ 29.0632422, 41.0763807 ], [ 29.0630343, 41.0763858 ], [ 29.0629036, 41.0763844 ], [ 29.0628179, 41.0763755 ], [ 29.0628167, 41.0763546 ], [ 29.0625512, 41.0763546 ], [ 29.0624556, 41.0763231 ], [ 29.0624951, 41.0760852 ], [ 29.0622769, 41.0760274 ], [ 29.0622545, 41.0761752 ], [ 29.062044, 41.0761721 ], [ 29.0620486, 41.0761424 ], [ 29.0620644, 41.0761425 ], [ 29.0620715, 41.0761125 ], [ 29.0619893, 41.0761019 ], [ 29.0619995, 41.0760529 ], [ 29.0619556, 41.0760448 ], [ 29.0619577, 41.0760194 ], [ 29.0617935, 41.0759689 ], [ 29.0616486, 41.0759113 ], [ 29.0616779, 41.075849 ], [ 29.0615358, 41.0758073 ], [ 29.0615427, 41.075787 ], [ 29.0614969, 41.0757743 ], [ 29.0615333, 41.0756983 ], [ 29.0613763, 41.0756507 ], [ 29.0613803, 41.0756385 ], [ 29.0613477, 41.0756284 ], [ 29.0613818, 41.075561 ], [ 29.0612931, 41.075529 ], [ 29.061063, 41.0754449 ], [ 29.061147, 41.075322 ], [ 29.0611163, 41.0753102 ], [ 29.0611068, 41.0753244 ], [ 29.0610714, 41.0753117 ], [ 29.0610277, 41.0753768 ], [ 29.0610534, 41.0753906 ], [ 29.0610292, 41.0754267 ], [ 29.0606778, 41.0752869 ], [ 29.0602898, 41.0751747 ], [ 29.060256, 41.0751323 ], [ 29.0598871, 41.0749537 ], [ 29.0598919, 41.0749242 ], [ 29.0598103, 41.0748946 ], [ 29.0597918, 41.0749199 ], [ 29.0595114, 41.074837 ], [ 29.0595389, 41.0747882 ], [ 29.0590568, 41.0746517 ], [ 29.05904, 41.0746827 ], [ 29.0585848, 41.0745443 ], [ 29.0583884, 41.0744846 ], [ 29.0583299, 41.0744696 ], [ 29.0582813, 41.0745739 ], [ 29.0583273, 41.0745854 ], [ 29.0582947, 41.0746611 ], [ 29.0580532, 41.0745965 ], [ 29.0580921, 41.0745205 ], [ 29.058128, 41.0745303 ], [ 29.0581701, 41.0744286 ], [ 29.0580966, 41.0744393 ], [ 29.0576585, 41.0744449 ], [ 29.057019, 41.0744424 ], [ 29.0563152, 41.0744412 ], [ 29.0561678, 41.0744075 ], [ 29.0560248, 41.0743599 ], [ 29.055917, 41.0743206 ], [ 29.0558405, 41.0742771 ], [ 29.0557869, 41.0742336 ], [ 29.055741, 41.0741715 ], [ 29.0557225, 41.074084 ], [ 29.0555626, 41.0737585 ], [ 29.0555482, 41.0737511 ], [ 29.0553974, 41.0734638 ], [ 29.0553725, 41.0733895 ], [ 29.0553524, 41.0732843 ], [ 29.0553524, 41.0732449 ], [ 29.0553671, 41.0731852 ], [ 29.055388, 41.0731194 ], [ 29.0554181, 41.0729557 ], [ 29.0554824, 41.0725715 ], [ 29.0556045, 41.0722652 ], [ 29.0555723, 41.0722581 ], [ 29.0555884, 41.072154 ], [ 29.0558789, 41.0716031 ], [ 29.0559761, 41.0712987 ], [ 29.0560537, 41.0710403 ], [ 29.0560482, 41.0708896 ], [ 29.0560822, 41.0707453 ], [ 29.0561236, 41.0706076 ], [ 29.0561491, 41.0705552 ], [ 29.0562331, 41.0705291 ], [ 29.0562973, 41.0704864 ], [ 29.0564334, 41.0703323 ], [ 29.0564089, 41.0703166 ], [ 29.0564342, 41.0702893 ], [ 29.0564594, 41.0703036 ], [ 29.0565055, 41.0702423 ], [ 29.0565285, 41.0702479 ], [ 29.0565373, 41.070229 ], [ 29.0564924, 41.070217 ], [ 29.0565112, 41.070153 ], [ 29.0565598, 41.0701623 ], [ 29.0565679, 41.0701345 ], [ 29.0565786, 41.0701361 ], [ 29.0567052, 41.0697368 ], [ 29.0566746, 41.0697288 ], [ 29.0566545, 41.0696159 ], [ 29.0566554, 41.0695561 ], [ 29.0566652, 41.0695015 ], [ 29.0566824, 41.0694562 ], [ 29.0567219, 41.0693859 ], [ 29.0566949, 41.0693773 ], [ 29.0567077, 41.0693556 ], [ 29.0567328, 41.0693641 ], [ 29.0567622, 41.0693255 ], [ 29.0568358, 41.0692286 ], [ 29.0568102, 41.0692183 ], [ 29.0568315, 41.0691843 ], [ 29.0568619, 41.0691972 ], [ 29.0569584, 41.0690392 ], [ 29.0569963, 41.0689568 ], [ 29.0570209, 41.0689618 ], [ 29.0571431, 41.0685778 ], [ 29.0570455, 41.0683861 ], [ 29.0569902, 41.0681509 ], [ 29.0569683, 41.0681541 ], [ 29.0568132, 41.0677514 ], [ 29.0568278, 41.0675941 ], [ 29.0567971, 41.0675931 ], [ 29.0567949, 41.0676067 ], [ 29.0567742, 41.0676054 ], [ 29.0567802, 41.0675217 ], [ 29.0568037, 41.0675231 ], [ 29.0568038, 41.0675323 ], [ 29.0568388, 41.0675342 ], [ 29.0568562, 41.0673866 ], [ 29.0569432, 41.0673876 ], [ 29.0569459, 41.0672781 ], [ 29.0569135, 41.067276 ], [ 29.0569178, 41.0671871 ], [ 29.0569776, 41.0671866 ], [ 29.0569435, 41.0668432 ], [ 29.0569597, 41.0664207 ], [ 29.0563418, 41.0657153 ], [ 29.0558611, 41.0653076 ], [ 29.0553547, 41.0646799 ], [ 29.054889, 41.064052 ], [ 29.054534, 41.063545 ], [ 29.054178, 41.063038 ], [ 29.054006, 41.062912 ], [ 29.0537325, 41.0626025 ], [ 29.053485, 41.062537 ], [ 29.0528141, 41.0620978 ], [ 29.0524193, 41.0615024 ], [ 29.052454, 41.0610468 ], [ 29.0524794, 41.0607128 ], [ 29.0526596, 41.0601239 ], [ 29.0528227, 41.0598521 ], [ 29.0531832, 41.0580788 ], [ 29.0532776, 41.0574639 ], [ 29.05296, 41.0571856 ], [ 29.0528399, 41.0569591 ], [ 29.0526682, 41.0567131 ], [ 29.0521704, 41.0559106 ], [ 29.0519558, 41.0553863 ], [ 29.0519706, 41.0553258 ], [ 29.0516909, 41.0543876 ], [ 29.0516367, 41.0541265 ], [ 29.0516297, 41.0539883 ], [ 29.0516245, 41.0536195 ], [ 29.0516829, 41.0535227 ], [ 29.0517145, 41.0535265 ], [ 29.0517366, 41.0535246 ], [ 29.0517689, 41.0533948 ], [ 29.0516864, 41.0527334 ], [ 29.0513979, 41.0521566 ], [ 29.0514203, 41.0515431 ], [ 29.0514376, 41.0512167 ], [ 29.0515054, 41.0511116 ], [ 29.0513584, 41.0510521 ], [ 29.0514572, 41.0509261 ], [ 29.0516743, 41.0510154 ], [ 29.0520416, 41.0506938 ], [ 29.052385, 41.0504219 ], [ 29.052179, 41.0499106 ], [ 29.0523099, 41.0498629 ], [ 29.0524781, 41.0496623 ], [ 29.0525495, 41.0496678 ], [ 29.052588, 41.0494417 ], [ 29.0522155, 41.0492126 ], [ 29.0521506, 41.0490634 ], [ 29.0522517, 41.0488172 ], [ 29.0522123, 41.0487973 ], [ 29.0523378, 41.0485591 ], [ 29.0520578, 41.0483035 ], [ 29.0521167, 41.0482385 ], [ 29.0511923, 41.0478139 ], [ 29.0512319, 41.0477629 ], [ 29.0507534, 41.0475487 ], [ 29.0494535, 41.0472965 ], [ 29.0494674, 41.0471465 ], [ 29.0489501, 41.0469375 ], [ 29.048184, 41.046588 ], [ 29.0478151, 41.0464234 ], [ 29.0476851, 41.0463377 ], [ 29.0474393, 41.0462474 ], [ 29.046843, 41.0459688 ], [ 29.0462853, 41.0457127 ], [ 29.0460299, 41.0455794 ], [ 29.045833, 41.045473 ], [ 29.0457904, 41.0455258 ], [ 29.0456332, 41.0455063 ], [ 29.0452954, 41.0453081 ], [ 29.045284, 41.0452744 ], [ 29.0453085, 41.045209 ], [ 29.045005, 41.0450957 ], [ 29.0447901, 41.0449999 ], [ 29.0445546, 41.0449233 ], [ 29.0445361, 41.0449164 ], [ 29.0444462, 41.0448818 ], [ 29.0439176, 41.0446783 ], [ 29.043818, 41.0446399 ], [ 29.0436526, 41.0445207 ], [ 29.0433701, 41.0442631 ], [ 29.0431387, 41.0440381 ], [ 29.043116, 41.0440161 ], [ 29.0428002, 41.0438946 ], [ 29.0427446, 41.043892 ], [ 29.042224, 41.043868 ], [ 29.0421656, 41.0437885 ], [ 29.0421454, 41.0437611 ], [ 29.0414146, 41.0436787 ], [ 29.0410224, 41.0436345 ], [ 29.0407125, 41.0434801 ], [ 29.0392515, 41.042662 ], [ 29.0384762, 41.0421844 ], [ 29.0383073, 41.0420803 ], [ 29.0378538, 41.0417608 ], [ 29.0376024, 41.0416271 ], [ 29.0375345, 41.0416852 ], [ 29.0369461, 41.0413576 ], [ 29.0370006, 41.0413046 ], [ 29.0370491, 41.0413294 ], [ 29.0370293, 41.0413515 ], [ 29.0374945, 41.0416129 ], [ 29.0376304, 41.0414907 ], [ 29.0371663, 41.0412213 ], [ 29.0371054, 41.0412773 ], [ 29.0370565, 41.0412493 ], [ 29.0371261, 41.0411804 ], [ 29.037054, 41.041136 ], [ 29.0368669, 41.0410292 ], [ 29.0362036, 41.0406743 ], [ 29.0356712, 41.0402622 ], [ 29.0356955, 41.0402395 ], [ 29.0353791, 41.039987 ], [ 29.0353304, 41.0399482 ], [ 29.035174, 41.0398932 ], [ 29.0351464, 41.0398954 ], [ 29.0349543, 41.0398158 ], [ 29.0349581, 41.0398011 ], [ 29.0349239, 41.0397926 ], [ 29.0348365, 41.0397711 ], [ 29.0348412, 41.0397562 ], [ 29.0347701, 41.0397216 ], [ 29.0347733, 41.0397063 ], [ 29.0346481, 41.0396766 ], [ 29.0346447, 41.0396892 ], [ 29.0345919, 41.0396765 ], [ 29.0345971, 41.0396646 ], [ 29.0344556, 41.0396311 ], [ 29.034461, 41.0396188 ], [ 29.0343502, 41.0395912 ], [ 29.0342993, 41.0395752 ], [ 29.0343102, 41.0395514 ], [ 29.0341081, 41.0394896 ], [ 29.0340342, 41.0394591 ], [ 29.0340112, 41.0394529 ], [ 29.0339426, 41.0394345 ], [ 29.0338384, 41.0393823 ], [ 29.0334951, 41.0393199 ], [ 29.0333536, 41.0392389 ], [ 29.0332764, 41.039109 ], [ 29.0329025, 41.0388634 ], [ 29.0328022, 41.0387346 ], [ 29.0325221, 41.0386359 ], [ 29.0318727, 41.0385288 ], [ 29.0317806, 41.0384943 ], [ 29.0315999, 41.0384123 ], [ 29.0316266, 41.038371 ], [ 29.0314279, 41.0382731 ], [ 29.0312434, 41.0381498 ], [ 29.0312243, 41.0381369 ], [ 29.031272, 41.0380967 ], [ 29.0312153, 41.0380611 ], [ 29.0310246, 41.0379414 ], [ 29.0309723, 41.03797 ], [ 29.0308991, 41.0379087 ], [ 29.0307403, 41.0377535 ], [ 29.0305589, 41.0375288 ], [ 29.0304438, 41.037423 ], [ 29.0302886, 41.037333 ], [ 29.030136, 41.0371973 ], [ 29.029998, 41.0371089 ], [ 29.0298473, 41.0370075 ], [ 29.0297807, 41.0369713 ], [ 29.029683, 41.0370784 ], [ 29.029555, 41.0370124 ], [ 29.029645, 41.0369131 ], [ 29.0295988, 41.0368892 ], [ 29.029621, 41.0368648 ], [ 29.0295383, 41.0368145 ], [ 29.0295241, 41.0368366 ], [ 29.0293764, 41.0367606 ], [ 29.0294067, 41.0367021 ], [ 29.029361, 41.0366901 ], [ 29.0293654, 41.0366756 ], [ 29.0293241, 41.0366584 ], [ 29.029308, 41.0366989 ], [ 29.0291846, 41.0366503 ], [ 29.0291614, 41.036677 ], [ 29.0287968, 41.0365255 ], [ 29.0285329, 41.036394 ], [ 29.0282177, 41.0362346 ], [ 29.0277997, 41.0360274 ], [ 29.0275398, 41.0358741 ], [ 29.0271266, 41.0355413 ], [ 29.0266527, 41.0351337 ], [ 29.0264764, 41.0350076 ], [ 29.0264296, 41.0350207 ], [ 29.026331, 41.034962 ], [ 29.026184, 41.034898 ], [ 29.0262151, 41.0348693 ], [ 29.0261113, 41.0348184 ], [ 29.0260577, 41.0348419 ], [ 29.025896, 41.0347199 ], [ 29.0255802, 41.0344569 ], [ 29.025383, 41.0343134 ], [ 29.0252221, 41.0341685 ], [ 29.0251822, 41.0341811 ], [ 29.0250816, 41.0341031 ], [ 29.0248068, 41.0338827 ], [ 29.0245256, 41.0336794 ], [ 29.0243453, 41.0335314 ], [ 29.0243612, 41.0335139 ], [ 29.0242453, 41.0334436 ], [ 29.0240554, 41.0333343 ], [ 29.0239857, 41.0332885 ], [ 29.0238151, 41.0331763 ], [ 29.0235524, 41.0330121 ], [ 29.0231626, 41.032748 ], [ 29.0231449, 41.0327617 ], [ 29.0227713, 41.0325134 ], [ 29.0228066, 41.0324811 ], [ 29.0223404, 41.0321994 ], [ 29.0223549, 41.0321884 ], [ 29.0224209, 41.0321275 ], [ 29.0222102, 41.0320034 ], [ 29.0221487, 41.0320682 ], [ 29.0221394, 41.0320818 ], [ 29.0220901, 41.032051 ], [ 29.0219459, 41.0319293 ], [ 29.0217672, 41.031862 ], [ 29.021708, 41.0319506 ], [ 29.0216968, 41.0319796 ], [ 29.0217981, 41.032015 ], [ 29.0217688, 41.032057 ], [ 29.0214676, 41.0319499 ], [ 29.0214959, 41.0319019 ], [ 29.0215884, 41.0319367 ], [ 29.0216045, 41.0319125 ], [ 29.0216607, 41.0318293 ], [ 29.021005, 41.0315902 ], [ 29.0203908, 41.0315604 ], [ 29.0201493, 41.0315029 ], [ 29.0200951, 41.0315505 ], [ 29.019344, 41.0310675 ], [ 29.0191084, 41.0309295 ], [ 29.0187086, 41.0306622 ], [ 29.0180458, 41.030233 ], [ 29.017537, 41.0299596 ], [ 29.0173153, 41.0297636 ], [ 29.0171304, 41.029579 ], [ 29.0168372, 41.0292421 ], [ 29.0167277, 41.0291162 ], [ 29.0166597, 41.0291161 ], [ 29.0165321, 41.0289897 ], [ 29.0164034, 41.0288624 ], [ 29.0162899, 41.0287502 ], [ 29.016345, 41.0287123 ], [ 29.0161299, 41.0285509 ], [ 29.0160409, 41.0283783 ], [ 29.0161079, 41.0283142 ], [ 29.0160556, 41.0282721 ], [ 29.0159251, 41.0281629 ], [ 29.0157836, 41.0280444 ], [ 29.0157405, 41.0280083 ], [ 29.0156905, 41.0280423 ], [ 29.0155857, 41.0279547 ], [ 29.0155045, 41.0281329 ], [ 29.0153843, 41.0282226 ], [ 29.0152875, 41.0281402 ], [ 29.015176, 41.0280439 ], [ 29.0152824, 41.0279736 ], [ 29.0150849, 41.0278286 ], [ 29.0150029, 41.0278174 ], [ 29.014792, 41.0276035 ], [ 29.0146967, 41.0274852 ], [ 29.014668, 41.0274495 ], [ 29.0146423, 41.0274121 ], [ 29.0147844, 41.0273216 ], [ 29.0144712, 41.0271027 ], [ 29.0144379, 41.027144 ], [ 29.0143208, 41.0271013 ], [ 29.0141644, 41.0270371 ], [ 29.0139874, 41.0269474 ], [ 29.0137916, 41.0268088 ], [ 29.0136011, 41.0266307 ], [ 29.013458, 41.0264429 ], [ 29.0135121, 41.0264219 ], [ 29.0132985, 41.0262248 ], [ 29.013168, 41.0261531 ], [ 29.0126905, 41.0260605 ], [ 29.0125493, 41.0260707 ], [ 29.0124084, 41.0261044 ], [ 29.0120315, 41.0261899 ], [ 29.0116781, 41.0261994 ], [ 29.0113429, 41.0260859 ], [ 29.0110203, 41.026103 ], [ 29.0107774, 41.026162 ], [ 29.0106133, 41.0261464 ], [ 29.0102818, 41.0260935 ], [ 29.0101426, 41.0260639 ], [ 29.0098422, 41.0259944 ], [ 29.0096328, 41.0259405 ], [ 29.0095791, 41.0259628 ], [ 29.0095189, 41.0259551 ], [ 29.0094893, 41.0259203 ], [ 29.0094946, 41.0258899 ], [ 29.0094142, 41.0258242 ], [ 29.0094075, 41.0258039 ], [ 29.0089044, 41.0254839 ], [ 29.0087274, 41.0253515 ], [ 29.0085609, 41.0252224 ], [ 29.0084258, 41.0250866 ], [ 29.0079997, 41.0246297 ], [ 29.0076511, 41.0242615 ], [ 29.00745, 41.0240377 ], [ 29.0072381, 41.0237643 ], [ 29.007113, 41.0235214 ], [ 29.006993, 41.023305 ], [ 29.0068866, 41.0231534 ], [ 29.006788, 41.0230991 ], [ 29.0064614, 41.0225292 ], [ 29.0063673, 41.0223138 ], [ 29.0063631, 41.0221357 ], [ 29.0064332, 41.0218007 ], [ 29.0065435, 41.0214671 ], [ 29.0068446, 41.0209944 ], [ 29.0069368, 41.0209682 ], [ 29.0071098, 41.0207215 ], [ 29.0070272, 41.0206399 ], [ 29.0075127, 41.0200835 ], [ 29.0076722, 41.0199356 ], [ 29.0084351, 41.0193304 ], [ 29.0085185, 41.0193417 ], [ 29.0086212, 41.0192273 ], [ 29.0086188, 41.0190316 ], [ 29.0086604, 41.0188322 ], [ 29.0084867, 41.018751 ], [ 29.0085172, 41.0186978 ], [ 29.0086604, 41.0187085 ], [ 29.008653, 41.0186033 ], [ 29.0086212, 41.0183929 ], [ 29.0086259, 41.0180631 ], [ 29.0083448, 41.0180218 ], [ 29.0082473, 41.0180759 ], [ 29.008126, 41.0185256 ], [ 29.0083692, 41.0186365 ], [ 29.0083257, 41.0186986 ], [ 29.007948, 41.018595 ], [ 29.0080218, 41.0182655 ], [ 29.0081785, 41.0179347 ], [ 29.0083815, 41.0178926 ], [ 29.0084402, 41.017828 ], [ 29.008446, 41.0177283 ], [ 29.0085234, 41.0176194 ], [ 29.0087143, 41.0175321 ], [ 29.0092379, 41.0172277 ], [ 29.0095898, 41.0169622 ], [ 29.0099881, 41.0165421 ], [ 29.010313, 41.0160759 ], [ 29.0105654, 41.0156236 ], [ 29.0106736, 41.0152656 ], [ 29.0107571, 41.0148963 ], [ 29.0108881, 41.0143718 ], [ 29.0109911, 41.0137372 ], [ 29.0111505, 41.0129903 ], [ 29.0110266, 41.0129422 ], [ 29.0100303, 41.013191 ], [ 29.0095092, 41.0139146 ], [ 29.0094428, 41.0138767 ], [ 29.0100349, 41.0130004 ], [ 29.0106172, 41.0128293 ], [ 29.0106153, 41.0127826 ], [ 29.0108747, 41.0126046 ], [ 29.0109847, 41.0124632 ], [ 29.0110146, 41.0123251 ], [ 29.0104653, 41.0112112 ], [ 29.0103021, 41.0111376 ], [ 29.0102581, 41.0110582 ], [ 29.0101211, 41.0110748 ], [ 29.0100893, 41.0110065 ], [ 29.0099946, 41.0110059 ], [ 29.0099238, 41.0108274 ], [ 29.0098988, 41.0107643 ], [ 29.0096798, 41.0108139 ], [ 29.0094245, 41.0108616 ], [ 29.0091757, 41.0109388 ], [ 29.0089197, 41.0109548 ], [ 29.008896, 41.0109117 ], [ 29.0094181, 41.0106283 ], [ 29.0100515, 41.0104624 ], [ 29.009994, 41.0103455 ], [ 29.0097866, 41.0099243 ], [ 29.0100344, 41.0095251 ], [ 29.0098428, 41.009463 ], [ 29.0096174, 41.0096511 ], [ 29.0095545, 41.0096293 ], [ 29.009829, 41.0092283 ], [ 29.0096267, 41.0091578 ], [ 29.0093706, 41.0093614 ], [ 29.0091609, 41.0092061 ], [ 29.008087, 41.0095183 ], [ 29.007199, 41.0109158 ], [ 29.0070716, 41.0108636 ], [ 29.006983, 41.0110027 ], [ 29.0068601, 41.0109525 ], [ 29.0075788, 41.0098223 ], [ 29.0073, 41.0096975 ], [ 29.0074105, 41.0095001 ], [ 29.0091757, 41.0090004 ], [ 29.0103569, 41.0072237 ], [ 29.0102347, 41.0071007 ], [ 29.0067059, 41.0074352 ], [ 29.0066612, 41.0073035 ], [ 29.0079134, 41.0055001 ], [ 29.0079665, 41.0054235 ], [ 29.0083587, 41.0048587 ], [ 29.01244, 41.0044517 ], [ 29.0124275, 41.004262 ], [ 29.0134669, 41.0026265 ], [ 29.0133872, 41.0025344 ], [ 29.0104854, 41.0028165 ], [ 29.0103433, 41.0026696 ], [ 29.0115514, 41.0008972 ], [ 29.015483, 41.0005265 ], [ 29.0157564, 41.0002827 ], [ 29.0157894, 41.0002533 ], [ 29.0161299, 40.99991793505724 ], [ 29.016554234415583, 40.9995 ], [ 28.999332403790877, 40.9995 ], [ 28.999332403790877, 41.038225999833543 ], [ 29.0024377, 41.0391138 ], [ 29.0028094, 41.0392218 ], [ 29.0034768, 41.0394047 ], [ 29.003943, 41.0395346 ], [ 29.0046394, 41.0397289 ], [ 29.0051108, 41.0398592 ], [ 29.0051664, 41.0398724 ], [ 29.0051526, 41.0399005 ], [ 29.0053088, 41.0399767 ], [ 29.0053887, 41.0400306 ], [ 29.0054036, 41.0400185 ], [ 29.005381, 41.0400011 ], [ 29.0054808, 41.0399271 ], [ 29.005501, 41.0399427 ], [ 29.0055722, 41.0398899 ], [ 29.0057053, 41.0399916 ], [ 29.0057803, 41.0400496 ], [ 29.0055941, 41.0401876 ], [ 29.0055551, 41.0402187 ], [ 29.0056534, 41.0402852 ], [ 29.0060069, 41.0405712 ], [ 29.0061336, 41.0404932 ], [ 29.0063215, 41.0406884 ], [ 29.0062383, 41.0407511 ], [ 29.0063153, 41.0408092 ], [ 29.0064333, 41.0407144 ], [ 29.0066393, 41.0408698 ], [ 29.0071999, 41.040969 ], [ 29.0072475, 41.0407981 ], [ 29.0074193, 41.0408253 ], [ 29.0075844, 41.0408515 ], [ 29.0074739, 41.0412477 ], [ 29.0077801, 41.0413118 ], [ 29.0079942, 41.0413569 ], [ 29.0080414, 41.0412285 ], [ 29.0081243, 41.0412458 ], [ 29.0082745, 41.0412749 ], [ 29.0083314, 41.0410779 ], [ 29.0090409, 41.0412136 ], [ 29.0090691, 41.0411584 ], [ 29.0096968, 41.0412245 ], [ 29.0100562, 41.041298 ], [ 29.0106168, 41.041472 ], [ 29.010598, 41.0415165 ], [ 29.0104639, 41.0414922 ], [ 29.0104023, 41.0416404 ], [ 29.0104759, 41.0416661 ], [ 29.0108552, 41.0417961 ], [ 29.0109662, 41.0416033 ], [ 29.012833, 41.0421967 ], [ 29.0127687, 41.0423049 ], [ 29.0129404, 41.042291 ], [ 29.0129457, 41.0422708 ], [ 29.0129913, 41.0422668 ], [ 29.0129967, 41.0422931 ], [ 29.0130718, 41.0422748 ], [ 29.0169074, 41.0434987 ], [ 29.0168671, 41.0436181 ], [ 29.0181482, 41.0440435 ], [ 29.0180342, 41.0442735 ], [ 29.0181267, 41.0443921 ], [ 29.0180127, 41.0445989 ], [ 29.0181482, 41.0446523 ], [ 29.0182807, 41.0444571 ], [ 29.0183911, 41.0445143 ], [ 29.0184376, 41.0444728 ], [ 29.0185003, 41.0445078 ], [ 29.0184574, 41.0445487 ], [ 29.0196768, 41.04521 ], [ 29.0209152, 41.0457151 ], [ 29.0211415, 41.045803 ], [ 29.0211553, 41.0457782 ], [ 29.0234829, 41.0467071 ], [ 29.024658, 41.0471725 ], [ 29.024892, 41.0472568 ], [ 29.0251706, 41.0472625 ], [ 29.0255375, 41.0473154 ], [ 29.0256169, 41.0473709 ], [ 29.0256389, 41.0473774 ], [ 29.0256329, 41.0474069 ], [ 29.0261713, 41.0474649 ], [ 29.0268152, 41.0469932 ], [ 29.026894, 41.0469879 ], [ 29.0270546, 41.0470759 ], [ 29.0273532, 41.0470636 ], [ 29.0275564, 41.0470943 ], [ 29.0279183, 41.0474316 ], [ 29.0277841, 41.0475252 ], [ 29.0280155, 41.0476656 ], [ 29.0281765, 41.0478011 ], [ 29.0285837, 41.048358 ], [ 29.0299113, 41.0489914 ], [ 29.0307994, 41.0493474 ], [ 29.0311066, 41.0494268 ], [ 29.0311226, 41.0494642 ], [ 29.0312279, 41.0494837 ], [ 29.0312519, 41.049504 ], [ 29.031729, 41.0495487 ], [ 29.0322738, 41.0496325 ], [ 29.0323365, 41.0495433 ], [ 29.0326468, 41.0497112 ], [ 29.0326732, 41.0496924 ], [ 29.0327995, 41.0497522 ], [ 29.0329664, 41.0499364 ], [ 29.0329449, 41.0499603 ], [ 29.033302, 41.0504241 ], [ 29.0332653, 41.0504452 ], [ 29.0336138, 41.0510174 ], [ 29.0337625, 41.0513015 ], [ 29.0337167, 41.0513157 ], [ 29.0341745, 41.0522279 ], [ 29.0344119, 41.0526637 ], [ 29.0345191, 41.052638 ], [ 29.0349696, 41.0537242 ], [ 29.0348969, 41.053743 ], [ 29.035075, 41.0541653 ], [ 29.0351917, 41.0541468 ], [ 29.0356378, 41.0552739 ], [ 29.0358577, 41.0557805 ], [ 29.035865, 41.0558095 ], [ 29.0359656, 41.0560595 ], [ 29.0360342, 41.0570432 ], [ 29.036586, 41.059498 ], [ 29.0367132, 41.0596373 ], [ 29.0369437, 41.0598218 ], [ 29.0371609, 41.059694 ], [ 29.0372888, 41.0598361 ], [ 29.0371413, 41.0599239 ], [ 29.0371276, 41.060092 ], [ 29.0375705, 41.0606844 ], [ 29.0377958, 41.0609837 ], [ 29.0384461, 41.0613794 ], [ 29.0392746, 41.0617888 ], [ 29.0397295, 41.0620994 ], [ 29.0400276, 41.0623868 ], [ 29.0401527, 41.0624496 ], [ 29.0405176, 41.0626245 ], [ 29.0406741, 41.0627533 ], [ 29.0407865, 41.0628895 ], [ 29.0408855, 41.0631056 ], [ 29.0409079, 41.0632123 ], [ 29.0409245, 41.0636779 ], [ 29.0409808, 41.0641326 ], [ 29.041018, 41.0643288 ], [ 29.0411704, 41.0649765 ], [ 29.0413264, 41.0654323 ], [ 29.0417467, 41.066073 ], [ 29.0418908, 41.0660847 ], [ 29.0419227, 41.0661131 ], [ 29.042197, 41.0663563 ], [ 29.0423491, 41.0664913 ], [ 29.042318, 41.0665219 ], [ 29.0423061, 41.0665827 ], [ 29.0422707, 41.0667627 ], [ 29.0423699, 41.0668165 ], [ 29.0427003, 41.0669957 ], [ 29.0431128, 41.0671222 ], [ 29.0431328, 41.0670847 ], [ 29.04321, 41.0669401 ], [ 29.0432429, 41.0668786 ], [ 29.0432816, 41.066763 ], [ 29.0433754, 41.0667815 ], [ 29.0435385, 41.0668062 ], [ 29.0435144, 41.0669135 ], [ 29.043715, 41.0669433 ], [ 29.0437607, 41.0671706 ], [ 29.0437653, 41.0671935 ], [ 29.0440091, 41.0672459 ], [ 29.0443098, 41.0672698 ], [ 29.0446468, 41.0673136 ], [ 29.0446406, 41.0673612 ], [ 29.0447635, 41.0674064 ], [ 29.0447778, 41.0674447 ], [ 29.045307, 41.0675364 ], [ 29.0454138, 41.0675602 ], [ 29.0456023, 41.0674013 ], [ 29.045653, 41.0674289 ], [ 29.0458832, 41.0675875 ], [ 29.045979, 41.0676765 ], [ 29.046028, 41.0677255 ], [ 29.0463312, 41.0678507 ], [ 29.046376, 41.0678914 ], [ 29.0463725, 41.0680389 ], [ 29.0463653, 41.0682319 ], [ 29.0464132, 41.0683378 ], [ 29.0464783, 41.0686561 ], [ 29.0464846, 41.0688126 ], [ 29.046477, 41.0690369 ], [ 29.0464037, 41.0693474 ], [ 29.0463167, 41.069572 ], [ 29.0454155, 41.0709503 ], [ 29.0452737, 41.0711815 ], [ 29.0452592, 41.0712592 ], [ 29.0452773, 41.0713623 ], [ 29.0453077, 41.0714199 ], [ 29.0450802, 41.0723166 ], [ 29.0449969, 41.0725371 ], [ 29.0449554, 41.0726671 ], [ 29.044816, 41.0728958 ], [ 29.044995, 41.0729522 ], [ 29.0449807, 41.0730376 ], [ 29.0449372, 41.0731231 ], [ 29.0449306, 41.0732242 ], [ 29.0440724, 41.0750007 ], [ 29.0440804, 41.0750737 ], [ 29.0441065, 41.0751553 ], [ 29.0443004, 41.0753792 ], [ 29.0442739, 41.0762487 ], [ 29.0442891, 41.0762492 ], [ 29.0445444, 41.0762573 ], [ 29.0445551, 41.0763149 ], [ 29.0445886, 41.0763839 ], [ 29.0444195, 41.0763877 ], [ 29.0444359, 41.0765798 ], [ 29.0444439, 41.0765811 ], [ 29.0444534, 41.0766681 ], [ 29.0444393, 41.0766675 ], [ 29.0444494, 41.0767941 ], [ 29.0444873, 41.0768077 ], [ 29.0444023, 41.0769824 ], [ 29.0443044, 41.0769558 ], [ 29.0443004, 41.0769671 ], [ 29.044366, 41.0769903 ], [ 29.0443145, 41.0770873 ], [ 29.0442843, 41.0770838 ], [ 29.0442151, 41.0771974 ], [ 29.0441907, 41.0772149 ], [ 29.0441866, 41.077233 ], [ 29.0442004, 41.0772701 ], [ 29.0442269, 41.0773187 ], [ 29.0442615, 41.0773402 ], [ 29.044293, 41.0773393 ], [ 29.0443256, 41.0774157 ], [ 29.0442698, 41.0774292 ], [ 29.0443382, 41.0775181 ], [ 29.0442822, 41.0775333 ], [ 29.0443339, 41.0776067 ], [ 29.0443311, 41.0776221 ], [ 29.0443233, 41.0776267 ], [ 29.0443676, 41.0776671 ], [ 29.0443783, 41.0776612 ], [ 29.0445473, 41.0778157 ], [ 29.0445302, 41.0778243 ], [ 29.0445427, 41.0778317 ], [ 29.0444714, 41.0778666 ], [ 29.0445045, 41.0778839 ], [ 29.0445868, 41.0779026 ], [ 29.0446368, 41.0779645 ], [ 29.0448101, 41.0780757 ], [ 29.0448133, 41.0780867 ], [ 29.0449819, 41.0781919 ], [ 29.0450222, 41.0781261 ], [ 29.0451026, 41.0780929 ], [ 29.0451718, 41.0781104 ], [ 29.0453578, 41.0781265 ], [ 29.0453707, 41.0780904 ], [ 29.0455167, 41.0781328 ], [ 29.0455085, 41.0781465 ], [ 29.0457283, 41.0782213 ], [ 29.0456826, 41.0782956 ], [ 29.0457273, 41.07838 ], [ 29.045759, 41.0783656 ], [ 29.0457856, 41.0783989 ], [ 29.0457564, 41.0784145 ], [ 29.0458296, 41.0785142 ], [ 29.0458272, 41.0785342 ], [ 29.0458232, 41.0785538 ], [ 29.0458076, 41.0785646 ], [ 29.0460345, 41.0787355 ], [ 29.0460226, 41.0787683 ], [ 29.0460556, 41.0787774 ], [ 29.046287, 41.0789291 ], [ 29.0464262, 41.0790223 ], [ 29.0464707, 41.0790476 ], [ 29.0465224, 41.0790748 ], [ 29.0465763, 41.0790933 ], [ 29.0466377, 41.0791088 ], [ 29.0467027, 41.0791192 ], [ 29.0467833, 41.0791287 ], [ 29.0474988, 41.079197 ], [ 29.0481277, 41.0792569 ], [ 29.0481305, 41.0792058 ], [ 29.0483891, 41.0792354 ], [ 29.0486521, 41.0792947 ], [ 29.0486351, 41.0793434 ], [ 29.0490748, 41.0794535 ], [ 29.0492702, 41.0794993 ], [ 29.0497963, 41.0796192 ], [ 29.0500212, 41.0796692 ], [ 29.0503833, 41.0797547 ], [ 29.0506772, 41.0798388 ], [ 29.0509255, 41.0799059 ], [ 29.0510242, 41.0799231 ], [ 29.0512057, 41.0799375 ], [ 29.0515107, 41.0799432 ], [ 29.0519001, 41.0799447 ], [ 29.0519796, 41.0799555 ], [ 29.0520514, 41.0799685 ], [ 29.052166, 41.0799989 ], [ 29.052189, 41.0799518 ], [ 29.0527569, 41.0801757 ], [ 29.0527583, 41.0801717 ], [ 29.0528167, 41.0801959 ], [ 29.0527891, 41.0802404 ], [ 29.0529041, 41.0802846 ], [ 29.0529346, 41.0803035 ], [ 29.0532516, 41.0804114 ], [ 29.0533187, 41.0804111 ], [ 29.053654, 41.0805507 ], [ 29.0539141, 41.0806733 ], [ 29.0539466, 41.0806289 ], [ 29.0546675, 41.080969 ], [ 29.0546309, 41.0810157 ], [ 29.0547757, 41.0810946 ], [ 29.0548617, 41.0811404 ], [ 29.0549398, 41.081182 ], [ 29.0553267, 41.081318 ], [ 29.0558382, 41.0816432 ], [ 29.0560038, 41.081802 ], [ 29.0560796, 41.0819911 ], [ 29.05651, 41.0824258 ], [ 29.0566784, 41.0826736 ], [ 29.0567866, 41.082957 ], [ 29.0568428, 41.0829469 ], [ 29.0570176, 41.0835623 ], [ 29.0569456, 41.0835751 ], [ 29.0570003, 41.0837345 ], [ 29.0572284, 41.0853946 ], [ 29.0571601, 41.0860343 ], [ 29.0572131, 41.0863267 ], [ 29.0572589, 41.0863124 ], [ 29.0572886, 41.0864314 ], [ 29.057265, 41.0869532 ], [ 29.0572044, 41.0869569 ], [ 29.0572035, 41.0869863 ], [ 29.0569502, 41.0879594 ], [ 29.0569291, 41.088029 ], [ 29.0570327, 41.0880543 ], [ 29.057049, 41.0882401 ], [ 29.056915, 41.0882635 ], [ 29.0569247, 41.0882946 ], [ 29.0569844, 41.0882844 ], [ 29.0570962, 41.088577 ], [ 29.0571421, 41.0886035 ], [ 29.0571711, 41.0886695 ], [ 29.057162, 41.0890311 ], [ 29.0571059, 41.0890339 ], [ 29.0571003, 41.0891478 ], [ 29.0570553, 41.0892523 ], [ 29.0570088, 41.0894475 ], [ 29.0570357, 41.0894591 ], [ 29.0569351, 41.0897957 ], [ 29.0569107, 41.089884 ], [ 29.0569188, 41.0899534 ], [ 29.0569423, 41.0899467 ], [ 29.0570153, 41.0902107 ], [ 29.057102, 41.090318 ], [ 29.0570163, 41.0903391 ], [ 29.0569874, 41.0906304 ], [ 29.0569538, 41.0907998 ], [ 29.0568945, 41.0910763 ], [ 29.056863, 41.0912196 ], [ 29.0568378, 41.0912352 ], [ 29.0566437, 41.0915488 ], [ 29.0558096, 41.092171 ], [ 29.055492, 41.0924297 ], [ 29.0547711, 41.0934 ], [ 29.0545565, 41.0936846 ], [ 29.0544697, 41.0939525 ], [ 29.0543495, 41.0940948 ], [ 29.0542886, 41.0943569 ], [ 29.0540054, 41.0948485 ], [ 29.0541255, 41.0953401 ], [ 29.0541255, 41.0959417 ], [ 29.0541169, 41.0969313 ], [ 29.0545289, 41.0970801 ], [ 29.0545501, 41.0972993 ], [ 29.0546405, 41.0974811 ], [ 29.054589, 41.097701 ], [ 29.0545118, 41.0978045 ], [ 29.0545118, 41.0979339 ], [ 29.0542629, 41.0979727 ], [ 29.0542308, 41.0980433 ], [ 29.0542206, 41.0980618 ], [ 29.0542087, 41.0980835 ], [ 29.0540444, 41.0981444 ], [ 29.053534, 41.0989294 ], [ 29.0538144, 41.0990621 ], [ 29.0538357, 41.0990377 ], [ 29.0540072, 41.0991228 ], [ 29.0542712, 41.0992678 ], [ 29.0544663, 41.09939 ], [ 29.0545633, 41.099539 ], [ 29.0546656, 41.099722 ], [ 29.0547118, 41.0997085 ], [ 29.0550445, 41.1003345 ], [ 29.0549943, 41.1003495 ], [ 29.0550439, 41.1004434 ], [ 29.0551232, 41.1006274 ], [ 29.0552048, 41.1010041 ], [ 29.0552119, 41.1012971 ], [ 29.0551845, 41.1017392 ], [ 29.0554298, 41.1019615 ], [ 29.0556627, 41.1021586 ], [ 29.0557257, 41.1021492 ], [ 29.0559703, 41.1027229 ], [ 29.0559086, 41.1027402 ], [ 29.0560732, 41.1029539 ], [ 29.0562092, 41.1029182 ], [ 29.0562952, 41.1030627 ], [ 29.056197, 41.1030929 ], [ 29.0563428, 41.1032791 ], [ 29.0565815, 41.1035731 ], [ 29.0566516, 41.1035582 ], [ 29.0567527, 41.1038084 ], [ 29.0568139, 41.1040696 ], [ 29.0567619, 41.1040787 ], [ 29.0567874, 41.1044581 ], [ 29.0568958, 41.1048115 ], [ 29.0572218, 41.1052536 ], [ 29.057286, 41.1052423 ], [ 29.057391, 41.1055499 ], [ 29.0574882, 41.1058905 ], [ 29.057434, 41.1058963 ], [ 29.0576213, 41.106544 ], [ 29.0578179, 41.1069563 ], [ 29.0578702, 41.1069404 ], [ 29.0581145, 41.1073452 ], [ 29.0580728, 41.107359 ], [ 29.0582847, 41.1077355 ], [ 29.0583256, 41.1077051 ], [ 29.0587901, 41.1079351 ], [ 29.0590669, 41.1081344 ], [ 29.0590218, 41.1081698 ], [ 29.0592358, 41.1087365 ], [ 29.0593579, 41.1093226 ], [ 29.0591724, 41.1095727 ], [ 29.0585209, 41.1103081 ], [ 29.0585793, 41.1104685 ], [ 29.0585394, 41.1112507 ], [ 29.0584873, 41.1116154 ], [ 29.0584394, 41.1120006 ], [ 29.0585304, 41.1120285 ], [ 29.0584714, 41.1126837 ], [ 29.0579549, 41.1130557 ], [ 29.0575223, 41.1133634 ], [ 29.0576907, 41.1134941 ], [ 29.0574464, 41.1136336 ], [ 29.0572852, 41.113519 ], [ 29.0572168, 41.1135665 ], [ 29.0565236, 41.1135708 ], [ 29.0562232, 41.1134865 ], [ 29.0554143, 41.1132303 ], [ 29.0551858, 41.1132935 ], [ 29.0550654, 41.1133295 ], [ 29.054972, 41.1133723 ], [ 29.0547687, 41.1134561 ], [ 29.0546315, 41.1135162 ], [ 29.0543942, 41.1135274 ], [ 29.0543508, 41.1137722 ], [ 29.0544226, 41.1138805 ], [ 29.0545182, 41.1140741 ], [ 29.0545703, 41.1141634 ], [ 29.0546236, 41.1141961 ], [ 29.0546359, 41.1141955 ], [ 29.0547337, 41.1142421 ], [ 29.0548621, 41.114303 ], [ 29.0550724, 41.1143739 ], [ 29.0552947, 41.1144527 ], [ 29.0554516, 41.1145132 ], [ 29.0557324, 41.1146155 ], [ 29.0558554, 41.1146649 ], [ 29.0558419, 41.1146894 ], [ 29.0563394, 41.114851 ], [ 29.056487, 41.1148806 ], [ 29.0566859, 41.1149193 ], [ 29.0568418, 41.1149446 ], [ 29.0571567, 41.1149429 ], [ 29.0574047, 41.114915 ], [ 29.0576607, 41.114848 ], [ 29.0578495, 41.1147645 ], [ 29.0578489, 41.1147469 ], [ 29.0579734, 41.1146395 ], [ 29.0579525, 41.1146074 ], [ 29.057981, 41.1145906 ], [ 29.0583435, 41.1144209 ], [ 29.0586188, 41.114287 ], [ 29.0588632, 41.114193 ], [ 29.0588731, 41.1142035 ], [ 29.0593757, 41.1139704 ], [ 29.0594502, 41.1140424 ], [ 29.0609031, 41.1133927 ], [ 29.0610516, 41.1132171 ], [ 29.0611487, 41.1132631 ], [ 29.0611679, 41.1132509 ], [ 29.0612314, 41.1132538 ], [ 29.0613194, 41.1131447 ], [ 29.0614239, 41.11315 ], [ 29.0616953, 41.1131583 ], [ 29.061702, 41.1131219 ], [ 29.0617587, 41.1131254 ], [ 29.0617469, 41.1131646 ], [ 29.0618062, 41.1132013 ], [ 29.0618491, 41.1132239 ], [ 29.0619191, 41.113272 ], [ 29.0621588, 41.1135213 ], [ 29.0621734, 41.1135163 ], [ 29.0622276, 41.1135798 ], [ 29.0622532, 41.1135834 ], [ 29.0622778, 41.11361 ], [ 29.0622718, 41.1136425 ], [ 29.0623656, 41.1137785 ], [ 29.0625842, 41.1140644 ], [ 29.0626186, 41.1140909 ], [ 29.0627746, 41.1142751 ], [ 29.0628574, 41.1143551 ], [ 29.0630143, 41.1145134 ], [ 29.062971, 41.1145404 ], [ 29.0630809, 41.1146449 ], [ 29.0631383, 41.1146939 ], [ 29.0632171, 41.114717 ], [ 29.0633818, 41.1148582 ], [ 29.0634415, 41.1149106 ], [ 29.0636388, 41.1153389 ], [ 29.063752, 41.1155278 ], [ 29.0639111, 41.1158006 ], [ 29.0639488, 41.1158704 ], [ 29.0641042, 41.1161639 ], [ 29.0641584, 41.1162293 ], [ 29.064195, 41.1162699 ], [ 29.0642641, 41.1163174 ], [ 29.0642896, 41.1163587 ], [ 29.064333, 41.1164065 ], [ 29.0643705, 41.1164373 ], [ 29.0643737, 41.1165373 ], [ 29.0645001, 41.1166477 ], [ 29.0644658, 41.1166723 ], [ 29.0645387, 41.116716 ], [ 29.0645825, 41.1166806 ], [ 29.0646535, 41.116707 ], [ 29.0646459, 41.116722 ], [ 29.0646855, 41.1167354 ], [ 29.0647324, 41.116682 ], [ 29.0648482, 41.1167423 ], [ 29.0650354, 41.1168433 ], [ 29.0651425, 41.1169045 ], [ 29.0652336, 41.116951 ], [ 29.065276, 41.1169737 ], [ 29.0652977, 41.116987 ], [ 29.065425, 41.1170697 ], [ 29.0654512, 41.1170913 ], [ 29.0654979, 41.1170944 ], [ 29.0655376, 41.1171008 ], [ 29.0655392, 41.1171414 ], [ 29.0659339, 41.1173462 ], [ 29.0659942, 41.1172739 ], [ 29.0660541, 41.1173034 ], [ 29.0660368, 41.1173262 ], [ 29.0660247, 41.1173498 ], [ 29.0661886, 41.1174503 ], [ 29.066317, 41.1175037 ], [ 29.0662626, 41.1175553 ], [ 29.0663285, 41.1175996 ], [ 29.0663327, 41.117613 ], [ 29.0663718, 41.1176235 ], [ 29.06638, 41.1175998 ], [ 29.0664207, 41.1176114 ], [ 29.066414, 41.1176364 ], [ 29.0665848, 41.1176857 ], [ 29.0665894, 41.1177089 ], [ 29.0667641, 41.1177465 ], [ 29.0667464, 41.1177906 ], [ 29.0668696, 41.1178222 ], [ 29.0669532, 41.1178452 ], [ 29.0669365, 41.1178727 ], [ 29.0669797, 41.1178866 ], [ 29.0670051, 41.1178386 ], [ 29.0671536, 41.1178919 ], [ 29.0671121, 41.1179407 ], [ 29.067192, 41.1179777 ], [ 29.0672046, 41.1179644 ], [ 29.067381, 41.1180541 ], [ 29.0673661, 41.1180703 ], [ 29.0675341, 41.1181717 ], [ 29.0675909, 41.1181366 ], [ 29.0676625, 41.1182077 ], [ 29.0676916, 41.1181944 ], [ 29.0677331, 41.1182357 ], [ 29.067753, 41.1182281 ], [ 29.0679363, 41.1183871 ], [ 29.0681611, 41.1185477 ], [ 29.0682348, 41.1185663 ], [ 29.0682519, 41.1185687 ], [ 29.0686012, 41.1187965 ], [ 29.0687761, 41.1189105 ], [ 29.0688295, 41.1189373 ], [ 29.0688423, 41.1189333 ], [ 29.0689438, 41.1190292 ], [ 29.0690326, 41.1191185 ], [ 29.0690624, 41.1191488 ], [ 29.0690753, 41.119141 ], [ 29.069119, 41.1191816 ], [ 29.069112, 41.1191872 ], [ 29.0692716, 41.1193147 ], [ 29.0695558, 41.1195842 ], [ 29.0695745, 41.1195713 ], [ 29.0697089, 41.1196853 ], [ 29.0697888, 41.119646 ], [ 29.0700716, 41.1200168 ], [ 29.070092, 41.1200099 ], [ 29.0702617, 41.1202316 ], [ 29.070327, 41.1202092 ], [ 29.0704541, 41.1204023 ], [ 29.0703926, 41.1204285 ], [ 29.0706054, 41.1207659 ], [ 29.0707176, 41.1209727 ], [ 29.070779, 41.1212094 ], [ 29.0709311, 41.1215948 ], [ 29.0710976, 41.1215649 ], [ 29.071195, 41.1217127 ], [ 29.0708042, 41.1218585 ], [ 29.0709049, 41.1219801 ], [ 29.0709655, 41.1219634 ], [ 29.0710883, 41.1221348 ], [ 29.0711255, 41.1221795 ], [ 29.0712234, 41.1221296 ], [ 29.0713075, 41.1222304 ], [ 29.0713999, 41.1221982 ], [ 29.0714964, 41.1223353 ], [ 29.0714785, 41.1223467 ], [ 29.0715419, 41.122463 ], [ 29.0715791, 41.122461 ], [ 29.0717322, 41.1228723 ], [ 29.0718301, 41.123242 ], [ 29.0718838, 41.1232815 ], [ 29.071899, 41.1234103 ], [ 29.0717914, 41.1239795 ], [ 29.0716977, 41.1245372 ], [ 29.0714412, 41.1250887 ], [ 29.0711613, 41.1249911 ], [ 29.0711393, 41.1250171 ], [ 29.0709104, 41.1256434 ], [ 29.0711668, 41.1257161 ], [ 29.0712344, 41.1257701 ], [ 29.0710538, 41.1259996 ], [ 29.0709476, 41.1259768 ], [ 29.0709131, 41.1260069 ], [ 29.0708497, 41.125983 ], [ 29.0703554, 41.1267541 ], [ 29.0704379, 41.1267919 ], [ 29.070428, 41.126983 ], [ 29.0703621, 41.1271184 ], [ 29.0701664, 41.1273616 ], [ 29.0700104, 41.1274593 ], [ 29.0696972, 41.1276453 ], [ 29.0695047, 41.1277184 ], [ 29.0692625, 41.1277687 ], [ 29.0684455, 41.1280659 ], [ 29.0680507, 41.1282076 ], [ 29.0678548, 41.128315 ], [ 29.0677648, 41.1284252 ], [ 29.0675338, 41.1285986 ], [ 29.067306, 41.1287163 ], [ 29.0669767, 41.128802 ], [ 29.0668282, 41.1288304 ], [ 29.0665047, 41.128845 ], [ 29.0662712, 41.1289484 ], [ 29.0660402, 41.1290646 ], [ 29.0657993, 41.1292341 ], [ 29.0656662, 41.1293934 ], [ 29.0655961, 41.1295692 ], [ 29.0655055, 41.1296497 ], [ 29.064825, 41.1300713 ], [ 29.0645726, 41.1302188 ], [ 29.0641693, 41.130455 ], [ 29.0640652, 41.1305338 ], [ 29.0639734, 41.1306145 ], [ 29.0638495, 41.130781 ], [ 29.0636376, 41.1314647 ], [ 29.0634634, 41.1318344 ], [ 29.0632632, 41.1323315 ], [ 29.0631683, 41.1325432 ], [ 29.0627027, 41.1330207 ], [ 29.0625666, 41.1331436 ], [ 29.0625152, 41.1332216 ], [ 29.0625122, 41.1332936 ], [ 29.0625094, 41.1333352 ], [ 29.0625384, 41.1335117 ], [ 29.0625577, 41.133654 ], [ 29.0624984, 41.1341369 ], [ 29.0623495, 41.1343384 ], [ 29.0620103, 41.1347558 ], [ 29.0615387, 41.1351961 ], [ 29.0612161, 41.1354962 ], [ 29.0611458, 41.1355772 ], [ 29.0610878, 41.1357071 ], [ 29.0608217, 41.1357912 ], [ 29.0606866, 41.1358047 ], [ 29.0605611, 41.1358036 ], [ 29.0605529, 41.1357579 ], [ 29.0603061, 41.1357237 ], [ 29.0603005, 41.1357829 ], [ 29.0601944, 41.1357746 ], [ 29.060204, 41.135705 ], [ 29.0597303, 41.1359423 ], [ 29.0592251, 41.1361993 ], [ 29.0589838, 41.1364288 ], [ 29.0587328, 41.1366832 ], [ 29.0587742, 41.136731 ], [ 29.0588018, 41.1369293 ], [ 29.058879, 41.1369854 ], [ 29.0588928, 41.1370653 ], [ 29.0589424, 41.1371276 ], [ 29.0587776, 41.1371834 ], [ 29.058748, 41.1371287 ], [ 29.058486, 41.1370685 ], [ 29.0584778, 41.1370529 ], [ 29.0581841, 41.1371723 ], [ 29.0581138, 41.1370892 ], [ 29.057966, 41.1370398 ], [ 29.0574832, 41.1372135 ], [ 29.0573518, 41.1372678 ], [ 29.0569066, 41.1374518 ], [ 29.0564998, 41.137617 ], [ 29.0561455, 41.1377457 ], [ 29.0556891, 41.1379472 ], [ 29.0555181, 41.1380136 ], [ 29.0554616, 41.1379576 ], [ 29.0552561, 41.1380365 ], [ 29.0550162, 41.1381424 ], [ 29.0547873, 41.1382047 ], [ 29.0545061, 41.1383065 ], [ 29.0543365, 41.1384664 ], [ 29.0543081, 41.1384973 ], [ 29.0542289, 41.1385837 ], [ 29.0542, 41.1387073 ], [ 29.0541876, 41.1387987 ], [ 29.054222, 41.1388838 ], [ 29.0542634, 41.1389302 ], [ 29.0543351, 41.1390105 ], [ 29.0543928, 41.1390424 ], [ 29.0545358, 41.1391214 ], [ 29.0546199, 41.1391068 ], [ 29.054868, 41.1391588 ], [ 29.0551879, 41.1391525 ], [ 29.0556112, 41.139166 ], [ 29.0558911, 41.1391608 ], [ 29.0561476, 41.1391328 ], [ 29.0567308, 41.1390612 ], [ 29.0568852, 41.1390612 ], [ 29.0571031, 41.1390705 ], [ 29.0571017, 41.1390352 ], [ 29.0573678, 41.1390425 ], [ 29.0575098, 41.1390871 ], [ 29.057707, 41.1392076 ], [ 29.0579373, 41.1393509 ], [ 29.0579745, 41.1396613 ], [ 29.0579125, 41.139815 ], [ 29.0576781, 41.1402989 ], [ 29.057605, 41.140275 ], [ 29.0572437, 41.1408223 ], [ 29.0569887, 41.141195 ], [ 29.0567446, 41.1415585 ], [ 29.0565736, 41.1418274 ], [ 29.056655, 41.1418565 ], [ 29.0565654, 41.1419769 ], [ 29.0564385, 41.1421524 ], [ 29.0563485, 41.1422253 ], [ 29.0561848, 41.1423185 ], [ 29.0560288, 41.1423564 ], [ 29.0558844, 41.1424075 ], [ 29.0557271, 41.1425195 ], [ 29.0556167, 41.1425872 ], [ 29.055556, 41.1426682 ], [ 29.0555515, 41.142717 ], [ 29.0555507, 41.1428095 ], [ 29.0555892, 41.1430432 ], [ 29.055673, 41.1432885 ], [ 29.0557089, 41.1434854 ], [ 29.055691, 41.1437364 ], [ 29.0556272, 41.1438724 ], [ 29.0555835, 41.1439185 ], [ 29.0554983, 41.1440301 ], [ 29.0553529, 41.1441127 ], [ 29.0544174, 41.1448431 ], [ 29.0537479, 41.1456898 ], [ 29.0530526, 41.1463555 ], [ 29.052572, 41.1467756 ], [ 29.0524003, 41.1469566 ], [ 29.0517394, 41.1472798 ], [ 29.0515506, 41.1472539 ], [ 29.0508296, 41.1476094 ], [ 29.050793, 41.1476894 ], [ 29.0507527, 41.1477968 ], [ 29.0504745, 41.1479957 ], [ 29.0504212, 41.1480189 ], [ 29.0494907, 41.1482001 ], [ 29.0493731, 41.1482153 ], [ 29.0493821, 41.1483054 ], [ 29.0490014, 41.1483785 ], [ 29.0486885, 41.1484349 ], [ 29.048392, 41.1484878 ], [ 29.0483521, 41.1484039 ], [ 29.0472067, 41.14863 ], [ 29.0464435, 41.1487572 ], [ 29.0464675, 41.148813 ], [ 29.0458757, 41.1489472 ], [ 29.0458549, 41.1489389 ], [ 29.0453691, 41.1491925 ], [ 29.0455228, 41.1493732 ], [ 29.0448609, 41.149802 ], [ 29.0445714, 41.1497677 ], [ 29.044581, 41.1497491 ], [ 29.0448113, 41.1497719 ], [ 29.0449078, 41.1497293 ], [ 29.0452953, 41.1494739 ], [ 29.045469, 41.149367 ], [ 29.0453573, 41.1492621 ], [ 29.0453201, 41.1492725 ], [ 29.0452946, 41.1492342 ], [ 29.044565, 41.1496654 ], [ 29.0445934, 41.1496899 ], [ 29.0445686, 41.1497055 ], [ 29.0445203, 41.149686 ], [ 29.0441344, 41.1499757 ], [ 29.0437682, 41.15026 ], [ 29.0436045, 41.1504347 ], [ 29.0434187, 41.1506461 ], [ 29.0433407, 41.150731 ], [ 29.0431658, 41.1509507 ], [ 29.0428591, 41.1512923 ], [ 29.0427099, 41.151456 ], [ 29.0425489, 41.1516481 ], [ 29.042437, 41.1517702 ], [ 29.0422276, 41.1520134 ], [ 29.0419689, 41.1523273 ], [ 29.041698, 41.152632 ], [ 29.0415871, 41.1527561 ], [ 29.04142, 41.1529212 ], [ 29.0412835, 41.152964 ], [ 29.0409696, 41.1530449 ], [ 29.0403507, 41.1531827 ], [ 29.0398206, 41.1533201 ], [ 29.0397204, 41.1533418 ], [ 29.0389419, 41.1534739 ], [ 29.0384098, 41.1536477 ], [ 29.0381573, 41.1537338 ], [ 29.0379096, 41.1539689 ], [ 29.0377008, 41.1541386 ], [ 29.0374664, 41.1543047 ], [ 29.0369742, 41.1546592 ], [ 29.03682, 41.1546532 ], [ 29.0366671, 41.1548036 ], [ 29.0367347, 41.1549216 ], [ 29.0365677, 41.1552135 ], [ 29.0366175, 41.1552226 ], [ 29.0365558, 41.1554235 ], [ 29.0382222, 41.1557243 ], [ 29.0381867, 41.1558097 ], [ 29.036593, 41.1555201 ], [ 29.0365096, 41.1558132 ], [ 29.0364317, 41.1558023 ], [ 29.0364618, 41.1557134 ], [ 29.0363379, 41.1556961 ], [ 29.0363331, 41.155738 ], [ 29.0361651, 41.1557183 ], [ 29.0361724, 41.1559354 ], [ 29.0362883, 41.1562306 ], [ 29.0363961, 41.1562158 ], [ 29.0363587, 41.1559461 ], [ 29.0364665, 41.1559154 ], [ 29.0365315, 41.1563334 ], [ 29.0363192, 41.1563697 ], [ 29.0363592, 41.1566116 ], [ 29.0363909, 41.1567372 ], [ 29.036446, 41.1568587 ], [ 29.036549, 41.1569717 ], [ 29.0365762, 41.1569733 ], [ 29.0368585, 41.1571739 ], [ 29.0371897, 41.1573939 ], [ 29.0375727, 41.157656 ], [ 29.0378488, 41.1578463 ], [ 29.0383301, 41.158088 ], [ 29.0385895, 41.1581964 ], [ 29.0388864, 41.1582992 ], [ 29.0388949, 41.158257 ], [ 29.0388743, 41.1582518 ], [ 29.0389404, 41.1578843 ], [ 29.0390742, 41.1578968 ], [ 29.0389956, 41.1582757 ], [ 29.038984, 41.1583299 ], [ 29.0403937, 41.1587103 ], [ 29.0419636, 41.1591367 ], [ 29.042784, 41.1593588 ], [ 29.0430187, 41.1594336 ], [ 29.0435027, 41.1596181 ], [ 29.043983, 41.159837 ], [ 29.0440932, 41.1596585 ], [ 29.0439167, 41.1595806 ], [ 29.0439387, 41.159536 ], [ 29.0441828, 41.1596377 ], [ 29.0440374, 41.1598612 ], [ 29.0446579, 41.1601389 ], [ 29.0455856, 41.1605528 ], [ 29.046073, 41.1607698 ], [ 29.0461661, 41.1606602 ], [ 29.0463832, 41.1607592 ], [ 29.046297, 41.1608704 ], [ 29.0467187, 41.1610619 ], [ 29.0469135, 41.1611763 ], [ 29.0470879, 41.1613061 ], [ 29.04737, 41.1615707 ], [ 29.0475209, 41.1617758 ], [ 29.0477655, 41.1621694 ], [ 29.0479948, 41.1624473 ], [ 29.0483837, 41.1628088 ], [ 29.0486037, 41.1629703 ], [ 29.0488872, 41.1631441 ], [ 29.0489534, 41.1630641 ], [ 29.0491809, 41.1631316 ], [ 29.0493367, 41.1631835 ], [ 29.0494497, 41.1633029 ], [ 29.0495628, 41.1633392 ], [ 29.049589, 41.1633122 ], [ 29.0496276, 41.1633164 ], [ 29.0495711, 41.1634399 ], [ 29.0498344, 41.1635209 ], [ 29.0501433, 41.1635094 ], [ 29.0505597, 41.1636786 ], [ 29.0506452, 41.1637887 ], [ 29.0508382, 41.1639464 ], [ 29.0509788, 41.164097 ], [ 29.0510464, 41.1641551 ], [ 29.0511664, 41.1642838 ], [ 29.051471, 41.1645898 ], [ 29.0515997, 41.1646786 ], [ 29.051774, 41.1647553 ], [ 29.0522247, 41.1648684 ], [ 29.0530776, 41.1650219 ], [ 29.0539493, 41.1651249 ], [ 29.0554131, 41.1652474 ], [ 29.056003, 41.1653694 ], [ 29.0564454, 41.1657068 ], [ 29.0566571, 41.1658771 ], [ 29.0570347, 41.1657578 ], [ 29.057173, 41.1659641 ], [ 29.0572206, 41.1659535 ], [ 29.0574332, 41.1662527 ], [ 29.0575556, 41.1662139 ], [ 29.0575868, 41.1662756 ], [ 29.0576087, 41.1663137 ], [ 29.0574124, 41.1664149 ], [ 29.0575171, 41.1665931 ], [ 29.0574906, 41.1666361 ], [ 29.0574819, 41.1666926 ], [ 29.0575378, 41.1668182 ], [ 29.0575175, 41.1668966 ], [ 29.0575985, 41.1669278 ], [ 29.0575961, 41.1669392 ], [ 29.0575666, 41.167077 ], [ 29.0576311, 41.1672831 ], [ 29.0577132, 41.1674808 ], [ 29.0581438, 41.1681313 ], [ 29.0579546, 41.1685824 ], [ 29.0581564, 41.1688852 ], [ 29.0586486, 41.1686876 ], [ 29.0589506, 41.1691515 ], [ 29.0586053, 41.1693003 ], [ 29.0592488, 41.1698649 ], [ 29.0593295, 41.1698076 ], [ 29.0596251, 41.1700393 ], [ 29.0598606, 41.1703119 ], [ 29.0600349, 41.1703838 ], [ 29.0602066, 41.1705054 ], [ 29.0604421, 41.1706402 ], [ 29.0612011, 41.1709972 ], [ 29.0616368, 41.1711337 ], [ 29.0616717, 41.1711875 ], [ 29.0622741, 41.1712621 ], [ 29.0626253, 41.1713195 ], [ 29.0626182, 41.1713563 ], [ 29.0628443, 41.171388 ], [ 29.0629926, 41.1714188 ], [ 29.063025, 41.1713977 ], [ 29.0631169, 41.17143 ], [ 29.063136, 41.17142 ], [ 29.0631711, 41.1714419 ], [ 29.0631629, 41.1714569 ], [ 29.0632131, 41.1714788 ], [ 29.0632901, 41.1715052 ], [ 29.0632983, 41.1714885 ], [ 29.0633322, 41.1714885 ], [ 29.0633475, 41.1715075 ], [ 29.0633323, 41.1715251 ], [ 29.0633907, 41.1715453 ], [ 29.0635483, 41.1716165 ], [ 29.0638421, 41.1718023 ], [ 29.0640905, 41.1719233 ], [ 29.0646869, 41.1719308 ], [ 29.0648613, 41.1719716 ], [ 29.0657159, 41.172104 ], [ 29.0662481, 41.1721351 ], [ 29.0662207, 41.1721771 ], [ 29.0670885, 41.1722683 ], [ 29.0677959, 41.1725072 ], [ 29.0681439, 41.1727572 ], [ 29.0684909, 41.1730082 ], [ 29.0690944, 41.1732116 ], [ 29.0696179, 41.1734871 ], [ 29.0699264, 41.1735229 ], [ 29.0701254, 41.173741 ], [ 29.0704208, 41.1738988 ], [ 29.0707778, 41.1740894 ], [ 29.0709734, 41.1742682 ], [ 29.07117, 41.1742537 ], [ 29.0715931, 41.174574 ], [ 29.0719353, 41.1748527 ], [ 29.0721663, 41.1749521 ], [ 29.0722901, 41.1749238 ], [ 29.0725019, 41.17504 ], [ 29.0727073, 41.1750224 ], [ 29.0731263, 41.1755314 ], [ 29.0731027, 41.1755956 ], [ 29.0732829, 41.176022 ], [ 29.0733258, 41.1764031 ], [ 29.0736916, 41.1771178 ], [ 29.0738725, 41.1772741 ], [ 29.0738601, 41.177537 ], [ 29.0739905, 41.1779794 ], [ 29.0740125, 41.1786384 ], [ 29.0739806, 41.1792251 ], [ 29.0739395, 41.1797404 ], [ 29.0737274, 41.1798115 ], [ 29.0737757, 41.1804257 ], [ 29.0738494, 41.1808707 ], [ 29.0739678, 41.1810014 ], [ 29.0742807, 41.1808618 ], [ 29.0740468, 41.1803887 ], [ 29.0741611, 41.1803737 ], [ 29.0741946, 41.1801116 ], [ 29.0741133, 41.1797055 ], [ 29.0741686, 41.1796944 ], [ 29.074244, 41.1801345 ], [ 29.0742115, 41.1802941 ], [ 29.0742056, 41.180429 ], [ 29.0744202, 41.1808273 ], [ 29.0747128, 41.181227 ], [ 29.0746335, 41.181257 ], [ 29.0748203, 41.1817134 ], [ 29.0751486, 41.1815907 ], [ 29.075199, 41.1816433 ], [ 29.075231, 41.1816868 ], [ 29.0750658, 41.1817579 ], [ 29.0753101, 41.1821045 ], [ 29.0752037, 41.1821298 ], [ 29.075238, 41.1822153 ], [ 29.0754384, 41.1821842 ], [ 29.0754521, 41.1822144 ], [ 29.0752777, 41.1822398 ], [ 29.0753772, 41.1828696 ], [ 29.0755145, 41.1829924 ], [ 29.0757219, 41.1830885 ], [ 29.0761243, 41.183143 ], [ 29.0762441, 41.1832701 ], [ 29.0763471, 41.1837998 ], [ 29.0766046, 41.1844651 ], [ 29.0767824, 41.1848205 ], [ 29.0769927, 41.1851754 ], [ 29.0772246, 41.1855276 ], [ 29.0773343, 41.1856476 ], [ 29.077436, 41.1857079 ], [ 29.0775016, 41.1857376 ], [ 29.0776491, 41.1857452 ], [ 29.0777129, 41.1856977 ], [ 29.0777778, 41.1857243 ], [ 29.0777988, 41.1857353 ], [ 29.0778058, 41.1857502 ], [ 29.0777709, 41.1857881 ], [ 29.0778986, 41.1859298 ], [ 29.0779863, 41.1860056 ], [ 29.0780732, 41.1860451 ], [ 29.0781414, 41.1860108 ], [ 29.0781694, 41.1860318 ], [ 29.0781517, 41.1860562 ], [ 29.0784169, 41.1862481 ], [ 29.0784673, 41.1862641 ], [ 29.078557, 41.1862122 ], [ 29.078578, 41.1861676 ], [ 29.0787404, 41.1860388 ], [ 29.0788306, 41.186103 ], [ 29.0786567, 41.1862299 ], [ 29.0787413, 41.1863123 ], [ 29.0788894, 41.1864796 ], [ 29.0790767, 41.1867171 ], [ 29.0792039, 41.1868005 ], [ 29.0792966, 41.1867047 ], [ 29.07934, 41.1867312 ], [ 29.0792734, 41.1868291 ], [ 29.0794749, 41.186954 ], [ 29.0795385, 41.1868971 ], [ 29.0797173, 41.186991 ], [ 29.0797446, 41.187003 ], [ 29.0797751, 41.1870056 ], [ 29.0798382, 41.186964 ], [ 29.0799458, 41.1869009 ], [ 29.0800001, 41.1869647 ], [ 29.0799631, 41.1869958 ], [ 29.0799739, 41.1870151 ], [ 29.0799358, 41.187076 ], [ 29.0803256, 41.1874294 ], [ 29.0804216, 41.1875107 ], [ 29.0804937, 41.1875506 ], [ 29.0805596, 41.1875734 ], [ 29.0807457, 41.1874384 ], [ 29.0808105, 41.1874799 ], [ 29.0806724, 41.1875814 ], [ 29.0807193, 41.1876172 ], [ 29.0810554, 41.187816 ], [ 29.0814731, 41.1875215 ], [ 29.0815523, 41.1875721 ], [ 29.0813791, 41.1877324 ], [ 29.0814686, 41.1881709 ], [ 29.0814989, 41.1883505 ], [ 29.0815707, 41.1884702 ], [ 29.0818646, 41.1886472 ], [ 29.0823197, 41.1888707 ], [ 29.0827305, 41.1891917 ], [ 29.0830088, 41.1894554 ], [ 29.0833581, 41.1898615 ], [ 29.083519, 41.1902403 ], [ 29.0836276, 41.1904715 ], [ 29.0837596, 41.1907078 ], [ 29.0838311, 41.1908645 ], [ 29.0839078, 41.1909268 ], [ 29.0839975, 41.1909367 ], [ 29.0840682, 41.1909124 ], [ 29.0841249, 41.1909355 ], [ 29.0841527, 41.1909961 ], [ 29.0841068, 41.1910735 ], [ 29.0840574, 41.1911534 ], [ 29.0842036, 41.191325 ], [ 29.0843827, 41.191393 ], [ 29.0846155, 41.1917362 ], [ 29.0850092, 41.1921065 ], [ 29.0851893, 41.1922962 ], [ 29.0853645, 41.1923667 ], [ 29.0859119, 41.1931001 ], [ 29.0861735, 41.1936565 ], [ 29.0866609, 41.1940413 ], [ 29.0868145, 41.1941894 ], [ 29.0869441, 41.1943701 ], [ 29.0870426, 41.1946428 ], [ 29.0872298, 41.1948253 ], [ 29.0873114, 41.1949517 ], [ 29.0874411, 41.195042 ], [ 29.0876355, 41.1953564 ], [ 29.0877532, 41.1955099 ], [ 29.087866, 41.195593 ], [ 29.0878948, 41.195696 ], [ 29.0880052, 41.1957863 ], [ 29.0880989, 41.195864 ], [ 29.0882141, 41.19592 ], [ 29.0883005, 41.1960843 ], [ 29.0884734, 41.1962198 ], [ 29.0885118, 41.1964474 ], [ 29.0885934, 41.196657 ], [ 29.088615, 41.1969695 ], [ 29.0886966, 41.1972205 ], [ 29.0889727, 41.1974536 ], [ 29.0891695, 41.1976523 ], [ 29.0893112, 41.1977625 ], [ 29.0894336, 41.1980009 ], [ 29.0896065, 41.1982231 ], [ 29.0897817, 41.1983947 ], [ 29.0900218, 41.1984796 ], [ 29.0902642, 41.1986566 ], [ 29.0904083, 41.198877 ], [ 29.0905379, 41.1990775 ], [ 29.0906267, 41.1991371 ], [ 29.0906868, 41.1993213 ], [ 29.09079, 41.199473 ], [ 29.0910637, 41.1997241 ], [ 29.0911525, 41.1999607 ], [ 29.0912845, 41.2000799 ], [ 29.0913469, 41.2002497 ], [ 29.091431, 41.2003617 ], [ 29.0916638, 41.2004575 ], [ 29.0918079, 41.200452 ], [ 29.0917718, 41.200546 ], [ 29.0920215, 41.2007717 ], [ 29.092252, 41.2009271 ], [ 29.0925449, 41.20103 ], [ 29.0928665, 41.2013552 ], [ 29.0932602, 41.2015177 ], [ 29.0935651, 41.2015665 ], [ 29.09393, 41.2016658 ], [ 29.0940453, 41.2016676 ], [ 29.0941557, 41.2016062 ], [ 29.0942421, 41.2014274 ], [ 29.0943285, 41.2014419 ], [ 29.0942342, 41.201613 ], [ 29.0945451, 41.2017682 ], [ 29.094838, 41.2020355 ], [ 29.095563, 41.2023643 ], [ 29.0958655, 41.2024943 ], [ 29.096216, 41.2025485 ], [ 29.0964465, 41.2025304 ], [ 29.0966865, 41.202451 ], [ 29.0968594, 41.2024763 ], [ 29.0970994, 41.202581 ], [ 29.0974931, 41.2026894 ], [ 29.0978292, 41.2028664 ], [ 29.0979109, 41.2029567 ], [ 29.0978292, 41.2032963 ], [ 29.0977188, 41.2035636 ], [ 29.0982037, 41.2038995 ], [ 29.0982885, 41.2044787 ], [ 29.0986455, 41.2050555 ], [ 29.0988087, 41.2052469 ], [ 29.0990584, 41.2052614 ], [ 29.0991592, 41.2054492 ], [ 29.0993272, 41.2055865 ], [ 29.1001675, 41.2060705 ], [ 29.1014734, 41.2062656 ], [ 29.1020352, 41.2061066 ], [ 29.1024097, 41.2059874 ], [ 29.1026785, 41.2057635 ], [ 29.1026881, 41.2055142 ], [ 29.1029282, 41.205283 ], [ 29.1030386, 41.2051783 ], [ 29.1033507, 41.2051349 ], [ 29.1035474, 41.2052539 ], [ 29.1037349, 41.2053012 ], [ 29.1039653, 41.2052216 ], [ 29.1041269, 41.2052462 ], [ 29.1050223, 41.2056004 ], [ 29.1057638, 41.2052882 ], [ 29.106311, 41.2051582 ], [ 29.106695, 41.2056417 ], [ 29.1064838, 41.2059532 ], [ 29.1061468, 41.206832 ], [ 29.1055123, 41.2070633 ], [ 29.1052875, 41.2072222 ], [ 29.105204, 41.2075009 ], [ 29.1055401, 41.2078044 ], [ 29.1061163, 41.2082378 ], [ 29.1063611, 41.2084762 ], [ 29.1064764, 41.2087363 ], [ 29.1069661, 41.2089133 ], [ 29.1073454, 41.2090433 ], [ 29.1072638, 41.2092022 ], [ 29.1073742, 41.2093106 ], [ 29.1077295, 41.2094659 ], [ 29.1080848, 41.2095779 ], [ 29.1082864, 41.2097549 ], [ 29.10808, 41.2098127 ], [ 29.1083633, 41.2099499 ], [ 29.1086716, 41.2100337 ], [ 29.1088898, 41.2100388 ], [ 29.1091006, 41.2102192 ], [ 29.109304, 41.2104526 ], [ 29.1095159, 41.2107027 ], [ 29.1093972, 41.2108206 ], [ 29.109653, 41.2110417 ], [ 29.109757, 41.2112907 ], [ 29.109626, 41.2114738 ], [ 29.1097336, 41.211552 ], [ 29.110007, 41.2116558 ], [ 29.1103966, 41.2120754 ], [ 29.1101692, 41.2121368 ], [ 29.1104634, 41.2123521 ], [ 29.1104578, 41.2125428 ], [ 29.1103526, 41.2127766 ], [ 29.1105574, 41.2127528 ], [ 29.1108071, 41.2127759 ], [ 29.1110275, 41.2128468 ], [ 29.1108392, 41.2129864 ], [ 29.1104614, 41.2130598 ], [ 29.1102358, 41.2130417 ], [ 29.1098613, 41.213114 ], [ 29.1096452, 41.2130923 ], [ 29.109506, 41.2131754 ], [ 29.1094155, 41.2133943 ], [ 29.1094649, 41.2136178 ], [ 29.1095932, 41.2137169 ], [ 29.1096317, 41.2137377 ], [ 29.1096992, 41.2137043 ], [ 29.1097631, 41.2137437 ], [ 29.1097876, 41.2137237 ], [ 29.109873, 41.2136266 ], [ 29.1100722, 41.2136419 ], [ 29.1101632, 41.2136615 ], [ 29.1102472, 41.213722 ], [ 29.1102631, 41.2137427 ], [ 29.1107613, 41.213827 ], [ 29.11103, 41.2138336 ], [ 29.1113621, 41.2138958 ], [ 29.1115373, 41.2140236 ], [ 29.1117815, 41.2141634 ], [ 29.1113214, 41.2142419 ], [ 29.1112488, 41.2142792 ], [ 29.1112152, 41.214355 ], [ 29.1107923, 41.214403 ], [ 29.1103711, 41.2145561 ], [ 29.1100594, 41.2147013 ], [ 29.1098824, 41.2147838 ], [ 29.109554, 41.214909 ], [ 29.1092805, 41.2150808 ], [ 29.1092456, 41.2151884 ], [ 29.1092592, 41.2153004 ], [ 29.1094403, 41.2153122 ], [ 29.1094757, 41.2153534 ], [ 29.109396, 41.2153827 ], [ 29.1093766, 41.2154479 ], [ 29.1093819, 41.2154985 ], [ 29.1095712, 41.2154812 ], [ 29.109619, 41.2154972 ], [ 29.1096509, 41.2155251 ], [ 29.1096739, 41.2155624 ], [ 29.109665, 41.2156609 ], [ 29.1095659, 41.2157222 ], [ 29.1088161, 41.2158514 ], [ 29.1087188, 41.2158009 ], [ 29.1085524, 41.2158461 ], [ 29.1084114, 41.2158211 ], [ 29.1083798, 41.2158786 ], [ 29.1082937, 41.2159163 ], [ 29.108133, 41.2158355 ], [ 29.1078332, 41.2157726 ], [ 29.1076924, 41.2159946 ], [ 29.1075776, 41.2162653 ], [ 29.1078628, 41.2164241 ], [ 29.1076769, 41.216493 ], [ 29.1076735, 41.2166352 ], [ 29.1079192, 41.2167329 ], [ 29.1080817, 41.216794 ], [ 29.1081613, 41.2168552 ], [ 29.108041, 41.2168871 ], [ 29.1078501, 41.2168695 ], [ 29.1075933, 41.2169111 ], [ 29.1073402, 41.216774 ], [ 29.1072164, 41.2167088 ], [ 29.1070907, 41.2166502 ], [ 29.1070146, 41.2166782 ], [ 29.106774, 41.2168432 ], [ 29.1068394, 41.2168925 ], [ 29.1068877, 41.2169615 ], [ 29.1067548, 41.2169713 ], [ 29.106677, 41.2170408 ], [ 29.1066713, 41.2171214 ], [ 29.1067333, 41.2171241 ], [ 29.1067932, 41.2171627 ], [ 29.1067457, 41.2172386 ], [ 29.1067371, 41.217308 ], [ 29.1069226, 41.2173837 ], [ 29.1071492, 41.2175137 ], [ 29.1069285, 41.2176718 ], [ 29.1068117, 41.2177403 ], [ 29.1066683, 41.217727 ], [ 29.1066542, 41.2178162 ], [ 29.1066896, 41.2178654 ], [ 29.1067975, 41.217916 ], [ 29.1067922, 41.2179613 ], [ 29.1068364, 41.2180411 ], [ 29.1066807, 41.2179972 ], [ 29.1065161, 41.2179027 ], [ 29.1063674, 41.2178037 ], [ 29.1062315, 41.2179753 ], [ 29.1061307, 41.2181595 ], [ 29.1060556, 41.2184812 ], [ 29.1060923, 41.2191484 ], [ 29.1061955, 41.2193034 ], [ 29.106347, 41.2194415 ], [ 29.1063004, 41.2194941 ], [ 29.1062072, 41.21966 ], [ 29.1061488, 41.2199085 ], [ 29.1061365, 41.220145 ], [ 29.1063659, 41.2205782 ], [ 29.1063558, 41.2208557 ], [ 29.106375, 41.2211217 ], [ 29.1065307, 41.2214411 ], [ 29.1067449, 41.2217302 ], [ 29.1069708, 41.221987 ], [ 29.1071136, 41.2221076 ], [ 29.107306, 41.2221054 ], [ 29.1074197, 41.2222851 ], [ 29.1076646, 41.2225351 ], [ 29.1079794, 41.2226206 ], [ 29.1082242, 41.2227982 ], [ 29.1084282, 41.2229407 ], [ 29.1087635, 41.2229451 ], [ 29.1089675, 41.2230459 ], [ 29.1097166, 41.22291 ], [ 29.1097516, 41.2229538 ], [ 29.1096494, 41.2230561 ], [ 29.1095796, 41.2231906 ], [ 29.1094922, 41.2232783 ], [ 29.1095464, 41.2233918 ], [ 29.1091318, 41.2237789 ], [ 29.1088402, 41.2239458 ], [ 29.108676, 41.2239755 ], [ 29.1085215, 41.2239382 ], [ 29.1083991, 41.2239886 ], [ 29.1080435, 41.2240391 ], [ 29.1080843, 41.2242561 ], [ 29.1082096, 41.2242539 ], [ 29.1083351, 41.2242732 ], [ 29.1083408, 41.224357 ], [ 29.1082475, 41.224449 ], [ 29.1085244, 41.2248152 ], [ 29.1087693, 41.2248283 ], [ 29.1090433, 41.2249007 ], [ 29.1092998, 41.2249357 ], [ 29.1094543, 41.225098 ], [ 29.10967, 41.2251637 ], [ 29.1097283, 41.2252492 ], [ 29.1098857, 41.225269 ], [ 29.1101567, 41.2254137 ], [ 29.1103025, 41.2255715 ], [ 29.1102325, 41.2257206 ], [ 29.1101072, 41.2257776 ], [ 29.1100871, 41.2258965 ], [ 29.1101043, 41.2260253 ], [ 29.1100081, 41.2260955 ], [ 29.1102034, 41.2262489 ], [ 29.1103112, 41.2263344 ], [ 29.1104599, 41.2263673 ], [ 29.1104931, 41.2265171 ], [ 29.110636, 41.2266728 ], [ 29.1108837, 41.226789 ], [ 29.111114, 41.226892 ], [ 29.1113705, 41.2269468 ], [ 29.1114026, 41.2270411 ], [ 29.1113822, 41.2271375 ], [ 29.1114813, 41.227337 ], [ 29.1115891, 41.2274817 ], [ 29.1117582, 41.2275848 ], [ 29.1118835, 41.2277229 ], [ 29.1120555, 41.2278062 ], [ 29.1122304, 41.2279509 ], [ 29.112449, 41.2280627 ], [ 29.1123674, 41.2282227 ], [ 29.1124898, 41.2282731 ], [ 29.1127026, 41.2283411 ], [ 29.1128338, 41.2283783 ], [ 29.1128367, 41.2284814 ], [ 29.1129445, 41.2285603 ], [ 29.1130844, 41.2286173 ], [ 29.1132156, 41.2286195 ], [ 29.113271, 41.2287423 ], [ 29.1131806, 41.2287949 ], [ 29.1129387, 41.2287006 ], [ 29.1129154, 41.2287642 ], [ 29.1133118, 41.2289198 ], [ 29.113338, 41.229025 ], [ 29.1133235, 41.2292245 ], [ 29.1132652, 41.2292925 ], [ 29.113338, 41.2293714 ], [ 29.1134932, 41.2294663 ], [ 29.1134723, 41.2295067 ], [ 29.113504, 41.2295274 ], [ 29.1139278, 41.2296127 ], [ 29.1139531, 41.2296367 ], [ 29.113964, 41.2296833 ], [ 29.113956, 41.2297265 ], [ 29.1139264, 41.2297569 ], [ 29.1138764, 41.2297653 ], [ 29.113505, 41.2296762 ], [ 29.1132996, 41.2296759 ], [ 29.1131987, 41.2298905 ], [ 29.1132689, 41.2299034 ], [ 29.1131559, 41.2303292 ], [ 29.112355, 41.2303849 ], [ 29.1122349, 41.2308645 ], [ 29.1128736, 41.2309598 ], [ 29.1128479, 41.2310544 ], [ 29.1122126, 41.2309608 ], [ 29.1121196, 41.2313356 ], [ 29.1121015, 41.2313667 ], [ 29.1122066, 41.2316276 ], [ 29.1123305, 41.2318664 ], [ 29.1124814, 41.2320126 ], [ 29.1124841, 41.2320721 ], [ 29.1125511, 41.2321179 ], [ 29.1132004, 41.2319315 ], [ 29.1132577, 41.23194 ], [ 29.1132847, 41.23194 ], [ 29.1133178, 41.2319573 ], [ 29.1133377, 41.2319798 ], [ 29.1133457, 41.2320035 ], [ 29.1133437, 41.2320288 ], [ 29.113329, 41.2320603 ], [ 29.1132941, 41.2320893 ], [ 29.1132604, 41.2321106 ], [ 29.113166, 41.2321598 ], [ 29.1131835, 41.2322019 ], [ 29.1130597, 41.2322379 ], [ 29.1130198, 41.2321598 ], [ 29.1129145, 41.2321936 ], [ 29.1129537, 41.2322659 ], [ 29.1127405, 41.232329 ], [ 29.1126891, 41.2324017 ], [ 29.112661, 41.2324377 ], [ 29.1129974, 41.2331817 ], [ 29.1132336, 41.2331217 ], [ 29.1133852, 41.2334589 ], [ 29.11306, 41.2335538 ], [ 29.1133322, 41.234073 ], [ 29.1140969, 41.2338426 ], [ 29.1140731, 41.2337894 ], [ 29.115308, 41.2334396 ], [ 29.1144724, 41.2317556 ], [ 29.1140084, 41.231899 ], [ 29.1139297, 41.2318814 ], [ 29.1138802, 41.231842 ], [ 29.1138831, 41.2317915 ], [ 29.1139483, 41.2316986 ], [ 29.1143555, 41.2315729 ], [ 29.1144441, 41.2305497 ], [ 29.1144897, 41.2305456 ], [ 29.1146503, 41.2293284 ], [ 29.1146426, 41.2292213 ], [ 29.1145789, 41.229041 ], [ 29.1145282, 41.2290243 ], [ 29.1144823, 41.2289563 ], [ 29.1145098, 41.228865 ], [ 29.1145766, 41.2288 ], [ 29.1146399, 41.2287755 ], [ 29.1147566, 41.2287553 ], [ 29.1148414, 41.2287642 ], [ 29.1150111, 41.2288847 ], [ 29.1152523, 41.2289707 ], [ 29.1152473, 41.229595 ], [ 29.115049, 41.2303228 ], [ 29.1149655, 41.231085 ], [ 29.1149202, 41.231527 ], [ 29.1149467, 41.2316558 ], [ 29.1154455, 41.2326684 ], [ 29.1159526, 41.2336943 ], [ 29.1159905, 41.2337885 ], [ 29.116173, 41.2338127 ], [ 29.1162566, 41.2338709 ], [ 29.1162318, 41.2339606 ], [ 29.1161077, 41.2340272 ], [ 29.115979, 41.2339919 ], [ 29.1158116, 41.2340845 ], [ 29.1157079, 41.2341717 ], [ 29.1155606, 41.2341896 ], [ 29.115405, 41.2342415 ], [ 29.1153326, 41.2341993 ], [ 29.1152854, 41.2341197 ], [ 29.1150926, 41.2341355 ], [ 29.1148684, 41.2341267 ], [ 29.1148017, 41.2341151 ], [ 29.1143534, 41.2342516 ], [ 29.1140318, 41.2343343 ], [ 29.113714, 41.2344067 ], [ 29.1133158, 41.234503 ], [ 29.1131716, 41.2346033 ], [ 29.1129507, 41.2347569 ], [ 29.1130069, 41.2348213 ], [ 29.1131406, 41.2348381 ], [ 29.113228, 41.2347309 ], [ 29.1133941, 41.2348342 ], [ 29.1131282, 41.2349832 ], [ 29.1129434, 41.2351195 ], [ 29.1127168, 41.2352516 ], [ 29.112411, 41.2352909 ], [ 29.1121884, 41.235298 ], [ 29.1121176, 41.2352557 ], [ 29.1117793, 41.23518 ], [ 29.1115943, 41.2351094 ], [ 29.1116644, 41.234985 ], [ 29.1115932, 41.2348715 ], [ 29.111145, 41.2349117 ], [ 29.1109183, 41.2349631 ], [ 29.1109613, 41.2350509 ], [ 29.1105135, 41.2350402 ], [ 29.1104583, 41.2350297 ], [ 29.1104363, 41.2351465 ], [ 29.1097991, 41.2352128 ], [ 29.1095416, 41.2351958 ], [ 29.1093733, 41.2352753 ], [ 29.1091726, 41.2353701 ], [ 29.1090277, 41.2354659 ], [ 29.1089974, 41.2355908 ], [ 29.1090714, 41.2356939 ], [ 29.1092175, 41.2357651 ], [ 29.1094846, 41.23586 ], [ 29.1094059, 41.2359345 ], [ 29.1094525, 41.2361077 ], [ 29.109505, 41.2362962 ], [ 29.1097469, 41.2363006 ], [ 29.1100081, 41.2364145 ], [ 29.109951, 41.2365066 ], [ 29.1099539, 41.2366009 ], [ 29.1102308, 41.2365877 ], [ 29.1104176, 41.2366531 ], [ 29.1109519, 41.236823 ], [ 29.1111023, 41.2369888 ], [ 29.1113272, 41.2371168 ], [ 29.1118631, 41.2373502 ], [ 29.1119127, 41.2374908 ], [ 29.1119943, 41.237539 ], [ 29.1120992, 41.2375324 ], [ 29.1122362, 41.2375812 ], [ 29.1121806, 41.2377734 ], [ 29.1118437, 41.2380643 ], [ 29.1116318, 41.2381913 ], [ 29.1113824, 41.2382761 ], [ 29.1111853, 41.2383551 ], [ 29.1110122, 41.2383467 ], [ 29.1107497, 41.2382566 ], [ 29.1103795, 41.2382886 ], [ 29.1097301, 41.2384435 ], [ 29.10914, 41.2383325 ], [ 29.1086304, 41.2381087 ], [ 29.1083837, 41.2380441 ], [ 29.1083059, 41.2379453 ], [ 29.1081637, 41.2379231 ], [ 29.1079741, 41.2378325 ], [ 29.1079546, 41.2376991 ], [ 29.1076429, 41.237729 ], [ 29.1072196, 41.2376448 ], [ 29.1070774, 41.2375177 ], [ 29.1071507, 41.2373672 ], [ 29.1070354, 41.2372633 ], [ 29.1067221, 41.2373068 ], [ 29.106541, 41.2373059 ], [ 29.1064444, 41.2372676 ], [ 29.1064069, 41.2371667 ], [ 29.1062593, 41.2370941 ], [ 29.106026, 41.23708 ], [ 29.1059563, 41.2370901 ], [ 29.1059267, 41.2371708 ], [ 29.105975, 41.2372635 ], [ 29.1060206, 41.2374067 ], [ 29.105967, 41.237552 ], [ 29.105842, 41.2375517 ], [ 29.1055298, 41.2376669 ], [ 29.1055244, 41.2378162 ], [ 29.1057149, 41.2379009 ], [ 29.1057739, 41.2379997 ], [ 29.1059531, 41.2379838 ], [ 29.1062152, 41.2382093 ], [ 29.1066556, 41.2384051 ], [ 29.1067529, 41.2386008 ], [ 29.1067475, 41.2386835 ], [ 29.1067931, 41.2387541 ], [ 29.1068709, 41.2388973 ], [ 29.1068816, 41.2390304 ], [ 29.1068977, 41.239107 ], [ 29.1069621, 41.239226 ], [ 29.106978, 41.2393672 ], [ 29.1070209, 41.2394882 ], [ 29.1070209, 41.2396657 ], [ 29.1068439, 41.2397786 ], [ 29.1065061, 41.2396839 ], [ 29.1062342, 41.2394122 ], [ 29.1060982, 41.2394761 ], [ 29.1057959, 41.239392 ], [ 29.1054037, 41.2389316 ], [ 29.1052374, 41.2387964 ], [ 29.1050744, 41.2387415 ], [ 29.1050181, 41.2387944 ], [ 29.1052257, 41.2390207 ], [ 29.1049062, 41.2390707 ], [ 29.1048269, 41.2391839 ], [ 29.10495, 41.2392837 ], [ 29.1048703, 41.2394997 ], [ 29.1051337, 41.2397202 ], [ 29.1053866, 41.2397934 ], [ 29.1053941, 41.2399097 ], [ 29.105444, 41.2401316 ], [ 29.1052472, 41.2404206 ], [ 29.1050041, 41.2404039 ], [ 29.1048565, 41.2403716 ], [ 29.1046071, 41.2403636 ], [ 29.1042384, 41.2404003 ], [ 29.1039744, 41.2402873 ], [ 29.103239, 41.2403996 ], [ 29.1026285, 41.2406557 ], [ 29.1025833, 41.2408802 ], [ 29.1030943, 41.2409727 ], [ 29.1033465, 41.2410755 ], [ 29.1033116, 41.2412268 ], [ 29.1029254, 41.2413236 ], [ 29.1020642, 41.2412812 ], [ 29.1014113, 41.2411134 ], [ 29.1011756, 41.2411515 ], [ 29.1013502, 41.2413942 ], [ 29.101466, 41.2417219 ], [ 29.1014011, 41.2417802 ], [ 29.1012043, 41.2414045 ], [ 29.1009733, 41.2411816 ], [ 29.1009149, 41.2412937 ], [ 29.1010736, 41.2418098 ], [ 29.1009736, 41.2420525 ], [ 29.1003634, 41.242041 ], [ 29.1001939, 41.2416509 ], [ 29.1000633, 41.2414244 ], [ 29.0995858, 41.2412469 ], [ 29.0991137, 41.2410614 ], [ 29.0992497, 41.2409248 ], [ 29.0989493, 41.2407877 ], [ 29.0987543, 41.2405652 ], [ 29.0988045, 41.2404005 ], [ 29.0986114, 41.2401262 ], [ 29.0984861, 41.240057 ], [ 29.0982745, 41.2400771 ], [ 29.0980194, 41.2401013 ], [ 29.0977209, 41.2401907 ], [ 29.0976243, 41.2402996 ], [ 29.0975063, 41.2403763 ], [ 29.0974473, 41.2406142 ], [ 29.0974615, 41.2407468 ], [ 29.0976332, 41.2408799 ], [ 29.0974722, 41.2411259 ], [ 29.0977458, 41.2412913 ], [ 29.0979569, 41.2412919 ], [ 29.0980677, 41.2415011 ], [ 29.0984217, 41.2416503 ], [ 29.0985773, 41.2417996 ], [ 29.0984486, 41.2419609 ], [ 29.0985524, 41.2420381 ], [ 29.0984612, 41.24226 ], [ 29.0980677, 41.2426345 ], [ 29.0978204, 41.2426926 ], [ 29.0972829, 41.2425857 ], [ 29.0972268, 41.2426805 ], [ 29.0975278, 41.242694 ], [ 29.0978196, 41.2428072 ], [ 29.0977936, 41.242978 ], [ 29.0973019, 41.2432603 ], [ 29.0972337, 41.2435381 ], [ 29.0968528, 41.2435542 ], [ 29.0967295, 41.2436389 ], [ 29.0966383, 41.243647 ], [ 29.0963808, 41.2434272 ], [ 29.0963164, 41.2434009 ], [ 29.0960973, 41.2433559 ], [ 29.0964589, 41.2439176 ], [ 29.095812, 41.2445612 ], [ 29.0956056, 41.2447481 ], [ 29.095383, 41.2449176 ], [ 29.0951818, 41.2449942 ], [ 29.0947875, 41.2450466 ], [ 29.0946481, 41.245095 ], [ 29.0944469, 41.2451999 ], [ 29.0938756, 41.2452886 ], [ 29.0933043, 41.2452785 ], [ 29.0928966, 41.2452402 ], [ 29.0926572, 41.2446997 ], [ 29.0926699, 41.2446674 ], [ 29.0926983, 41.2446471 ], [ 29.0930865, 41.2446138 ], [ 29.0930889, 41.2445271 ], [ 29.0929329, 41.2445146 ], [ 29.0926412, 41.2443055 ], [ 29.0925582, 41.244185 ], [ 29.0924732, 41.2441196 ], [ 29.0923249, 41.2439606 ], [ 29.0922399, 41.2438238 ], [ 29.0922141, 41.2437078 ], [ 29.0922141, 41.243632 ], [ 29.0922094, 41.2435922 ], [ 29.0921538, 41.2435187 ], [ 29.0918871, 41.2435507 ], [ 29.0917586, 41.2435705 ], [ 29.0916284, 41.2436009 ], [ 29.0914977, 41.2436567 ], [ 29.0913805, 41.2437307 ], [ 29.0913378, 41.2437694 ], [ 29.0913075, 41.2438108 ], [ 29.0912961, 41.2438646 ], [ 29.0913042, 41.2439211 ], [ 29.0913746, 41.2439864 ], [ 29.0915478, 41.243992 ], [ 29.0915456, 41.2440308 ], [ 29.0914811, 41.2440287 ], [ 29.0913237, 41.2443082 ], [ 29.0914082, 41.2443155 ], [ 29.091394, 41.2444082 ], [ 29.091251, 41.2443959 ], [ 29.0912718, 41.2444917 ], [ 29.0914895, 41.2446321 ], [ 29.0918346, 41.244674 ], [ 29.0920045, 41.2446947 ], [ 29.0920823, 41.2447042 ], [ 29.0921221, 41.2447147 ], [ 29.0921486, 41.2447348 ], [ 29.092161, 41.2447639 ], [ 29.0921586, 41.2447956 ], [ 29.0921423, 41.2448257 ], [ 29.0921206, 41.2448519 ], [ 29.0920884, 41.2448687 ], [ 29.0920455, 41.2448776 ], [ 29.0916995, 41.2448978 ], [ 29.0917693, 41.2450488 ], [ 29.0918167, 41.2452405 ], [ 29.0917377, 41.2453074 ], [ 29.0917317, 41.2453535 ], [ 29.0917673, 41.2454442 ], [ 29.091754, 41.2455851 ], [ 29.0917379, 41.2457888 ], [ 29.091762, 41.2458513 ], [ 29.0918734, 41.245994 ], [ 29.0916744, 41.246354 ], [ 29.091625, 41.2464045 ], [ 29.0916467, 41.2464358 ], [ 29.0916131, 41.2465027 ], [ 29.0915099, 41.2465894 ], [ 29.0915182, 41.2467346 ], [ 29.0916388, 41.2468163 ], [ 29.0915637, 41.2469293 ], [ 29.0915063, 41.24702 ], [ 29.0915035, 41.247102 ], [ 29.0913275, 41.2472025 ], [ 29.0912873, 41.247263 ], [ 29.09118, 41.2473053 ], [ 29.0910266, 41.2474081 ], [ 29.0909824, 41.2474184 ], [ 29.0909171, 41.2473797 ], [ 29.0908064, 41.2474332 ], [ 29.0904881, 41.2474749 ], [ 29.0904031, 41.2474437 ], [ 29.0903062, 41.2474645 ], [ 29.0903635, 41.247518 ], [ 29.0903592, 41.247624 ], [ 29.0901768, 41.2477167 ], [ 29.0899676, 41.2477732 ], [ 29.0897906, 41.2478519 ], [ 29.0893132, 41.2479153 ], [ 29.0890932, 41.2478922 ], [ 29.0889286, 41.2477074 ], [ 29.0889291, 41.2475314 ], [ 29.0888835, 41.2474187 ], [ 29.0886621, 41.2474285 ], [ 29.0885611, 41.2473649 ], [ 29.0886067, 41.247191 ], [ 29.0883885, 41.2470882 ], [ 29.0881866, 41.2470147 ], [ 29.0880628, 41.2469045 ], [ 29.0880987, 41.2468164 ], [ 29.087633, 41.2464491 ], [ 29.087456, 41.2464476 ], [ 29.0870012, 41.2464638 ], [ 29.0868513, 41.246427 ], [ 29.086568, 41.2464515 ], [ 29.0865517, 41.2465103 ], [ 29.0864443, 41.2465519 ], [ 29.086276, 41.246518 ], [ 29.086073, 41.2462948 ], [ 29.0861381, 41.246236 ], [ 29.0859883, 41.2461724 ], [ 29.0858092, 41.2460524 ], [ 29.0857375, 41.2458908 ], [ 29.0856077, 41.2457149 ], [ 29.0853858, 41.2455724 ], [ 29.0853402, 41.2455333 ], [ 29.0851644, 41.2455381 ], [ 29.085144, 41.2456163 ], [ 29.0851285, 41.2456802 ], [ 29.0850048, 41.2456239 ], [ 29.0849397, 41.2455602 ], [ 29.0846954, 41.2455969 ], [ 29.0844967, 41.2457047 ], [ 29.0843697, 41.2458124 ], [ 29.0842883, 41.2459324 ], [ 29.0842753, 41.2461797 ], [ 29.0842232, 41.2462899 ], [ 29.0842492, 41.2463829 ], [ 29.0842916, 41.2465103 ], [ 29.0844283, 41.2465397 ], [ 29.0844414, 41.246596 ], [ 29.0845163, 41.2465739 ], [ 29.084614, 41.2466254 ], [ 29.084526, 41.2466915 ], [ 29.0845, 41.2467845 ], [ 29.0845033, 41.2468702 ], [ 29.0846075, 41.246907 ], [ 29.0845228, 41.2470123 ], [ 29.0846856, 41.2470686 ], [ 29.0848029, 41.2470759 ], [ 29.0848908, 41.2471102 ], [ 29.0848354, 41.2471616 ], [ 29.084741, 41.247169 ], [ 29.0846987, 41.2472743 ], [ 29.0848224, 41.2472865 ], [ 29.0848503, 41.2474261 ], [ 29.0847475, 41.2474946 ], [ 29.0845358, 41.2474579 ], [ 29.0844283, 41.2474824 ], [ 29.0843144, 41.2476611 ], [ 29.0842232, 41.2477273 ], [ 29.0841971, 41.2478301 ], [ 29.0841767, 41.2479648 ], [ 29.0839626, 41.2481484 ], [ 29.0840238, 41.2483379 ], [ 29.0840533, 41.2484145 ], [ 29.0839724, 41.248523 ], [ 29.0838942, 41.2485916 ], [ 29.0839236, 41.2486479 ], [ 29.0837347, 41.2487018 ], [ 29.0836402, 41.248785 ], [ 29.0837184, 41.2488561 ], [ 29.0837314, 41.2489516 ], [ 29.0837803, 41.2490348 ], [ 29.0835197, 41.2491181 ], [ 29.0832406, 41.2492191 ], [ 29.083128, 41.2492937 ], [ 29.083077, 41.2494248 ], [ 29.0832245, 41.2494188 ], [ 29.0836174, 41.2495441 ], [ 29.0841613, 41.2495074 ], [ 29.0844825, 41.2497919 ], [ 29.0844798, 41.249929 ], [ 29.0843376, 41.2499572 ], [ 29.0842384, 41.2499451 ], [ 29.0841499, 41.2499169 ], [ 29.0840158, 41.249937 ], [ 29.0837021, 41.2499677 ], [ 29.0833015, 41.2499653 ], [ 29.0832885, 41.2498893 ], [ 29.0831419, 41.2498771 ], [ 29.0830377, 41.2499432 ], [ 29.082643, 41.249921 ], [ 29.0825004, 41.2498232 ], [ 29.0824189, 41.2497547 ], [ 29.0823473, 41.2496812 ], [ 29.0824124, 41.2496176 ], [ 29.0824841, 41.2495466 ], [ 29.0823896, 41.2494021 ], [ 29.0822919, 41.2493776 ], [ 29.0821714, 41.2492699 ], [ 29.0819103, 41.2491604 ], [ 29.0816581, 41.2492635 ], [ 29.0813416, 41.2492474 ], [ 29.081178, 41.2491909 ], [ 29.080798, 41.2492523 ], [ 29.0803063, 41.2488924 ], [ 29.080089, 41.2487775 ], [ 29.0799217, 41.2487641 ], [ 29.0796924, 41.248828 ], [ 29.079515, 41.2490457 ], [ 29.0791927, 41.2494824 ], [ 29.0792119, 41.2496507 ], [ 29.0791583, 41.2497314 ], [ 29.0790403, 41.2501327 ], [ 29.0790851, 41.2503972 ], [ 29.0791503, 41.2504936 ], [ 29.0792227, 41.2505481 ], [ 29.0793353, 41.2505582 ], [ 29.0795725, 41.250567 ], [ 29.0797613, 41.2509011 ], [ 29.0797994, 41.2509937 ], [ 29.0798825, 41.2510704 ], [ 29.0800005, 41.2512357 ], [ 29.0800863, 41.2514132 ], [ 29.0802042, 41.251711 ], [ 29.0799174, 41.25176 ], [ 29.0796545, 41.2517197 ], [ 29.0796733, 41.2518669 ], [ 29.0797001, 41.2519476 ], [ 29.0797994, 41.2520323 ], [ 29.0799013, 41.2521109 ], [ 29.0794694, 41.2521472 ], [ 29.0792575, 41.2520887 ], [ 29.0790564, 41.2521996 ], [ 29.0790805, 41.2523146 ], [ 29.0791127, 41.2524214 ], [ 29.0791342, 41.2525545 ], [ 29.0792736, 41.252609 ], [ 29.0793434, 41.2527884 ], [ 29.0790912, 41.2528167 ], [ 29.0789437, 41.2527965 ], [ 29.0786836, 41.2529518 ], [ 29.0786836, 41.252984 ], [ 29.0787292, 41.2530647 ], [ 29.0785079, 41.2532153 ], [ 29.0784046, 41.253351 ], [ 29.0784556, 41.2534035 ], [ 29.0785333, 41.2535547 ], [ 29.0783885, 41.2536434 ], [ 29.0783429, 41.2536898 ], [ 29.0783912, 41.2537604 ], [ 29.0782276, 41.2539116 ], [ 29.0781525, 41.2539358 ], [ 29.0779942, 41.2538995 ], [ 29.0778333, 41.2538128 ], [ 29.0776992, 41.2537039 ], [ 29.077487, 41.253608 ], [ 29.077314, 41.253482 ], [ 29.0771263, 41.2535155 ], [ 29.076867, 41.2533697 ], [ 29.0768301, 41.2532563 ], [ 29.0766494, 41.2531848 ], [ 29.0764573, 41.2530022 ], [ 29.0764627, 41.2529195 ], [ 29.0764868, 41.2527864 ], [ 29.0763688, 41.2526412 ], [ 29.076173, 41.2525303 ], [ 29.0761012, 41.2524304 ], [ 29.0761301, 41.252248 ], [ 29.0761757, 41.2521553 ], [ 29.0761381, 41.2520484 ], [ 29.0761515, 41.2519234 ], [ 29.076279, 41.2518342 ], [ 29.0759987, 41.2514475 ], [ 29.0759906, 41.2513144 ], [ 29.0758699, 41.2512196 ], [ 29.075835, 41.2511087 ], [ 29.0757659, 41.2509414 ], [ 29.0758477, 41.2507736 ], [ 29.075735, 41.2507354 ], [ 29.0756312, 41.250772 ], [ 29.0753948, 41.2506939 ], [ 29.0753286, 41.2506109 ], [ 29.0751585, 41.2506109 ], [ 29.0752071, 41.25039 ], [ 29.075185, 41.2502937 ], [ 29.0753219, 41.2502571 ], [ 29.0753904, 41.2501857 ], [ 29.0756323, 41.2502274 ], [ 29.075576, 41.2499864 ], [ 29.075534, 41.2499399 ], [ 29.0754258, 41.2498369 ], [ 29.0753716, 41.2496861 ], [ 29.0752976, 41.2496575 ], [ 29.07523, 41.2496559 ], [ 29.0751386, 41.2496874 ], [ 29.0751982, 41.2497306 ], [ 29.07527, 41.2497934 ], [ 29.0748956, 41.2498735 ], [ 29.0746217, 41.250013 ], [ 29.0744228, 41.2499432 ], [ 29.0742196, 41.2499083 ], [ 29.0740561, 41.249822 ], [ 29.0738087, 41.2497589 ], [ 29.0737447, 41.2496924 ], [ 29.0736879, 41.249583 ], [ 29.0736232, 41.2494582 ], [ 29.0738395, 41.2494127 ], [ 29.0738288, 41.2492917 ], [ 29.0735739, 41.24933 ], [ 29.0734177, 41.2492888 ], [ 29.0733404, 41.2491809 ], [ 29.0732454, 41.2489052 ], [ 29.073283, 41.2488304 ], [ 29.0732012, 41.2487972 ], [ 29.0730996, 41.2486627 ], [ 29.0730135, 41.2486195 ], [ 29.0729052, 41.2485099 ], [ 29.0728213, 41.2482541 ], [ 29.0727837, 41.2481462 ], [ 29.0726711, 41.2480382 ], [ 29.072596, 41.2479718 ], [ 29.0725258, 41.2479286 ], [ 29.0723515, 41.2478941 ], [ 29.0720417, 41.2479125 ], [ 29.0717761, 41.2479889 ], [ 29.0715401, 41.2480968 ], [ 29.0712642, 41.2482661 ], [ 29.0710425, 41.2484588 ], [ 29.0710278, 41.2486963 ], [ 29.071061, 41.2488706 ], [ 29.0711029, 41.2489886 ], [ 29.0711781, 41.2490965 ], [ 29.0711648, 41.2491713 ], [ 29.0711184, 41.2492543 ], [ 29.0710654, 41.249354 ], [ 29.071072, 41.249442 ], [ 29.0711295, 41.2494403 ], [ 29.0711714, 41.2494951 ], [ 29.0712311, 41.24952 ], [ 29.0713393, 41.2495367 ], [ 29.0713592, 41.2495682 ], [ 29.0711648, 41.2496247 ], [ 29.0711007, 41.2496878 ], [ 29.0710632, 41.2497492 ], [ 29.0710411, 41.2498506 ], [ 29.0710433, 41.2499153 ], [ 29.0711184, 41.2499303 ], [ 29.0711913, 41.2499552 ], [ 29.0712465, 41.25002 ], [ 29.0712686, 41.2501661 ], [ 29.0713769, 41.2501794 ], [ 29.0715956, 41.2503721 ], [ 29.071611, 41.2504501 ], [ 29.071801, 41.2505199 ], [ 29.0720064, 41.2507009 ], [ 29.0720572, 41.2508753 ], [ 29.07215, 41.2510297 ], [ 29.0721633, 41.2511244 ], [ 29.0721301, 41.2511908 ], [ 29.0722163, 41.2512573 ], [ 29.072245, 41.2513353 ], [ 29.0722075, 41.2514018 ], [ 29.0722472, 41.2515429 ], [ 29.0721832, 41.2516658 ], [ 29.0717354, 41.2518979 ], [ 29.0713928, 41.2520546 ], [ 29.0712169, 41.2521193 ], [ 29.0709615, 41.252242 ], [ 29.0708971, 41.2523993 ], [ 29.0707737, 41.2525324 ], [ 29.0707185, 41.2527132 ], [ 29.0703768, 41.2526422 ], [ 29.0701968, 41.2524934 ], [ 29.0697156, 41.2519289 ], [ 29.0693372, 41.2519866 ], [ 29.0687093, 41.252007 ], [ 29.0685636, 41.2520565 ], [ 29.0685475, 41.2522057 ], [ 29.0683812, 41.2523267 ], [ 29.068172, 41.2523791 ], [ 29.0679735, 41.2523267 ], [ 29.0677091, 41.2521949 ], [ 29.0674511, 41.2522522 ], [ 29.0673888, 41.252488 ], [ 29.0674531, 41.2525848 ], [ 29.0675497, 41.2526896 ], [ 29.0677335, 41.2528616 ], [ 29.0676784, 41.2533107 ], [ 29.0674454, 41.2535514 ], [ 29.0671635, 41.2533873 ], [ 29.0670669, 41.2532059 ], [ 29.0668899, 41.2530808 ], [ 29.0666753, 41.2529397 ], [ 29.0665197, 41.2527542 ], [ 29.0663964, 41.252617 ], [ 29.0664875, 41.2523025 ], [ 29.0664023, 41.2520521 ], [ 29.0661719, 41.2518785 ], [ 29.0660368, 41.2515224 ], [ 29.0660808, 41.2514734 ], [ 29.0661476, 41.2514685 ], [ 29.0661704, 41.2513828 ], [ 29.0661329, 41.2513143 ], [ 29.0660678, 41.2512751 ], [ 29.0660433, 41.2512188 ], [ 29.0659945, 41.2511588 ], [ 29.0659929, 41.2511184 ], [ 29.0658577, 41.2510095 ], [ 29.0657258, 41.2509495 ], [ 29.0656623, 41.2509507 ], [ 29.0655711, 41.2509899 ], [ 29.0654637, 41.2509886 ], [ 29.0653708, 41.2509519 ], [ 29.0653578, 41.2509299 ], [ 29.0653985, 41.2509115 ], [ 29.0653806, 41.2508821 ], [ 29.0653497, 41.2508454 ], [ 29.0653725, 41.2508197 ], [ 29.0653571, 41.250789 ], [ 29.0651317, 41.250711 ], [ 29.0650484, 41.2506875 ], [ 29.0649413, 41.2506888 ], [ 29.0645631, 41.2506727 ], [ 29.0641474, 41.2507292 ], [ 29.0638124, 41.2508491 ], [ 29.0635454, 41.2509703 ], [ 29.063451, 41.2510535 ], [ 29.0633999, 41.2511489 ], [ 29.0633787, 41.2511856 ], [ 29.0633982, 41.2512236 ], [ 29.0634308, 41.2512982 ], [ 29.0633526, 41.2513766 ], [ 29.0632549, 41.2514439 ], [ 29.0631149, 41.2514831 ], [ 29.0629781, 41.2514843 ], [ 29.0629488, 41.2515137 ], [ 29.0628934, 41.2515211 ], [ 29.0628446, 41.2514966 ], [ 29.062812, 41.2514611 ], [ 29.062628, 41.2514709 ], [ 29.0624668, 41.2515027 ], [ 29.0623577, 41.2515382 ], [ 29.0622535, 41.2516104 ], [ 29.0621965, 41.2516202 ], [ 29.0621476, 41.2516655 ], [ 29.0621167, 41.2517182 ], [ 29.0621151, 41.2517769 ], [ 29.0621102, 41.2518394 ], [ 29.0620434, 41.2518896 ], [ 29.0619412, 41.2521311 ], [ 29.0620324, 41.2522097 ], [ 29.0620217, 41.2523125 ], [ 29.0620109, 41.2523952 ], [ 29.062106, 41.2525512 ], [ 29.0619761, 41.2527058 ], [ 29.0619761, 41.2529397 ], [ 29.0621048, 41.2533591 ], [ 29.0621263, 41.2536535 ], [ 29.0619117, 41.2538511 ], [ 29.0617293, 41.2537906 ], [ 29.0615523, 41.2537705 ], [ 29.0615523, 41.2539076 ], [ 29.0614074, 41.2540447 ], [ 29.0609676, 41.2539842 ], [ 29.0607315, 41.254323 ], [ 29.0606832, 41.2545609 ], [ 29.0607262, 41.2547626 ], [ 29.060696, 41.255065 ], [ 29.0604311, 41.2552264 ], [ 29.0603185, 41.2552102 ], [ 29.060016, 41.255077 ], [ 29.059842, 41.254952 ], [ 29.059668, 41.254826 ], [ 29.0591222, 41.2546618 ], [ 29.0588969, 41.254686 ], [ 29.0587145, 41.2547706 ], [ 29.0584731, 41.2548755 ], [ 29.0582317, 41.254932 ], [ 29.0577972, 41.2549158 ], [ 29.0571481, 41.2547666 ], [ 29.0563542, 41.2548231 ], [ 29.0561289, 41.254686 ], [ 29.0559357, 41.2547424 ], [ 29.0556139, 41.2548311 ], [ 29.0551418, 41.2549158 ], [ 29.054909, 41.254911 ], [ 29.0547663, 41.2549965 ], [ 29.0545624, 41.2548755 ], [ 29.0544176, 41.2548069 ], [ 29.0542459, 41.2548715 ], [ 29.0541018, 41.2551567 ], [ 29.0542037, 41.2553099 ], [ 29.0542305, 41.2555761 ], [ 29.0538282, 41.2557334 ], [ 29.0533347, 41.255685 ], [ 29.0530343, 41.2555075 ], [ 29.052589, 41.2555277 ], [ 29.0524603, 41.2554309 ], [ 29.0522028, 41.2555116 ], [ 29.0519506, 41.2553462 ], [ 29.0517951, 41.2554067 ], [ 29.0522189, 41.2556164 ], [ 29.052213, 41.25573 ], [ 29.0516657, 41.2558877 ], [ 29.0515208, 41.2558555 ], [ 29.0511721, 41.2558716 ], [ 29.050802, 41.2558877 ], [ 29.0506089, 41.2558232 ], [ 29.0502072, 41.2558826 ], [ 29.0500302, 41.2560479 ], [ 29.0500516, 41.2561931 ], [ 29.0502072, 41.256302 ], [ 29.0505022, 41.256548 ], [ 29.0503038, 41.2568021 ], [ 29.0499819, 41.2566488 ], [ 29.0500892, 41.2568222 ], [ 29.0498317, 41.2569553 ], [ 29.0496922, 41.2568747 ], [ 29.0495152, 41.2570239 ], [ 29.049365, 41.2569069 ], [ 29.0490968, 41.2569755 ], [ 29.0487374, 41.2566851 ], [ 29.0480722, 41.2563867 ], [ 29.0477879, 41.256552 ], [ 29.047466, 41.256423 ], [ 29.0473855, 41.2561568 ], [ 29.0474767, 41.2559915 ], [ 29.0474338, 41.2558786 ], [ 29.0475786, 41.2555398 ], [ 29.0477596, 41.2551839 ], [ 29.047525, 41.2549913 ], [ 29.0471656, 41.2549349 ], [ 29.0466184, 41.2549833 ], [ 29.0463234, 41.2548865 ], [ 29.046057, 41.254685 ], [ 29.045373, 41.254568 ], [ 29.045199, 41.254443 ], [ 29.0448797, 41.2542101 ], [ 29.044934, 41.2539145 ], [ 29.0448461, 41.2538511 ], [ 29.0447992, 41.2537795 ], [ 29.0447583, 41.2537805 ], [ 29.0447167, 41.2536454 ], [ 29.0445739, 41.2536414 ], [ 29.0443955, 41.2536303 ], [ 29.044199, 41.2536453 ], [ 29.0439905, 41.2537039 ], [ 29.043837, 41.2537633 ], [ 29.0437049, 41.2537967 ], [ 29.0435815, 41.2538078 ], [ 29.0434755, 41.2537806 ], [ 29.0432341, 41.2536424 ], [ 29.0430786, 41.2536041 ], [ 29.0429378, 41.2536213 ], [ 29.0427507, 41.2537452 ], [ 29.0426005, 41.2538702 ], [ 29.0424824, 41.2541928 ], [ 29.0424925, 41.2544551 ], [ 29.0424824, 41.2544912 ], [ 29.0424134, 41.2545347 ], [ 29.0420727, 41.2546749 ], [ 29.0418072, 41.2547424 ], [ 29.0416831, 41.2548421 ], [ 29.0417918, 41.2550478 ], [ 29.0417656, 41.2551134 ], [ 29.0415705, 41.2552414 ], [ 29.0414658, 41.255323 ], [ 29.0412473, 41.2555559 ], [ 29.0413257, 41.2557123 ], [ 29.0414143, 41.2558182 ], [ 29.041421, 41.2558867 ], [ 29.0413774, 41.2559632 ], [ 29.0419299, 41.2563322 ], [ 29.0419587, 41.25641 ], [ 29.041944, 41.2564624 ], [ 29.0419024, 41.2564917 ], [ 29.0418501, 41.2565027 ], [ 29.0417998, 41.2564784 ], [ 29.041602, 41.2564352 ], [ 29.0414096, 41.2563141 ], [ 29.0412057, 41.2562617 ], [ 29.041018, 41.2561488 ], [ 29.0408356, 41.2561528 ], [ 29.0405942, 41.2560762 ], [ 29.0402777, 41.2558665 ], [ 29.0400577, 41.2559592 ], [ 29.0398498, 41.2560772 ], [ 29.0398465, 41.2561872 ], [ 29.0398338, 41.256297 ], [ 29.0398116, 41.2563656 ], [ 29.039766, 41.2564251 ], [ 29.0398264, 41.2564735 ], [ 29.0398365, 41.2565097 ], [ 29.0397124, 41.2564796 ], [ 29.0395997, 41.256417 ], [ 29.0394656, 41.256417 ], [ 29.0394247, 41.2564029 ], [ 29.0393892, 41.2563253 ], [ 29.0393463, 41.2563031 ], [ 29.0390707, 41.2563262 ], [ 29.038724, 41.2563887 ], [ 29.0384256, 41.2565026 ], [ 29.0383518, 41.2565123 ], [ 29.0382747, 41.2564962 ], [ 29.0381775, 41.2565552 ], [ 29.0381353, 41.2565652 ], [ 29.0381011, 41.2565592 ], [ 29.0380816, 41.256538 ], [ 29.0380783, 41.2565238 ], [ 29.0381373, 41.2563907 ], [ 29.0380192, 41.2562859 ], [ 29.038148, 41.2561623 ], [ 29.0381788, 41.2560092 ], [ 29.038311, 41.2560144 ], [ 29.0384597, 41.2557217 ], [ 29.0384915, 41.2554184 ], [ 29.0384738, 41.2552694 ], [ 29.0383641, 41.2552215 ], [ 29.0384738, 41.2551071 ], [ 29.0386897, 41.2550698 ], [ 29.0387181, 41.2549448 ], [ 29.0388278, 41.254974 ], [ 29.0388915, 41.2547585 ], [ 29.0388702, 41.2545537 ], [ 29.0389587, 41.2544206 ], [ 29.038895, 41.2542583 ], [ 29.0389693, 41.2541572 ], [ 29.038987, 41.2540242 ], [ 29.0389729, 41.2538752 ], [ 29.0388455, 41.2537608 ], [ 29.0387287, 41.2533829 ], [ 29.0388384, 41.2530503 ], [ 29.0389021, 41.2529093 ], [ 29.0387782, 41.2527709 ], [ 29.0386331, 41.2526326 ], [ 29.0385022, 41.2526406 ], [ 29.0384349, 41.2522202 ], [ 29.0385659, 41.2519328 ], [ 29.0383783, 41.2517093 ], [ 29.0381907, 41.2517252 ], [ 29.037858, 41.2514592 ], [ 29.0376209, 41.2510361 ], [ 29.0375076, 41.2509057 ], [ 29.0374015, 41.250746 ], [ 29.0373716, 41.2506275 ], [ 29.0373408, 41.2505053 ], [ 29.0372352, 41.2503435 ], [ 29.0371477, 41.2502915 ], [ 29.0370126, 41.2501741 ], [ 29.0368258, 41.2500979 ], [ 29.0366052, 41.2500409 ], [ 29.0364735, 41.2500289 ], [ 29.0363966, 41.2500616 ], [ 29.0363018, 41.2500612 ], [ 29.0362669, 41.2501116 ], [ 29.0361757, 41.2500552 ], [ 29.0360685, 41.2500753 ], [ 29.0359826, 41.2501278 ], [ 29.0359318, 41.2501811 ], [ 29.0357788, 41.2501862 ], [ 29.0356188, 41.2501746 ], [ 29.0352023, 41.2500621 ], [ 29.035103, 41.2498544 ], [ 29.0349185, 41.2497192 ], [ 29.0346417, 41.2496032 ], [ 29.0345349, 41.2493595 ], [ 29.0343016, 41.2493862 ], [ 29.033991, 41.249508 ], [ 29.0339141, 41.2493714 ], [ 29.033665, 41.2494724 ], [ 29.0338113, 41.2493297 ], [ 29.0338548, 41.2491365 ], [ 29.034005, 41.24908 ], [ 29.0340248, 41.2488213 ], [ 29.0341158, 41.2485924 ], [ 29.0342107, 41.2485092 ], [ 29.0341516, 41.2483312 ], [ 29.0341549, 41.2482572 ], [ 29.0342001, 41.2481813 ], [ 29.0342131, 41.2481311 ], [ 29.0342383, 41.2480662 ], [ 29.0342502, 41.2478818 ], [ 29.0342992, 41.2477891 ], [ 29.0343606, 41.2477112 ], [ 29.0344719, 41.2475517 ], [ 29.0344493, 41.2473523 ], [ 29.0343688, 41.247207 ], [ 29.0342225, 41.2469513 ], [ 29.0339655, 41.2467253 ], [ 29.0336571, 41.2465142 ], [ 29.0333723, 41.246321 ], [ 29.0332957, 41.2462685 ], [ 29.0331396, 41.2461746 ], [ 29.0325395, 41.2460013 ], [ 29.0318433, 41.2459183 ], [ 29.0313935, 41.2458735 ], [ 29.0310448, 41.2457928 ], [ 29.0304977, 41.2456839 ], [ 29.0301973, 41.2456436 ], [ 29.029988, 41.2455387 ], [ 29.0295535, 41.2454782 ], [ 29.0290249, 41.2454634 ], [ 29.0287201, 41.2454436 ], [ 29.0282159, 41.2453588 ], [ 29.0279615, 41.2453281 ], [ 29.0276974, 41.2453425 ], [ 29.0273917, 41.2453532 ], [ 29.0269786, 41.2452644 ], [ 29.0264368, 41.2452483 ], [ 29.0263278, 41.245236 ], [ 29.026295, 41.2452331 ], [ 29.0260265, 41.2452018 ], [ 29.025482, 41.2451917 ], [ 29.0249107, 41.2451957 ], [ 29.0245245, 41.2451029 ], [ 29.0241409, 41.2450666 ], [ 29.0237493, 41.2450969 ], [ 29.0234436, 41.2450687 ], [ 29.0231378, 41.2450868 ], [ 29.0226227, 41.2451394 ], [ 29.0224881, 41.2450738 ], [ 29.0222044, 41.2449819 ], [ 29.0209303, 41.2452159 ], [ 29.020351, 41.2451776 ], [ 29.0198306, 41.2451836 ], [ 29.0195221, 41.2451959 ], [ 29.0193236, 41.2452322 ], [ 29.0190045, 41.2452784 ], [ 29.0185495, 41.2453177 ], [ 29.0182668, 41.2453411 ], [ 29.0180576, 41.2453128 ], [ 29.017725, 41.2453411 ], [ 29.0174675, 41.2453693 ], [ 29.0171188, 41.2454016 ], [ 29.0169203, 41.2453733 ], [ 29.0164965, 41.2453653 ], [ 29.0159279, 41.2454701 ], [ 29.0156382, 41.2454984 ], [ 29.0153889, 41.2455103 ], [ 29.0151554, 41.2455427 ], [ 29.0148336, 41.2455871 ], [ 29.0146297, 41.2455871 ], [ 29.014281, 41.2456113 ], [ 29.0139003, 41.2456434 ], [ 29.01327, 41.2456656 ], [ 29.0126933, 41.2457322 ], [ 29.0121193, 41.245833 ], [ 29.0117947, 41.2458572 ], [ 29.0115881, 41.2458695 ], [ 29.0113039, 41.2458975 ], [ 29.0108693, 41.2459017 ], [ 29.0103088, 41.2459621 ], [ 29.0098367, 41.2459802 ], [ 29.0093673, 41.2460548 ], [ 29.0089355, 41.2461335 ], [ 29.0084715, 41.2462505 ], [ 29.0082462, 41.2462726 ], [ 29.0079458, 41.2462505 ], [ 29.0076695, 41.2462928 ], [ 29.0073986, 41.2463815 ], [ 29.0069775, 41.2464844 ], [ 29.0059422, 41.2466316 ], [ 29.0051883, 41.2467568 ], [ 29.0048557, 41.2468052 ], [ 29.0045178, 41.2468576 ], [ 29.0039653, 41.2469383 ], [ 29.0035254, 41.2469544 ], [ 29.0029971, 41.2470329 ], [ 29.0023506, 41.2470916 ], [ 29.001959, 41.247144 ], [ 29.0015083, 41.2472368 ], [ 29.0012187, 41.247269 ], [ 29.0009022, 41.2473295 ], [ 29.0005213, 41.2474021 ], [ 28.9999473, 41.2475312 ], [ 28.9996469, 41.2475635 ], [ 28.999332403790877, 41.247610400682547 ], [ 28.999332403790877, 42.0005 ], [ 30.000667596209123, 42.0005 ] ], [ [ 29.0044793, 41.0211522 ], [ 29.0044732, 41.0211674 ], [ 29.004468, 41.0211806 ], [ 29.0043435, 41.0211759 ], [ 29.0042462, 41.0212859 ], [ 29.003896, 41.0212494 ], [ 29.0038691, 41.0212332 ], [ 29.0038777, 41.02096 ], [ 29.0039055, 41.0209127 ], [ 29.003945, 41.0208801 ], [ 29.004418, 41.0209432 ], [ 29.0043673, 41.0211432 ], [ 29.0044793, 41.0211522 ] ], [ [ 29.0470433, 41.0772198 ], [ 29.0470053, 41.0772183 ], [ 29.0469815, 41.0771991 ], [ 29.0469834, 41.0771714 ], [ 29.0470098, 41.0771522 ], [ 29.0470478, 41.0771536 ], [ 29.0470694, 41.0771747 ], [ 29.0470675, 41.0772024 ], [ 29.0470433, 41.0772198 ] ], [ [ 29.1022632, 41.2421914 ], [ 29.1020569, 41.2421083 ], [ 29.1017477, 41.2419607 ], [ 29.1015835, 41.2417649 ], [ 29.1015363, 41.2416346 ], [ 29.1015161, 41.2414701 ], [ 29.1019195, 41.2414242 ], [ 29.1022189, 41.2415084 ], [ 29.102426, 41.2416941 ], [ 29.1025368, 41.2418276 ], [ 29.1026894, 41.2420033 ], [ 29.1026728, 41.2421296 ], [ 29.1024774, 41.2421599 ], [ 29.1022632, 41.2421914 ] ], [ [ 29.1032803, 41.2429473 ], [ 29.1032325, 41.2430097 ], [ 29.1031641, 41.2429537 ], [ 29.1030525, 41.2428376 ], [ 29.1029066, 41.2429344 ], [ 29.1027505, 41.2428511 ], [ 29.1026577, 41.242773 ], [ 29.1028223, 41.2426772 ], [ 29.1029924, 41.2427408 ], [ 29.1031555, 41.2427537 ], [ 29.1032322, 41.2428109 ], [ 29.1032803, 41.2429473 ] ], [ [ 29.0974937, 41.2433202 ], [ 29.0975849, 41.2432597 ], [ 29.0977638, 41.2432845 ], [ 29.0978477, 41.2434251 ], [ 29.0977941, 41.2434695 ], [ 29.0976332, 41.2434453 ], [ 29.0974937, 41.2433202 ] ], [ [ 29.0351808, 41.2501871 ], [ 29.0353042, 41.2502597 ], [ 29.0353847, 41.2504089 ], [ 29.0353954, 41.2504997 ], [ 29.0354007, 41.2505602 ], [ 29.03539, 41.2505884 ], [ 29.0352666, 41.2505803 ], [ 29.035154, 41.2505198 ], [ 29.0350842, 41.250421 ], [ 29.0350547, 41.2503 ], [ 29.0351808, 41.2501871 ] ], [ [ 29.0350399, 41.2506796 ], [ 29.0351418, 41.2506554 ], [ 29.0351848, 41.2506837 ], [ 29.0352384, 41.2506635 ], [ 29.0353189, 41.2506796 ], [ 29.035335, 41.2507199 ], [ 29.0352652, 41.2507683 ], [ 29.0351204, 41.2507441 ], [ 29.0350399, 41.2506796 ] ], [ [ 29.0776294, 41.2540528 ], [ 29.0777341, 41.2541355 ], [ 29.0777314, 41.2542464 ], [ 29.0777904, 41.254325 ], [ 29.077895, 41.2543653 ], [ 29.0779567, 41.2544117 ], [ 29.0779629, 41.2545597 ], [ 29.077409, 41.2543689 ], [ 29.0772527, 41.2540795 ], [ 29.0773202, 41.2538791 ], [ 29.0774256, 41.2538451 ], [ 29.0775275, 41.2538894 ], [ 29.0776294, 41.2540528 ] ], [ [ 29.0378577, 41.2562668 ], [ 29.037745, 41.2562557 ], [ 29.03769, 41.2563253 ], [ 29.037576, 41.2563969 ], [ 29.0374929, 41.2564312 ], [ 29.0374339, 41.2564191 ], [ 29.0374057, 41.2563757 ], [ 29.0374365, 41.2563243 ], [ 29.0375143, 41.2562608 ], [ 29.0375881, 41.2562305 ], [ 29.0376391, 41.2562003 ], [ 29.0376404, 41.2561569 ], [ 29.0376551, 41.2561227 ], [ 29.0377021, 41.2561156 ], [ 29.0377665, 41.2561337 ], [ 29.037867, 41.2561862 ], [ 29.0379408, 41.2561912 ], [ 29.037981, 41.2562124 ], [ 29.0379824, 41.2562325 ], [ 29.0379408, 41.2562658 ], [ 29.0378965, 41.2562779 ], [ 29.0378577, 41.2562668 ] ], [ [ 29.0382385, 41.2576763 ], [ 29.0381768, 41.2577005 ], [ 29.0381178, 41.2576995 ], [ 29.0380575, 41.2576813 ], [ 29.0380092, 41.2576158 ], [ 29.0379971, 41.2575664 ], [ 29.038028, 41.257521 ], [ 29.0380427, 41.2574807 ], [ 29.0381165, 41.2574494 ], [ 29.0382627, 41.2573658 ], [ 29.0384571, 41.2572065 ], [ 29.0385309, 41.2570804 ], [ 29.0385416, 41.2570028 ], [ 29.0384974, 41.2569584 ], [ 29.0384558, 41.2569171 ], [ 29.0383874, 41.256901 ], [ 29.0383431, 41.2568354 ], [ 29.0383579, 41.2567588 ], [ 29.0384088, 41.2567094 ], [ 29.0384276, 41.2566429 ], [ 29.0384705, 41.2565421 ], [ 29.0385175, 41.2564917 ], [ 29.0385738, 41.2564775 ], [ 29.0386623, 41.2565179 ], [ 29.0387186, 41.2565834 ], [ 29.0387441, 41.2566217 ], [ 29.0387347, 41.256654 ], [ 29.0386865, 41.2566701 ], [ 29.0386181, 41.2567145 ], [ 29.0386073, 41.2567598 ], [ 29.0386207, 41.256782 ], [ 29.0386757, 41.2568072 ], [ 29.0387884, 41.2568475 ], [ 29.0388662, 41.2568828 ], [ 29.0388903, 41.2569373 ], [ 29.0389507, 41.2569584 ], [ 29.0389734, 41.2569746 ], [ 29.0389587, 41.2569998 ], [ 29.038901, 41.2570391 ], [ 29.0388393, 41.2570482 ], [ 29.0388474, 41.2570744 ], [ 29.038901, 41.2571036 ], [ 29.0389949, 41.257155 ], [ 29.039007, 41.2571893 ], [ 29.0390056, 41.2572246 ], [ 29.0389855, 41.2572488 ], [ 29.0389265, 41.2572448 ], [ 29.0388742, 41.2572095 ], [ 29.0387951, 41.2571581 ], [ 29.0387173, 41.2571802 ], [ 29.0386274, 41.2572831 ], [ 29.0385765, 41.2573698 ], [ 29.0385778, 41.2574283 ], [ 29.0386221, 41.2574615 ], [ 29.0386583, 41.2574938 ], [ 29.0386502, 41.257523 ], [ 29.0385671, 41.2575492 ], [ 29.0385094, 41.2575603 ], [ 29.0383606, 41.2575654 ], [ 29.038319, 41.2576057 ], [ 29.0382385, 41.2576763 ] ], [ [ 29.7288281, 41.1577089 ], [ 29.7286345, 41.1576426 ], [ 29.7285376, 41.1575498 ], [ 29.7283792, 41.1576558 ], [ 29.728212, 41.1576691 ], [ 29.7280624, 41.157583 ], [ 29.727992, 41.1574968 ], [ 29.7281504, 41.1574504 ], [ 29.7281856, 41.157351 ], [ 29.7283352, 41.1573245 ], [ 29.728344, 41.157245 ], [ 29.7280976, 41.1571854 ], [ 29.728344, 41.1571125 ], [ 29.7284584, 41.1571787 ], [ 29.7284584, 41.1573245 ], [ 29.7286521, 41.1573444 ], [ 29.7289777, 41.1575564 ], [ 29.7290569, 41.1577884 ], [ 29.7290217, 41.1579474 ], [ 29.7288961, 41.157942 ], [ 29.7287665, 41.1578679 ], [ 29.7288281, 41.1577089 ] ], [ [ 29.7272082, 41.1578438 ], [ 29.7270498, 41.1578835 ], [ 29.7267329, 41.1578239 ], [ 29.7267858, 41.1576052 ], [ 29.7266625, 41.1574992 ], [ 29.726865, 41.1573534 ], [ 29.7272786, 41.1574263 ], [ 29.727217, 41.1575588 ], [ 29.7273226, 41.1576052 ], [ 29.7272082, 41.1578438 ] ], [ [ 29.6109265, 41.1816722 ], [ 29.6108161, 41.1816423 ], [ 29.6107467, 41.181565 ], [ 29.6107195, 41.1814889 ], [ 29.6105586, 41.1814162 ], [ 29.6105157, 41.181279 ], [ 29.6105586, 41.1811821 ], [ 29.610812, 41.18102 ], [ 29.6111086, 41.1808304 ], [ 29.6113211, 41.1808075 ], [ 29.6114729, 41.180869 ], [ 29.6114916, 41.180971 ], [ 29.6113311, 41.1810932 ], [ 29.6112937, 41.1813923 ], [ 29.6111487, 41.1814081 ], [ 29.6110951, 41.1813436 ], [ 29.6110307, 41.1814162 ], [ 29.6110521, 41.1815696 ], [ 29.6109738, 41.1816119 ], [ 29.6109265, 41.1816722 ] ], [ [ 29.609136, 41.1810987 ], [ 29.609199, 41.1810277 ], [ 29.6092593, 41.1809998 ], [ 29.6093572, 41.1810378 ], [ 29.6094203, 41.1810482 ], [ 29.6094042, 41.1811068 ], [ 29.6096, 41.1810644 ], [ 29.609726, 41.1810644 ], [ 29.6098508, 41.1811045 ], [ 29.6098816, 41.1811855 ], [ 29.6099259, 41.1812962 ], [ 29.6099218, 41.1813369 ], [ 29.6099406, 41.1813672 ], [ 29.6099326, 41.1814278 ], [ 29.6098467, 41.1814843 ], [ 29.6096349, 41.1818315 ], [ 29.6095852, 41.1818877 ], [ 29.6095812, 41.1820253 ], [ 29.609482, 41.1821363 ], [ 29.60938, 41.1821565 ], [ 29.6093291, 41.1821464 ], [ 29.6092835, 41.1821949 ], [ 29.6092647, 41.1822675 ], [ 29.6093103, 41.1823099 ], [ 29.6092996, 41.1823967 ], [ 29.6092996, 41.1824593 ], [ 29.609203, 41.1824876 ], [ 29.6091413, 41.1825481 ], [ 29.6090716, 41.1825542 ], [ 29.6089589, 41.1825602 ], [ 29.6088758, 41.1825279 ], [ 29.6087605, 41.1825239 ], [ 29.6086585, 41.1824855 ], [ 29.6085298, 41.1823281 ], [ 29.6085781, 41.1822312 ], [ 29.6087014, 41.1820858 ], [ 29.6086049, 41.1820334 ], [ 29.6085807, 41.1819789 ], [ 29.6086129, 41.1818981 ], [ 29.6086827, 41.1818698 ], [ 29.6087712, 41.1818275 ], [ 29.6088221, 41.1818375 ], [ 29.6089536, 41.1816922 ], [ 29.6089911, 41.1816014 ], [ 29.6089348, 41.1815125 ], [ 29.6089321, 41.1814338 ], [ 29.6088677, 41.181458 ], [ 29.6086693, 41.1814661 ], [ 29.6085566, 41.1814076 ], [ 29.6084949, 41.1813329 ], [ 29.6084788, 41.1812562 ], [ 29.6084735, 41.1811976 ], [ 29.6085191, 41.1811007 ], [ 29.6085821, 41.1811186 ], [ 29.6087779, 41.1811872 ], [ 29.6088181, 41.1812296 ], [ 29.6089066, 41.1812639 ], [ 29.6089482, 41.1812461 ], [ 29.6089898, 41.1812599 ], [ 29.6090448, 41.1812239 ], [ 29.6090005, 41.1811287 ], [ 29.6090179, 41.1811048 ], [ 29.609136, 41.1810987 ] ], [ [ 29.6048015, 41.1835636 ], [ 29.6047747, 41.1834546 ], [ 29.6048672, 41.1832988 ], [ 29.6049732, 41.1832568 ], [ 29.6050496, 41.1831534 ], [ 29.6051408, 41.1831494 ], [ 29.6053004, 41.1830549 ], [ 29.6053219, 41.1829419 ], [ 29.6053554, 41.1828345 ], [ 29.6055686, 41.1827117 ], [ 29.6057148, 41.1827335 ], [ 29.6058315, 41.1827925 ], [ 29.6059334, 41.1828853 ], [ 29.6059508, 41.1829919 ], [ 29.6059026, 41.1830323 ], [ 29.6058959, 41.1831316 ], [ 29.6058382, 41.1831332 ], [ 29.6057899, 41.1831938 ], [ 29.6058261, 41.1833577 ], [ 29.6058328, 41.1835289 ], [ 29.6057242, 41.1835838 ], [ 29.6056276, 41.1835999 ], [ 29.6054667, 41.1835313 ], [ 29.6053326, 41.183608 ], [ 29.6053219, 41.1836888 ], [ 29.6051663, 41.1836888 ], [ 29.6050657, 41.1836177 ], [ 29.6049356, 41.1836444 ], [ 29.6048015, 41.1835636 ] ], [ [ 29.6123614, 41.183282 ], [ 29.6122042, 41.1833665 ], [ 29.6121293, 41.1835131 ], [ 29.6119945, 41.1835131 ], [ 29.6118398, 41.1833689 ], [ 29.6118372, 41.1833665 ], [ 29.6118671, 41.1831805 ], [ 29.6120843, 41.183158 ], [ 29.6120897, 41.1831554 ], [ 29.6122341, 41.1830847 ], [ 29.6121667, 41.1830114 ], [ 29.6122791, 41.1829832 ], [ 29.6124588, 41.1831354 ], [ 29.6123614, 41.183282 ] ], [ [ 29.3291905, 41.2169421 ], [ 29.3290939, 41.2168453 ], [ 29.3291476, 41.2167565 ], [ 29.3292656, 41.2166435 ], [ 29.3293836, 41.2167 ], [ 29.3293085, 41.216821 ], [ 29.3292549, 41.2170067 ], [ 29.3291905, 41.2169421 ] ], [ [ 29.1076966, 41.2217831 ], [ 29.1074926, 41.221702 ], [ 29.1075975, 41.2216778 ], [ 29.107685, 41.2216515 ], [ 29.107889, 41.2216932 ], [ 29.1079007, 41.2217436 ], [ 29.107889, 41.2217831 ], [ 29.1076966, 41.2217831 ] ], [ [ 29.2454013, 41.2318404 ], [ 29.2453931, 41.2319015 ], [ 29.2452549, 41.2319382 ], [ 29.2451004, 41.231981 ], [ 29.2449378, 41.2319892 ], [ 29.2448836, 41.2319749 ], [ 29.2448456, 41.2319504 ], [ 29.2447426, 41.2319199 ], [ 29.2446966, 41.2318016 ], [ 29.244805, 41.2317425 ], [ 29.2450164, 41.2317385 ], [ 29.2452224, 41.2317833 ], [ 29.2454013, 41.2318404 ] ], [ [ 29.2261328, 41.2343717 ], [ 29.2262505, 41.2342574 ], [ 29.2262899, 41.2341935 ], [ 29.2263973, 41.23415 ], [ 29.2268574, 41.2338372 ], [ 29.2268904, 41.2337937 ], [ 29.226905, 41.2337091 ], [ 29.227086, 41.2337025 ], [ 29.227188, 41.2336797 ], [ 29.2272706, 41.2336321 ], [ 29.2273836, 41.2337108 ], [ 29.2275433, 41.2337543 ], [ 29.2276066, 41.2338337 ], [ 29.2277741, 41.2339514 ], [ 29.228018, 41.233978 ], [ 29.2282003, 41.2341496 ], [ 29.2281577, 41.2342598 ], [ 29.228042, 41.2343738 ], [ 29.2278384, 41.2345456 ], [ 29.2277771, 41.2345097 ], [ 29.227736, 41.2344529 ], [ 29.2275847, 41.2344069 ], [ 29.227469, 41.2343054 ], [ 29.227356, 41.2342805 ], [ 29.2272513, 41.2342287 ], [ 29.2271205, 41.2342755 ], [ 29.2272023, 41.234378 ], [ 29.2271962, 41.2344327 ], [ 29.2271088, 41.2343575 ], [ 29.2270347, 41.234378 ], [ 29.226914, 41.2345333 ], [ 29.2269179, 41.2346769 ], [ 29.2270464, 41.2347121 ], [ 29.2271127, 41.2347912 ], [ 29.2270846, 41.2348666 ], [ 29.2265633, 41.2348 ], [ 29.2262604, 41.2346687 ], [ 29.2259867, 41.2344952 ], [ 29.2259775, 41.2343286 ], [ 29.2261328, 41.2343717 ] ], [ [ 29.1147255, 41.2347182 ], [ 29.1148285, 41.2346794 ], [ 29.1149486, 41.2347375 ], [ 29.1148456, 41.2348473 ], [ 29.1146912, 41.2349441 ], [ 29.1144165, 41.2349764 ], [ 29.1140947, 41.234907 ], [ 29.1141118, 41.2347992 ], [ 29.1142786, 41.2346245 ], [ 29.1144766, 41.2346794 ], [ 29.1147255, 41.2347182 ] ], [ [ 29.9624781, 41.1402523 ], [ 29.9622369, 41.1403915 ], [ 29.9619636, 41.1406155 ], [ 29.9616984, 41.1407789 ], [ 29.9614894, 41.1407305 ], [ 29.9614894, 41.1406155 ], [ 29.9614492, 41.140561 ], [ 29.961417, 41.1403491 ], [ 29.9616421, 41.1401736 ], [ 29.9619315, 41.1399859 ], [ 29.9623896, 41.1400101 ], [ 29.9624781, 41.1402523 ] ], [ [ 29.8750823, 41.1425473 ], [ 29.8746382, 41.1427546 ], [ 29.8743185, 41.1428616 ], [ 29.8741231, 41.1427011 ], [ 29.8738211, 41.1423934 ], [ 29.8739099, 41.1422195 ], [ 29.8747981, 41.142166 ], [ 29.8749313, 41.1423868 ], [ 29.8750467, 41.1422262 ], [ 29.8753398, 41.1423332 ], [ 29.8755974, 41.1425473 ], [ 29.8750823, 41.1425473 ] ], [ [ 29.8721603, 41.1426677 ], [ 29.8721515, 41.1427747 ], [ 29.8719916, 41.142875 ], [ 29.8714943, 41.1429218 ], [ 29.8713522, 41.1428549 ], [ 29.8714232, 41.1427546 ], [ 29.8710946, 41.1425874 ], [ 29.8713877, 41.1425005 ], [ 29.8720627, 41.1424536 ], [ 29.8724268, 41.1425473 ], [ 29.8723735, 41.1426944 ], [ 29.8721603, 41.1426677 ] ], [ [ 29.8726577, 41.1427814 ], [ 29.8724978, 41.1427279 ], [ 29.8726311, 41.1426075 ], [ 29.8726222, 41.1425071 ], [ 29.8724001, 41.1424135 ], [ 29.8725511, 41.1422195 ], [ 29.8729685, 41.1422396 ], [ 29.8733771, 41.1427011 ], [ 29.8737323, 41.1430689 ], [ 29.8736968, 41.1432027 ], [ 29.8735813, 41.1433298 ], [ 29.8729863, 41.1433699 ], [ 29.8723735, 41.1431492 ], [ 29.8725156, 41.1429419 ], [ 29.8726755, 41.1428951 ], [ 29.8726577, 41.1427814 ] ], [ [ 29.7813001, 41.1571822 ], [ 29.7813793, 41.1573147 ], [ 29.7812737, 41.1573943 ], [ 29.7811329, 41.1574009 ], [ 29.7810273, 41.1573479 ], [ 29.7810871, 41.1572346 ], [ 29.7811065, 41.1571425 ], [ 29.7813001, 41.1571822 ] ], [ [ 29.7473338, 41.1599812 ], [ 29.7475765, 41.1600514 ], [ 29.7475827, 41.1601264 ], [ 29.7475143, 41.1602295 ], [ 29.7472653, 41.1601686 ], [ 29.747172, 41.1600327 ], [ 29.7473338, 41.1599812 ] ], [ [ 29.7476637, 41.1601733 ], [ 29.7477757, 41.1601077 ], [ 29.7479002, 41.1602248 ], [ 29.7478939, 41.1603185 ], [ 29.747701, 41.1602764 ], [ 29.7476637, 41.1601733 ] ], [ [ 29.748286, 41.1604122 ], [ 29.748286, 41.1604919 ], [ 29.7482114, 41.1605481 ], [ 29.7480931, 41.1604732 ], [ 29.7480495, 41.1603701 ], [ 29.7481118, 41.1602342 ], [ 29.748174, 41.1602248 ], [ 29.748286, 41.1604122 ] ], [ [ 29.7548514, 41.1613504 ], [ 29.7547194, 41.1612046 ], [ 29.7545257, 41.1611516 ], [ 29.7544025, 41.1610191 ], [ 29.754561, 41.1609926 ], [ 29.7543673, 41.1608799 ], [ 29.7544201, 41.1607672 ], [ 29.7549042, 41.1610058 ], [ 29.7551067, 41.1612974 ], [ 29.7550803, 41.1613835 ], [ 29.7548514, 41.1613504 ] ] ] ] } }
]
}
