{
    "type": "FeatureCollection",
    "features": [
        {
            "type": "Feature",
            "geometry": {
                "type": "LineString",
                "coordinates": [
                    [
                        30.000667596209123,
                        42.0005
                    ],
                    [
                        30.000667596209123,
                        41.13878072917925
                    ],
                    [
                        29.9991429,
                        41.138944
                    ],
                    [
                        29.998836,
                        41.1387159
                    ],
                    [
                        29.9989992,
                        41.1385426
                    ],
                    [
                        30.000667596209123,
                        41.13844656554699
                    ],
                    [
                        30.000667596209123,
                        41.13534296549302
                    ],
                    [
                        30.0002465,
                        41.1353837
                    ],
                    [
                        30.0004221,
                        41.1366624
                    ],
                    [
                        29.9999263,
                        41.1373134
                    ],
                    [
                        30.0002132,
                        41.1374811
                    ],
                    [
                        30.0001664,
                        41.137646
                    ],
                    [
                        29.9996663,
                        41.1374392
                    ],
                    [
                        29.9986887,
                        41.1377491
                    ],
                    [
                        29.9982078,
                        41.1375753
                    ],
                    [
                        29.997621,
                        41.1370812
                    ],
                    [
                        29.9972587,
                        41.1372059
                    ],
                    [
                        29.9972033,
                        41.1383254
                    ],
                    [
                        29.9969594,
                        41.1387821
                    ],
                    [
                        29.9974065,
                        41.1395447
                    ],
                    [
                        29.9978272,
                        41.1398838
                    ],
                    [
                        29.9978091,
                        41.1400925
                    ],
                    [
                        29.9975018,
                        41.1402462
                    ],
                    [
                        29.9970259,
                        41.1399554
                    ],
                    [
                        29.9964497,
                        41.138725
                    ],
                    [
                        29.9958587,
                        41.1388147
                    ],
                    [
                        29.9955705,
                        41.1384632
                    ],
                    [
                        29.9955793,
                        41.1378121
                    ],
                    [
                        29.9949883,
                        41.1374068
                    ],
                    [
                        29.9944679,
                        41.1374467
                    ],
                    [
                        29.9943885,
                        41.1382572
                    ],
                    [
                        29.993524,
                        41.1382107
                    ],
                    [
                        29.9939121,
                        41.1372009
                    ],
                    [
                        29.993718,
                        41.1369019
                    ],
                    [
                        29.9939562,
                        41.1362043
                    ],
                    [
                        29.9930653,
                        41.1355134
                    ],
                    [
                        29.9924301,
                        41.1354602
                    ],
                    [
                        29.9921743,
                        41.1357924
                    ],
                    [
                        29.9913382,
                        41.1356576
                    ],
                    [
                        29.9913451,
                        41.1351812
                    ],
                    [
                        29.9909923,
                        41.1345699
                    ],
                    [
                        29.9904277,
                        41.1343972
                    ],
                    [
                        29.9895103,
                        41.1345832
                    ],
                    [
                        29.9884605,
                        41.1344769
                    ],
                    [
                        29.985329,
                        41.1360715
                    ],
                    [
                        29.9842881,
                        41.1359851
                    ],
                    [
                        29.9841204,
                        41.1361844
                    ],
                    [
                        29.9843322,
                        41.1363505
                    ],
                    [
                        29.9840146,
                        41.1365897
                    ],
                    [
                        29.983503,
                        41.1365897
                    ],
                    [
                        29.9829031,
                        41.136304
                    ],
                    [
                        29.9828061,
                        41.1361113
                    ],
                    [
                        29.9833883,
                        41.1362841
                    ],
                    [
                        29.9831236,
                        41.1360117
                    ],
                    [
                        29.9813858,
                        41.1354669
                    ],
                    [
                        29.9809536,
                        41.1351147
                    ],
                    [
                        29.9809364,
                        41.1347799
                    ],
                    [
                        29.9802391,
                        41.1347958
                    ],
                    [
                        29.9793834,
                        41.1345234
                    ],
                    [
                        29.9787663,
                        41.1346221
                    ],
                    [
                        29.9783881,
                        41.1350876
                    ],
                    [
                        29.9776108,
                        41.1350378
                    ],
                    [
                        29.9777937,
                        41.1352783
                    ],
                    [
                        29.977075,
                        41.135669
                    ],
                    [
                        29.9759678,
                        41.1355467
                    ],
                    [
                        29.9752951,
                        41.1356719
                    ],
                    [
                        29.9750456,
                        41.1361264
                    ],
                    [
                        29.9751139,
                        41.1363518
                    ],
                    [
                        29.9753326,
                        41.1365062
                    ],
                    [
                        29.9756048,
                        41.1363388
                    ],
                    [
                        29.976087,
                        41.136337
                    ],
                    [
                        29.9756176,
                        41.1367807
                    ],
                    [
                        29.975449,
                        41.137252
                    ],
                    [
                        29.9739261,
                        41.1373348
                    ],
                    [
                        29.9735465,
                        41.1375059
                    ],
                    [
                        29.973823,
                        41.138834
                    ],
                    [
                        29.973495,
                        41.139099
                    ],
                    [
                        29.973156,
                        41.139108
                    ],
                    [
                        29.97211,
                        41.138494
                    ],
                    [
                        29.971975,
                        41.139267
                    ],
                    [
                        29.971647,
                        41.139532
                    ],
                    [
                        29.971501,
                        41.140049
                    ],
                    [
                        29.970829,
                        41.140195
                    ],
                    [
                        29.970501,
                        41.14046
                    ],
                    [
                        29.9684183,
                        41.1403915
                    ],
                    [
                        29.964747,
                        41.140865
                    ],
                    [
                        29.964391,
                        41.140489
                    ],
                    [
                        29.9649378,
                        41.1403612
                    ],
                    [
                        29.9652352,
                        41.1400283
                    ],
                    [
                        29.9650583,
                        41.1398588
                    ],
                    [
                        29.964476,
                        41.139804
                    ],
                    [
                        29.964368,
                        41.139977
                    ],
                    [
                        29.964029,
                        41.139985
                    ],
                    [
                        29.9642304,
                        41.1391626
                    ],
                    [
                        29.962079,
                        41.139353
                    ],
                    [
                        29.9619155,
                        41.1396242
                    ],
                    [
                        29.9613101,
                        41.1397219
                    ],
                    [
                        29.9611967,
                        41.1393127
                    ],
                    [
                        29.9614269,
                        41.1391571
                    ],
                    [
                        29.9617386,
                        41.1394101
                    ],
                    [
                        29.9618071,
                        41.1391902
                    ],
                    [
                        29.9614932,
                        41.1381433
                    ],
                    [
                        29.9606478,
                        41.1378058
                    ],
                    [
                        29.9603022,
                        41.138062
                    ],
                    [
                        29.9596216,
                        41.1382008
                    ],
                    [
                        29.9596957,
                        41.1383445
                    ],
                    [
                        29.9592774,
                        41.1383022
                    ],
                    [
                        29.9593263,
                        41.1380944
                    ],
                    [
                        29.9599392,
                        41.1376547
                    ],
                    [
                        29.9595439,
                        41.1373352
                    ],
                    [
                        29.9587819,
                        41.1376926
                    ],
                    [
                        29.9587686,
                        41.1380796
                    ],
                    [
                        29.9585642,
                        41.138247
                    ],
                    [
                        29.957432,
                        41.1384232
                    ],
                    [
                        29.9569465,
                        41.1389507
                    ],
                    [
                        29.9562765,
                        41.1390446
                    ],
                    [
                        29.9557259,
                        41.1388993
                    ],
                    [
                        29.9547051,
                        41.1390234
                    ],
                    [
                        29.954275,
                        41.1384634
                    ],
                    [
                        29.9536159,
                        41.1385512
                    ],
                    [
                        29.9537606,
                        41.1382788
                    ],
                    [
                        29.952733,
                        41.137965
                    ],
                    [
                        29.9525387,
                        41.1380638
                    ],
                    [
                        29.9524182,
                        41.1393412
                    ],
                    [
                        29.9514455,
                        41.1395107
                    ],
                    [
                        29.949223,
                        41.1402704
                    ],
                    [
                        29.949014,
                        41.1399375
                    ],
                    [
                        29.948186,
                        41.1396923
                    ],
                    [
                        29.9486121,
                        41.1392988
                    ],
                    [
                        29.9483307,
                        41.1390627
                    ],
                    [
                        29.947353,
                        41.13913
                    ],
                    [
                        29.9466588,
                        41.1389416
                    ],
                    [
                        29.94651,
                        41.1387419
                    ],
                    [
                        29.9464859,
                        41.1381244
                    ],
                    [
                        29.9463613,
                        41.1378732
                    ],
                    [
                        29.9460961,
                        41.1377854
                    ],
                    [
                        29.9457062,
                        41.1379851
                    ],
                    [
                        29.9457585,
                        41.1384392
                    ],
                    [
                        29.9447858,
                        41.1390476
                    ],
                    [
                        29.9439619,
                        41.138754
                    ],
                    [
                        29.943552,
                        41.1381062
                    ],
                    [
                        29.943226,
                        41.137952
                    ],
                    [
                        29.9429933,
                        41.1380517
                    ],
                    [
                        29.9427843,
                        41.1384997
                    ],
                    [
                        29.9430978,
                        41.1391021
                    ],
                    [
                        29.9413495,
                        41.1397438
                    ],
                    [
                        29.9415062,
                        41.1400949
                    ],
                    [
                        29.9402804,
                        41.1408758
                    ],
                    [
                        29.9369164,
                        41.1410907
                    ],
                    [
                        29.9355579,
                        41.1408395
                    ],
                    [
                        29.9351037,
                        41.1403128
                    ],
                    [
                        29.9346295,
                        41.1404641
                    ],
                    [
                        29.934161,
                        41.140237
                    ],
                    [
                        29.933693,
                        41.1406336
                    ],
                    [
                        29.932005,
                        41.141239
                    ],
                    [
                        29.9320251,
                        41.1416839
                    ],
                    [
                        29.9318,
                        41.1417445
                    ],
                    [
                        29.9314664,
                        41.1413813
                    ],
                    [
                        29.9304375,
                        41.1414842
                    ],
                    [
                        29.9300316,
                        41.1412723
                    ],
                    [
                        29.9296056,
                        41.1412935
                    ],
                    [
                        29.9294368,
                        41.1412027
                    ],
                    [
                        29.9293765,
                        41.1408909
                    ],
                    [
                        29.9289062,
                        41.1407426
                    ],
                    [
                        29.9289183,
                        41.140903
                    ],
                    [
                        29.9284038,
                        41.1410937
                    ],
                    [
                        29.9280662,
                        41.1410574
                    ],
                    [
                        29.9266357,
                        41.1415295
                    ],
                    [
                        29.9265108,
                        41.1414146
                    ],
                    [
                        29.9247746,
                        41.1419745
                    ],
                    [
                        29.9237336,
                        41.1421077
                    ],
                    [
                        29.9235167,
                        41.1419982
                    ],
                    [
                        29.9232932,
                        41.1410475
                    ],
                    [
                        29.9230708,
                        41.1416428
                    ],
                    [
                        29.922446,
                        41.1421205
                    ],
                    [
                        29.9222385,
                        41.1418534
                    ],
                    [
                        29.922227,
                        41.1412908
                    ],
                    [
                        29.9216994,
                        41.1417293
                    ],
                    [
                        29.9199412,
                        41.1422371
                    ],
                    [
                        29.9196594,
                        41.1415827
                    ],
                    [
                        29.9195797,
                        41.1404523
                    ],
                    [
                        29.9192667,
                        41.1401278
                    ],
                    [
                        29.9190579,
                        41.1401723
                    ],
                    [
                        29.9188685,
                        41.1408157
                    ],
                    [
                        29.9185512,
                        41.1408904
                    ],
                    [
                        29.9188842,
                        41.1409886
                    ],
                    [
                        29.9188948,
                        41.1412498
                    ],
                    [
                        29.9173713,
                        41.1418232
                    ],
                    [
                        29.9172266,
                        41.1422469
                    ],
                    [
                        29.91661,
                        41.142608
                    ],
                    [
                        29.91584,
                        41.1426162
                    ],
                    [
                        29.9152171,
                        41.1428129
                    ],
                    [
                        29.9147308,
                        41.1426222
                    ],
                    [
                        29.9128619,
                        41.1424285
                    ],
                    [
                        29.9116039,
                        41.1426525
                    ],
                    [
                        29.9112743,
                        41.1430793
                    ],
                    [
                        29.9104825,
                        41.1434061
                    ],
                    [
                        29.9091763,
                        41.143279
                    ],
                    [
                        29.9081554,
                        41.1426192
                    ],
                    [
                        29.9078321,
                        41.1412971
                    ],
                    [
                        29.9080214,
                        41.1407982
                    ],
                    [
                        29.9076442,
                        41.1406601
                    ],
                    [
                        29.907357,
                        41.1406957
                    ],
                    [
                        29.9071905,
                        41.141071
                    ],
                    [
                        29.9071667,
                        41.142138
                    ],
                    [
                        29.9063107,
                        41.1426101
                    ],
                    [
                        29.906084,
                        41.142617
                    ],
                    [
                        29.9060936,
                        41.1424769
                    ],
                    [
                        29.9056515,
                        41.1427584
                    ],
                    [
                        29.904281,
                        41.1430006
                    ],
                    [
                        29.9014435,
                        41.1426495
                    ],
                    [
                        29.9003784,
                        41.1431095
                    ],
                    [
                        29.900341,
                        41.143276
                    ],
                    [
                        29.8995424,
                        41.1433123
                    ],
                    [
                        29.8992249,
                        41.1430641
                    ],
                    [
                        29.8985738,
                        41.1432245
                    ],
                    [
                        29.8981518,
                        41.1435151
                    ],
                    [
                        29.8974404,
                        41.1433244
                    ],
                    [
                        29.897791,
                        41.143212
                    ],
                    [
                        29.8977459,
                        41.1431156
                    ],
                    [
                        29.8969742,
                        41.1429037
                    ],
                    [
                        29.896717,
                        41.1425435
                    ],
                    [
                        29.8959172,
                        41.1428371
                    ],
                    [
                        29.895242,
                        41.1428129
                    ],
                    [
                        29.895676,
                        41.143049
                    ],
                    [
                        29.8953465,
                        41.1431731
                    ],
                    [
                        29.8954228,
                        41.1433244
                    ],
                    [
                        29.8950732,
                        41.1433759
                    ],
                    [
                        29.893578,
                        41.1429552
                    ],
                    [
                        29.8931078,
                        41.1424285
                    ],
                    [
                        29.8919021,
                        41.1424134
                    ],
                    [
                        29.890005,
                        41.1427372
                    ],
                    [
                        29.8891851,
                        41.1426101
                    ],
                    [
                        29.8889319,
                        41.1423619
                    ],
                    [
                        29.8869505,
                        41.1422893
                    ],
                    [
                        29.8859377,
                        41.1420108
                    ],
                    [
                        29.885383,
                        41.142253
                    ],
                    [
                        29.8843099,
                        41.1422348
                    ],
                    [
                        29.8836749,
                        41.141914
                    ],
                    [
                        29.8831605,
                        41.1413964
                    ],
                    [
                        29.8825455,
                        41.1416537
                    ],
                    [
                        29.8821316,
                        41.1416113
                    ],
                    [
                        29.8803832,
                        41.1410786
                    ],
                    [
                        29.8801783,
                        41.140782
                    ],
                    [
                        29.8794669,
                        41.1404157
                    ],
                    [
                        29.8795995,
                        41.1402916
                    ],
                    [
                        29.8793664,
                        41.1402069
                    ],
                    [
                        29.8791004,
                        41.1395228
                    ],
                    [
                        29.8788456,
                        41.1393769
                    ],
                    [
                        29.8780681,
                        41.1392362
                    ],
                    [
                        29.8774131,
                        41.1393715
                    ],
                    [
                        29.8767253,
                        41.1389757
                    ],
                    [
                        29.875926,
                        41.1390158
                    ],
                    [
                        29.8757039,
                        41.1388151
                    ],
                    [
                        29.8744339,
                        41.1393569
                    ],
                    [
                        29.8733148,
                        41.1403561
                    ],
                    [
                        29.8731241,
                        41.1409633
                    ],
                    [
                        29.8731674,
                        41.1415445
                    ],
                    [
                        29.8735455,
                        41.1414473
                    ],
                    [
                        29.8743666,
                        41.141808
                    ],
                    [
                        29.8739011,
                        41.1420858
                    ],
                    [
                        29.8735636,
                        41.1418049
                    ],
                    [
                        29.8729597,
                        41.1418651
                    ],
                    [
                        29.8724179,
                        41.1421861
                    ],
                    [
                        29.8721159,
                        41.1421192
                    ],
                    [
                        29.8712722,
                        41.1423466
                    ],
                    [
                        29.8714765,
                        41.1418517
                    ],
                    [
                        29.8705884,
                        41.1415574
                    ],
                    [
                        29.87002,
                        41.1417514
                    ],
                    [
                        29.8698779,
                        41.1420122
                    ],
                    [
                        29.8700289,
                        41.1424536
                    ],
                    [
                        29.8697979,
                        41.1425807
                    ],
                    [
                        29.8689809,
                        41.1421326
                    ],
                    [
                        29.8685635,
                        41.1423734
                    ],
                    [
                        29.8683017,
                        41.1423377
                    ],
                    [
                        29.8681283,
                        41.1421995
                    ],
                    [
                        29.8683592,
                        41.1420055
                    ],
                    [
                        29.8680661,
                        41.1418851
                    ],
                    [
                        29.8663685,
                        41.141696
                    ],
                    [
                        29.8661515,
                        41.1416355
                    ],
                    [
                        29.8661676,
                        41.1414115
                    ],
                    [
                        29.8654038,
                        41.1412372
                    ],
                    [
                        29.8644192,
                        41.1413582
                    ],
                    [
                        29.8641378,
                        41.1416987
                    ],
                    [
                        29.8635952,
                        41.1417063
                    ],
                    [
                        29.8623614,
                        41.1426585
                    ],
                    [
                        29.8617626,
                        41.1436301
                    ],
                    [
                        29.8613244,
                        41.1436207
                    ],
                    [
                        29.8586618,
                        41.143265
                    ],
                    [
                        29.8575626,
                        41.142937
                    ],
                    [
                        29.8554063,
                        41.1429775
                    ],
                    [
                        29.8541001,
                        41.1418728
                    ],
                    [
                        29.8541302,
                        41.1416306
                    ],
                    [
                        29.8538388,
                        41.1413431
                    ],
                    [
                        29.853447,
                        41.1413431
                    ],
                    [
                        29.852181,
                        41.1419106
                    ],
                    [
                        29.8521956,
                        41.141565
                    ],
                    [
                        29.8530953,
                        41.141169
                    ],
                    [
                        29.853447,
                        41.1406242
                    ],
                    [
                        29.855367,
                        41.1396644
                    ],
                    [
                        29.8553413,
                        41.1393114
                    ],
                    [
                        29.8546226,
                        41.1393303
                    ],
                    [
                        29.8535819,
                        41.1397315
                    ],
                    [
                        29.8534369,
                        41.1395573
                    ],
                    [
                        29.8514073,
                        41.1409496
                    ],
                    [
                        29.8512264,
                        41.140768
                    ],
                    [
                        29.8519287,
                        41.1402935
                    ],
                    [
                        29.8518154,
                        41.1399736
                    ],
                    [
                        29.8504705,
                        41.139174
                    ],
                    [
                        29.849791,
                        41.1389288
                    ],
                    [
                        29.8476392,
                        41.1389928
                    ],
                    [
                        29.8473772,
                        41.1387225
                    ],
                    [
                        29.8459815,
                        41.1386417
                    ],
                    [
                        29.8436102,
                        41.1394286
                    ],
                    [
                        29.8394504,
                        41.1399962
                    ],
                    [
                        29.838948,
                        41.1402156
                    ],
                    [
                        29.8377724,
                        41.1401929
                    ],
                    [
                        29.8349088,
                        41.1409799
                    ],
                    [
                        29.8312112,
                        41.1413053
                    ],
                    [
                        29.8293725,
                        41.1419106
                    ],
                    [
                        29.8195434,
                        41.1434023
                    ],
                    [
                        29.8196077,
                        41.1436441
                    ],
                    [
                        29.8178424,
                        41.1447765
                    ],
                    [
                        29.8155121,
                        41.1461023
                    ],
                    [
                        29.8143259,
                        41.1464012
                    ],
                    [
                        29.8137842,
                        41.14689
                    ],
                    [
                        29.812906,
                        41.147243
                    ],
                    [
                        29.812249,
                        41.147772
                    ],
                    [
                        29.8115091,
                        41.147981
                    ],
                    [
                        29.8109806,
                        41.1476994
                    ],
                    [
                        29.8101878,
                        41.1480147
                    ],
                    [
                        29.8095211,
                        41.1479106
                    ],
                    [
                        29.8089519,
                        41.1480637
                    ],
                    [
                        29.8086267,
                        41.1482841
                    ],
                    [
                        29.8083006,
                        41.1492636
                    ],
                    [
                        29.8063908,
                        41.1500522
                    ],
                    [
                        29.8061268,
                        41.1503968
                    ],
                    [
                        29.8056164,
                        41.1505691
                    ],
                    [
                        29.8047099,
                        41.1505425
                    ],
                    [
                        29.8046307,
                        41.1506817
                    ],
                    [
                        29.8041907,
                        41.1506154
                    ],
                    [
                        29.8040498,
                        41.1509667
                    ],
                    [
                        29.8018673,
                        41.1519607
                    ],
                    [
                        29.8019289,
                        41.1517354
                    ],
                    [
                        29.8014184,
                        41.1517884
                    ],
                    [
                        29.7998343,
                        41.1522986
                    ],
                    [
                        29.7997023,
                        41.1521528
                    ],
                    [
                        29.7992623,
                        41.1522787
                    ],
                    [
                        29.798083,
                        41.1529613
                    ],
                    [
                        29.7961644,
                        41.153657
                    ],
                    [
                        29.7954956,
                        41.153657
                    ],
                    [
                        29.7958564,
                        41.1534185
                    ],
                    [
                        29.7958388,
                        41.1531402
                    ],
                    [
                        29.7956452,
                        41.1530408
                    ],
                    [
                        29.7941227,
                        41.1538028
                    ],
                    [
                        29.7938675,
                        41.1537299
                    ],
                    [
                        29.7938587,
                        41.1539685
                    ],
                    [
                        29.793269,
                        41.1538823
                    ],
                    [
                        29.793181,
                        41.1537101
                    ],
                    [
                        29.7929258,
                        41.1536902
                    ],
                    [
                        29.7928906,
                        41.1534715
                    ],
                    [
                        29.7919929,
                        41.1533787
                    ],
                    [
                        29.7903472,
                        41.1525836
                    ],
                    [
                        29.7893527,
                        41.1517287
                    ],
                    [
                        29.7888951,
                        41.1521462
                    ],
                    [
                        29.7897752,
                        41.1534317
                    ],
                    [
                        29.7899248,
                        41.1533986
                    ],
                    [
                        29.7900392,
                        41.1536703
                    ],
                    [
                        29.7898104,
                        41.1541474
                    ],
                    [
                        29.7899864,
                        41.154101
                    ],
                    [
                        29.7901624,
                        41.1544588
                    ],
                    [
                        29.790092,
                        41.1548233
                    ],
                    [
                        29.789872,
                        41.154863
                    ],
                    [
                        29.7897928,
                        41.1551414
                    ],
                    [
                        29.7894583,
                        41.1553865
                    ],
                    [
                        29.7871966,
                        41.1559365
                    ],
                    [
                        29.7860789,
                        41.1563208
                    ],
                    [
                        29.7857093,
                        41.1566389
                    ],
                    [
                        29.7845564,
                        41.1569371
                    ],
                    [
                        29.7843275,
                        41.1568509
                    ],
                    [
                        29.7841779,
                        41.1571425
                    ],
                    [
                        29.7838523,
                        41.1572153
                    ],
                    [
                        29.7838083,
                        41.1574473
                    ],
                    [
                        29.7834035,
                        41.1575334
                    ],
                    [
                        29.7828666,
                        41.1575665
                    ],
                    [
                        29.7818546,
                        41.1573214
                    ],
                    [
                        29.781749,
                        41.1570563
                    ],
                    [
                        29.7813265,
                        41.157116
                    ],
                    [
                        29.7811329,
                        41.1569901
                    ],
                    [
                        29.7806049,
                        41.157931
                    ],
                    [
                        29.7799536,
                        41.1577719
                    ],
                    [
                        29.7802616,
                        41.1583351
                    ],
                    [
                        29.7799272,
                        41.1584345
                    ],
                    [
                        29.7793816,
                        41.1582358
                    ],
                    [
                        29.779144,
                        41.1578647
                    ],
                    [
                        29.7780967,
                        41.1577123
                    ],
                    [
                        29.7781319,
                        41.15754
                    ],
                    [
                        29.7777182,
                        41.1575798
                    ],
                    [
                        29.7780967,
                        41.1569702
                    ],
                    [
                        29.7784311,
                        41.1567383
                    ],
                    [
                        29.7777975,
                        41.1561287
                    ],
                    [
                        29.7766622,
                        41.1560293
                    ],
                    [
                        29.7759542,
                        41.1562195
                    ],
                    [
                        29.7754213,
                        41.1567913
                    ],
                    [
                        29.7753421,
                        41.1571557
                    ],
                    [
                        29.7758261,
                        41.1578979
                    ],
                    [
                        29.7769352,
                        41.1584877
                    ],
                    [
                        29.7765919,
                        41.1586798
                    ],
                    [
                        29.7757645,
                        41.1588057
                    ],
                    [
                        29.776143,
                        41.1585804
                    ],
                    [
                        29.7758437,
                        41.1585075
                    ],
                    [
                        29.7751748,
                        41.1587395
                    ],
                    [
                        29.775298,
                        41.1589383
                    ],
                    [
                        29.774946,
                        41.1590509
                    ],
                    [
                        29.7747787,
                        41.1588455
                    ],
                    [
                        29.7751572,
                        41.1586003
                    ],
                    [
                        29.7750516,
                        41.1585075
                    ],
                    [
                        29.7741186,
                        41.1585208
                    ],
                    [
                        29.773969,
                        41.1585672
                    ],
                    [
                        29.774013,
                        41.1587527
                    ],
                    [
                        29.7728687,
                        41.1591768
                    ],
                    [
                        29.772147,
                        41.1591503
                    ],
                    [
                        29.7711876,
                        41.1596407
                    ],
                    [
                        29.7701842,
                        41.1595678
                    ],
                    [
                        29.7699289,
                        41.1600184
                    ],
                    [
                        29.7675876,
                        41.1605419
                    ],
                    [
                        29.7664786,
                        41.1604028
                    ],
                    [
                        29.7666635,
                        41.1603365
                    ],
                    [
                        29.7667075,
                        41.1599853
                    ],
                    [
                        29.7660297,
                        41.1595943
                    ],
                    [
                        29.7649911,
                        41.1595612
                    ],
                    [
                        29.7648591,
                        41.159369
                    ],
                    [
                        29.764419,
                        41.1593756
                    ],
                    [
                        29.7640845,
                        41.1591172
                    ],
                    [
                        29.7633804,
                        41.158978
                    ],
                    [
                        29.7612151,
                        41.1587461
                    ],
                    [
                        29.7601237,
                        41.1588389
                    ],
                    [
                        29.7594724,
                        41.1590973
                    ],
                    [
                        29.7586274,
                        41.1590311
                    ],
                    [
                        29.7578176,
                        41.1585075
                    ],
                    [
                        29.7577648,
                        41.1581033
                    ],
                    [
                        29.7570079,
                        41.1574671
                    ],
                    [
                        29.7565942,
                        41.1572484
                    ],
                    [
                        29.7559956,
                        41.157202
                    ],
                    [
                        29.7543761,
                        41.1577123
                    ],
                    [
                        29.7533639,
                        41.158481
                    ],
                    [
                        29.7531175,
                        41.1589714
                    ],
                    [
                        29.7532231,
                        41.1597467
                    ],
                    [
                        29.7530382,
                        41.1604492
                    ],
                    [
                        29.7532407,
                        41.1607606
                    ],
                    [
                        29.7536984,
                        41.1609197
                    ],
                    [
                        29.7532671,
                        41.1608998
                    ],
                    [
                        29.7531175,
                        41.1611052
                    ],
                    [
                        29.7534959,
                        41.1612311
                    ],
                    [
                        29.7531527,
                        41.1614167
                    ],
                    [
                        29.752651,
                        41.1613305
                    ],
                    [
                        29.7524221,
                        41.1614498
                    ],
                    [
                        29.7511811,
                        41.1610124
                    ],
                    [
                        29.7511635,
                        41.1607805
                    ],
                    [
                        29.7519468,
                        41.1603962
                    ],
                    [
                        29.7521405,
                        41.1601178
                    ],
                    [
                        29.7517532,
                        41.1594817
                    ],
                    [
                        29.7514011,
                        41.1594022
                    ],
                    [
                        29.750961,
                        41.1589648
                    ],
                    [
                        29.7502745,
                        41.1587527
                    ],
                    [
                        29.7495439,
                        41.1589515
                    ],
                    [
                        29.748919,
                        41.1587594
                    ],
                    [
                        29.7482765,
                        41.1590774
                    ],
                    [
                        29.7482589,
                        41.1596341
                    ],
                    [
                        29.7486672,
                        41.1599651
                    ],
                    [
                        29.7466217,
                        41.1596473
                    ],
                    [
                        29.7467801,
                        41.1594949
                    ],
                    [
                        29.7459792,
                        41.1593359
                    ],
                    [
                        29.7456447,
                        41.1593624
                    ],
                    [
                        29.7456711,
                        41.1595347
                    ],
                    [
                        29.7448877,
                        41.1593425
                    ],
                    [
                        29.7448085,
                        41.159422
                    ],
                    [
                        29.7451254,
                        41.1597004
                    ],
                    [
                        29.7444212,
                        41.1596473
                    ],
                    [
                        29.7444036,
                        41.159919
                    ],
                    [
                        29.7436995,
                        41.1598594
                    ],
                    [
                        29.7434706,
                        41.1601444
                    ],
                    [
                        29.7424418,
                        41.1599249
                    ],
                    [
                        29.7424231,
                        41.160028
                    ],
                    [
                        29.7416016,
                        41.1597609
                    ],
                    [
                        29.7414958,
                        41.1592595
                    ],
                    [
                        29.741726,
                        41.1589315
                    ],
                    [
                        29.7415082,
                        41.1588893
                    ],
                    [
                        29.7415393,
                        41.1590299
                    ],
                    [
                        29.7410912,
                        41.1592408
                    ],
                    [
                        29.7409481,
                        41.1590721
                    ],
                    [
                        29.7413215,
                        41.158641
                    ],
                    [
                        29.7408547,
                        41.158388
                    ],
                    [
                        29.7408485,
                        41.1582005
                    ],
                    [
                        29.7406306,
                        41.1582802
                    ],
                    [
                        29.740668,
                        41.1584536
                    ],
                    [
                        29.7402759,
                        41.1583833
                    ],
                    [
                        29.7399958,
                        41.1586504
                    ],
                    [
                        29.7401452,
                        41.1587956
                    ],
                    [
                        29.7397344,
                        41.1586925
                    ],
                    [
                        29.7395788,
                        41.1588237
                    ],
                    [
                        29.7392427,
                        41.1585566
                    ],
                    [
                        29.7385332,
                        41.1584114
                    ],
                    [
                        29.7384131,
                        41.1582315
                    ],
                    [
                        29.7378586,
                        41.1581652
                    ],
                    [
                        29.7382371,
                        41.1579399
                    ],
                    [
                        29.7381667,
                        41.1578604
                    ],
                    [
                        29.7375329,
                        41.158205
                    ],
                    [
                        29.7374713,
                        41.1580857
                    ],
                    [
                        29.7376562,
                        41.1579399
                    ],
                    [
                        29.7371897,
                        41.1577941
                    ],
                    [
                        29.7373657,
                        41.157708
                    ],
                    [
                        29.7372073,
                        41.1576284
                    ],
                    [
                        29.7375065,
                        41.1575754
                    ],
                    [
                        29.7374185,
                        41.1570784
                    ],
                    [
                        29.737128,
                        41.1569989
                    ],
                    [
                        29.7369872,
                        41.1571115
                    ],
                    [
                        29.7365472,
                        41.1568219
                    ],
                    [
                        29.7362724,
                        41.1569917
                    ],
                    [
                        29.7364397,
                        41.1567134
                    ],
                    [
                        29.7360436,
                        41.1566007
                    ],
                    [
                        29.7362318,
                        41.1565075
                    ],
                    [
                        29.7359028,
                        41.1559646
                    ],
                    [
                        29.7349226,
                        41.1559609
                    ],
                    [
                        29.734526,
                        41.1562495
                    ],
                    [
                        29.734506,
                        41.156448
                    ],
                    [
                        29.7339497,
                        41.1564015
                    ],
                    [
                        29.734375,
                        41.156106
                    ],
                    [
                        29.734314,
                        41.155939
                    ],
                    [
                        29.7336144,
                        41.1552754
                    ],
                    [
                        29.7332976,
                        41.1552224
                    ],
                    [
                        29.7328487,
                        41.1552754
                    ],
                    [
                        29.7328399,
                        41.1555868
                    ],
                    [
                        29.7324702,
                        41.1553085
                    ],
                    [
                        29.7308068,
                        41.1554941
                    ],
                    [
                        29.7293945,
                        41.1558792
                    ],
                    [
                        29.7281945,
                        41.1566339
                    ],
                    [
                        29.7276726,
                        41.156614
                    ],
                    [
                        29.726772,
                        41.1569605
                    ],
                    [
                        29.7258954,
                        41.1566706
                    ],
                    [
                        29.7245656,
                        41.1567185
                    ],
                    [
                        29.7241913,
                        41.1569323
                    ],
                    [
                        29.7242584,
                        41.157586
                    ],
                    [
                        29.7231233,
                        41.1572838
                    ],
                    [
                        29.7228084,
                        41.1570102
                    ],
                    [
                        29.7223901,
                        41.157002
                    ],
                    [
                        29.7222095,
                        41.1571213
                    ],
                    [
                        29.722324,
                        41.1574546
                    ],
                    [
                        29.7219871,
                        41.157496
                    ],
                    [
                        29.7216766,
                        41.1578127
                    ],
                    [
                        29.7214608,
                        41.1578408
                    ],
                    [
                        29.7211349,
                        41.1575424
                    ],
                    [
                        29.720303,
                        41.157939
                    ],
                    [
                        29.719625,
                        41.157955
                    ],
                    [
                        29.718935,
                        41.157715
                    ],
                    [
                        29.7185498,
                        41.1573451
                    ],
                    [
                        29.7180434,
                        41.1572921
                    ],
                    [
                        29.7171361,
                        41.1576402
                    ],
                    [
                        29.7170348,
                        41.157995
                    ],
                    [
                        29.7151852,
                        41.1584625
                    ],
                    [
                        29.7144189,
                        41.1583531
                    ],
                    [
                        29.7139212,
                        41.1587742
                    ],
                    [
                        29.7124151,
                        41.1588041
                    ],
                    [
                        29.710845,
                        41.159189
                    ],
                    [
                        29.7086358,
                        41.1590578
                    ],
                    [
                        29.7061267,
                        41.1596767
                    ],
                    [
                        29.7054789,
                        41.1598814
                    ],
                    [
                        29.7053843,
                        41.1601338
                    ],
                    [
                        29.7055669,
                        41.1604553
                    ],
                    [
                        29.7031888,
                        41.1610985
                    ],
                    [
                        29.7029862,
                        41.1612808
                    ],
                    [
                        29.7027798,
                        41.1619748
                    ],
                    [
                        29.7033374,
                        41.1625358
                    ],
                    [
                        29.7028342,
                        41.1628941
                    ],
                    [
                        29.7027853,
                        41.163451
                    ],
                    [
                        29.702943,
                        41.1636251
                    ],
                    [
                        29.7018524,
                        41.1638052
                    ],
                    [
                        29.7013901,
                        41.1635288
                    ],
                    [
                        29.7011072,
                        41.1636435
                    ],
                    [
                        29.7007564,
                        41.1635022
                    ],
                    [
                        29.700838,
                        41.1638298
                    ],
                    [
                        29.7006829,
                        41.1639527
                    ],
                    [
                        29.6998806,
                        41.1639731
                    ],
                    [
                        29.699693,
                        41.1641533
                    ],
                    [
                        29.697456,
                        41.163996
                    ],
                    [
                        29.6970494,
                        41.1636169
                    ],
                    [
                        29.6968373,
                        41.1627262
                    ],
                    [
                        29.6966251,
                        41.1626586
                    ],
                    [
                        29.6962987,
                        41.1626627
                    ],
                    [
                        29.6962117,
                        41.162802
                    ],
                    [
                        29.6962716,
                        41.1630763
                    ],
                    [
                        29.696092,
                        41.1635739
                    ],
                    [
                        29.6951347,
                        41.1638175
                    ],
                    [
                        29.6940033,
                        41.1638216
                    ],
                    [
                        29.6927685,
                        41.163621
                    ],
                    [
                        29.6926244,
                        41.1635227
                    ],
                    [
                        29.6926924,
                        41.1630907
                    ],
                    [
                        29.6925075,
                        41.1630804
                    ],
                    [
                        29.692308,
                        41.162704
                    ],
                    [
                        29.6915338,
                        41.1628757
                    ],
                    [
                        29.691221,
                        41.1626771
                    ],
                    [
                        29.6910986,
                        41.1628245
                    ],
                    [
                        29.6912863,
                        41.1630702
                    ],
                    [
                        29.691066,
                        41.1635247
                    ],
                    [
                        29.690659,
                        41.163898
                    ],
                    [
                        29.6902827,
                        41.1639731
                    ],
                    [
                        29.6901712,
                        41.1639056
                    ],
                    [
                        29.6904568,
                        41.1632975
                    ],
                    [
                        29.6899836,
                        41.1630374
                    ],
                    [
                        29.6896844,
                        41.1626156
                    ],
                    [
                        29.6892601,
                        41.1625419
                    ],
                    [
                        29.6885421,
                        41.1625788
                    ],
                    [
                        29.6881124,
                        41.1628675
                    ],
                    [
                        29.6879465,
                        41.1627794
                    ],
                    [
                        29.687699,
                        41.1630641
                    ],
                    [
                        29.6870816,
                        41.1631582
                    ],
                    [
                        29.6870191,
                        41.1633917
                    ],
                    [
                        29.6864262,
                        41.1638155
                    ],
                    [
                        29.6860291,
                        41.1634469
                    ],
                    [
                        29.685214,
                        41.16364
                    ],
                    [
                        29.6838696,
                        41.1631664
                    ],
                    [
                        29.6835324,
                        41.1634695
                    ],
                    [
                        29.6827437,
                        41.162761
                    ],
                    [
                        29.6820501,
                        41.16289
                    ],
                    [
                        29.6821208,
                        41.163365
                    ],
                    [
                        29.6815171,
                        41.1632012
                    ],
                    [
                        29.6797057,
                        41.1621611
                    ],
                    [
                        29.6788463,
                        41.1620239
                    ],
                    [
                        29.6734776,
                        41.1631808
                    ],
                    [
                        29.6720579,
                        41.1637418
                    ],
                    [
                        29.6716445,
                        41.1640694
                    ],
                    [
                        29.6715085,
                        41.1643192
                    ],
                    [
                        29.6716445,
                        41.164745
                    ],
                    [
                        29.671024,
                        41.16551
                    ],
                    [
                        29.6685059,
                        41.1664813
                    ],
                    [
                        29.6662682,
                        41.1667056
                    ],
                    [
                        29.6656828,
                        41.1658507
                    ],
                    [
                        29.6656611,
                        41.165392
                    ],
                    [
                        29.6654432,
                        41.1651008
                    ],
                    [
                        29.6633221,
                        41.1648147
                    ],
                    [
                        29.6623702,
                        41.1648597
                    ],
                    [
                        29.6600519,
                        41.1650923
                    ],
                    [
                        29.6584958,
                        41.1654388
                    ],
                    [
                        29.6565484,
                        41.1661354
                    ],
                    [
                        29.6486,
                        41.1680229
                    ],
                    [
                        29.6475748,
                        41.1683383
                    ],
                    [
                        29.646035,
                        41.169168
                    ],
                    [
                        29.6455635,
                        41.1692662
                    ],
                    [
                        29.6452894,
                        41.1695494
                    ],
                    [
                        29.6447769,
                        41.170205
                    ],
                    [
                        29.6448865,
                        41.1706426
                    ],
                    [
                        29.6452172,
                        41.17081
                    ],
                    [
                        29.6454478,
                        41.171181
                    ],
                    [
                        29.6458119,
                        41.1709488
                    ],
                    [
                        29.6461223,
                        41.1710938
                    ],
                    [
                        29.6458226,
                        41.1713543
                    ],
                    [
                        29.6453497,
                        41.1713381
                    ],
                    [
                        29.6452008,
                        41.1719454
                    ],
                    [
                        29.6449479,
                        41.1720272
                    ],
                    [
                        29.6441793,
                        41.1719373
                    ],
                    [
                        29.6439639,
                        41.1716509
                    ],
                    [
                        29.6444985,
                        41.1711791
                    ],
                    [
                        29.6443413,
                        41.1709987
                    ],
                    [
                        29.6445134,
                        41.1705439
                    ],
                    [
                        29.6441241,
                        41.1701311
                    ],
                    [
                        29.643123,
                        41.1697542
                    ],
                    [
                        29.6418072,
                        41.1695551
                    ],
                    [
                        29.6376457,
                        41.1702207
                    ],
                    [
                        29.6367395,
                        41.170683
                    ],
                    [
                        29.6358632,
                        41.1707224
                    ],
                    [
                        29.6346649,
                        41.1711791
                    ],
                    [
                        29.6334067,
                        41.1719796
                    ],
                    [
                        29.6327027,
                        41.1726279
                    ],
                    [
                        29.6325754,
                        41.1728365
                    ],
                    [
                        29.6329274,
                        41.1735863
                    ],
                    [
                        29.6336464,
                        41.1739753
                    ],
                    [
                        29.6336539,
                        41.1741162
                    ],
                    [
                        29.6332644,
                        41.1742966
                    ],
                    [
                        29.6330697,
                        41.1741219
                    ],
                    [
                        29.6320212,
                        41.1743135
                    ],
                    [
                        29.6318587,
                        41.1740117
                    ],
                    [
                        29.6312273,
                        41.1740599
                    ],
                    [
                        29.6305532,
                        41.1738231
                    ],
                    [
                        29.6297294,
                        41.1740486
                    ],
                    [
                        29.6294523,
                        41.174291
                    ],
                    [
                        29.6294523,
                        41.1745165
                    ],
                    [
                        29.6299091,
                        41.1746067
                    ],
                    [
                        29.6300964,
                        41.1748491
                    ],
                    [
                        29.6301863,
                        41.1751309
                    ],
                    [
                        29.6300065,
                        41.1752775
                    ],
                    [
                        29.6295871,
                        41.1753001
                    ],
                    [
                        29.6288382,
                        41.1749449
                    ],
                    [
                        29.6288756,
                        41.1746349
                    ],
                    [
                        29.6286135,
                        41.1745221
                    ],
                    [
                        29.6287782,
                        41.1743643
                    ],
                    [
                        29.628576,
                        41.1742121
                    ],
                    [
                        29.6281941,
                        41.1744206
                    ],
                    [
                        29.6280593,
                        41.1742233
                    ],
                    [
                        29.6274976,
                        41.1743474
                    ],
                    [
                        29.6256177,
                        41.1751591
                    ],
                    [
                        29.6248821,
                        41.1753131
                    ],
                    [
                        29.6242022,
                        41.1761851
                    ],
                    [
                        29.6244643,
                        41.176653
                    ],
                    [
                        29.6242172,
                        41.1771209
                    ],
                    [
                        29.6243295,
                        41.1774196
                    ],
                    [
                        29.6246141,
                        41.1775944
                    ],
                    [
                        29.6249512,
                        41.1775437
                    ],
                    [
                        29.6255203,
                        41.1779946
                    ],
                    [
                        29.6246366,
                        41.178175
                    ],
                    [
                        29.6245392,
                        41.1784174
                    ],
                    [
                        29.6248463,
                        41.1784681
                    ],
                    [
                        29.6248014,
                        41.1785752
                    ],
                    [
                        29.6246366,
                        41.1787444
                    ],
                    [
                        29.6241423,
                        41.1787613
                    ],
                    [
                        29.6239401,
                        41.1794546
                    ],
                    [
                        29.6242846,
                        41.1795053
                    ],
                    [
                        29.6243445,
                        41.1796632
                    ],
                    [
                        29.6236255,
                        41.179635
                    ],
                    [
                        29.6234907,
                        41.179945
                    ],
                    [
                        29.622929,
                        41.179759
                    ],
                    [
                        29.6227043,
                        41.1795504
                    ],
                    [
                        29.6227493,
                        41.1794095
                    ],
                    [
                        29.6230488,
                        41.1794659
                    ],
                    [
                        29.623266,
                        41.1793644
                    ],
                    [
                        29.623296,
                        41.1791558
                    ],
                    [
                        29.6230264,
                        41.1787838
                    ],
                    [
                        29.6227717,
                        41.1786936
                    ],
                    [
                        29.6221726,
                        41.178998
                    ],
                    [
                        29.622255,
                        41.1791277
                    ],
                    [
                        29.6210567,
                        41.1791897
                    ],
                    [
                        29.6210716,
                        41.1793306
                    ],
                    [
                        29.6205474,
                        41.1794941
                    ],
                    [
                        29.6199632,
                        41.1794772
                    ],
                    [
                        29.6197235,
                        41.1792855
                    ],
                    [
                        29.6198808,
                        41.1789586
                    ],
                    [
                        29.6197984,
                        41.1785132
                    ],
                    [
                        29.6191319,
                        41.1781299
                    ],
                    [
                        29.6187724,
                        41.1781243
                    ],
                    [
                        29.6186675,
                        41.1778763
                    ],
                    [
                        29.6182182,
                        41.1775718
                    ],
                    [
                        29.618001,
                        41.177662
                    ],
                    [
                        29.6181358,
                        41.1778537
                    ],
                    [
                        29.6178737,
                        41.1778312
                    ],
                    [
                        29.6179186,
                        41.1780397
                    ],
                    [
                        29.6176115,
                        41.1782314
                    ],
                    [
                        29.6179411,
                        41.1787444
                    ],
                    [
                        29.6175666,
                        41.1789698
                    ],
                    [
                        29.6168476,
                        41.1789867
                    ],
                    [
                        29.6166529,
                        41.1792517
                    ],
                    [
                        29.6161661,
                        41.1791728
                    ],
                    [
                        29.6160987,
                        41.1789755
                    ],
                    [
                        29.6163458,
                        41.1785301
                    ],
                    [
                        29.6160837,
                        41.1783159
                    ],
                    [
                        29.6154396,
                        41.1782032
                    ],
                    [
                        29.6153722,
                        41.1784907
                    ],
                    [
                        29.6143386,
                        41.1785414
                    ],
                    [
                        29.6140166,
                        41.1790206
                    ],
                    [
                        29.6146083,
                        41.1797928
                    ],
                    [
                        29.6144809,
                        41.1804692
                    ],
                    [
                        29.614099,
                        41.1809653
                    ],
                    [
                        29.6135373,
                        41.1810611
                    ],
                    [
                        29.6124888,
                        41.1808356
                    ],
                    [
                        29.6122266,
                        41.1806834
                    ],
                    [
                        29.6121368,
                        41.1803565
                    ],
                    [
                        29.6125187,
                        41.1801536
                    ],
                    [
                        29.6122117,
                        41.1799112
                    ],
                    [
                        29.6118072,
                        41.1798943
                    ],
                    [
                        29.6116425,
                        41.1800465
                    ],
                    [
                        29.6116874,
                        41.1804467
                    ],
                    [
                        29.6112305,
                        41.1803452
                    ],
                    [
                        29.6113878,
                        41.180131
                    ],
                    [
                        29.6111182,
                        41.1798154
                    ],
                    [
                        29.6101296,
                        41.1797365
                    ],
                    [
                        29.609523,
                        41.1799619
                    ],
                    [
                        29.6093956,
                        41.1802043
                    ],
                    [
                        29.6096203,
                        41.180317
                    ],
                    [
                        29.6093507,
                        41.1806947
                    ],
                    [
                        29.6088596,
                        41.1803826
                    ],
                    [
                        29.6075642,
                        41.1812168
                    ],
                    [
                        29.6076377,
                        41.1814665
                    ],
                    [
                        29.6079123,
                        41.1815942
                    ],
                    [
                        29.6077295,
                        41.1817329
                    ],
                    [
                        29.6077631,
                        41.1819507
                    ],
                    [
                        29.6073666,
                        41.1821487
                    ],
                    [
                        29.6066611,
                        41.1818041
                    ],
                    [
                        29.6063904,
                        41.1819105
                    ],
                    [
                        29.6063959,
                        41.1817186
                    ],
                    [
                        29.6058791,
                        41.1813295
                    ],
                    [
                        29.6015739,
                        41.1789583
                    ],
                    [
                        29.6000767,
                        41.1788955
                    ],
                    [
                        29.5997669,
                        41.1786711
                    ],
                    [
                        29.6000236,
                        41.1784462
                    ],
                    [
                        29.6016975,
                        41.1787706
                    ],
                    [
                        29.6062951,
                        41.1810738
                    ],
                    [
                        29.6078146,
                        41.1801635
                    ],
                    [
                        29.6084183,
                        41.1803252
                    ],
                    [
                        29.6088958,
                        41.1800105
                    ],
                    [
                        29.6086469,
                        41.1798258
                    ],
                    [
                        29.6090931,
                        41.179252
                    ],
                    [
                        29.6085524,
                        41.178991
                    ],
                    [
                        29.6088692,
                        41.1784343
                    ],
                    [
                        29.6091922,
                        41.178305
                    ],
                    [
                        29.6091688,
                        41.1780773
                    ],
                    [
                        29.6058895,
                        41.1764606
                    ],
                    [
                        29.6039635,
                        41.1761894
                    ],
                    [
                        29.6036604,
                        41.1774539
                    ],
                    [
                        29.6038734,
                        41.1775605
                    ],
                    [
                        29.6033365,
                        41.1774874
                    ],
                    [
                        29.603576,
                        41.1774472
                    ],
                    [
                        29.6036469,
                        41.1770793
                    ],
                    [
                        29.603234,
                        41.1770084
                    ],
                    [
                        29.602574,
                        41.1772349
                    ],
                    [
                        29.6017797,
                        41.1778726
                    ],
                    [
                        29.6024152,
                        41.1771831
                    ],
                    [
                        29.6021239,
                        41.1771352
                    ],
                    [
                        29.6021927,
                        41.176904
                    ],
                    [
                        29.602717,
                        41.1768881
                    ],
                    [
                        29.6034584,
                        41.1764536
                    ],
                    [
                        29.6036968,
                        41.1753933
                    ],
                    [
                        29.6012656,
                        41.1730504
                    ],
                    [
                        29.5987861,
                        41.1717332
                    ],
                    [
                        29.5970588,
                        41.1712486
                    ],
                    [
                        29.5937774,
                        41.1707642
                    ],
                    [
                        29.5910158,
                        41.1707327
                    ],
                    [
                        29.584635,
                        41.171333
                    ],
                    [
                        29.5825414,
                        41.1713364
                    ],
                    [
                        29.580572,
                        41.171681
                    ],
                    [
                        29.577856,
                        41.171742
                    ],
                    [
                        29.576509,
                        41.172029
                    ],
                    [
                        29.574138,
                        41.17221
                    ],
                    [
                        29.57009,
                        41.172942
                    ],
                    [
                        29.568732,
                        41.172972
                    ],
                    [
                        29.566716,
                        41.173531
                    ],
                    [
                        29.564,
                        41.173591
                    ],
                    [
                        29.560636,
                        41.174436
                    ],
                    [
                        29.556922,
                        41.175032
                    ],
                    [
                        29.556593,
                        41.175296
                    ],
                    [
                        29.553548,
                        41.17562
                    ],
                    [
                        29.553218,
                        41.175885
                    ],
                    [
                        29.55221,
                        41.176164
                    ],
                    [
                        29.544452,
                        41.177619
                    ],
                    [
                        29.542775,
                        41.178169
                    ],
                    [
                        29.541087,
                        41.178463
                    ],
                    [
                        29.540758,
                        41.178727
                    ],
                    [
                        29.5394,
                        41.178757
                    ],
                    [
                        29.536704,
                        41.17933
                    ],
                    [
                        29.535027,
                        41.17988
                    ],
                    [
                        29.534008,
                        41.179903
                    ],
                    [
                        29.533679,
                        41.180167
                    ],
                    [
                        29.530643,
                        41.180747
                    ],
                    [
                        29.528946,
                        41.180784
                    ],
                    [
                        29.527598,
                        41.18107
                    ],
                    [
                        29.526589,
                        41.181349
                    ],
                    [
                        29.52626,
                        41.181613
                    ],
                    [
                        29.524572,
                        41.181907
                    ],
                    [
                        29.521546,
                        41.182743
                    ],
                    [
                        29.521217,
                        41.183007
                    ],
                    [
                        29.51886,
                        41.183572
                    ],
                    [
                        29.51853,
                        41.183836
                    ],
                    [
                        29.516833,
                        41.183873
                    ],
                    [
                        29.516164,
                        41.184145
                    ],
                    [
                        29.513797,
                        41.184453
                    ],
                    [
                        29.5124233,
                        41.1850523
                    ],
                    [
                        29.511667,
                        41.1847863
                    ],
                    [
                        29.510722,
                        41.184007
                    ],
                    [
                        29.509364,
                        41.184036
                    ],
                    [
                        29.506338,
                        41.184872
                    ],
                    [
                        29.50464,
                        41.184909
                    ],
                    [
                        29.502972,
                        41.185716
                    ],
                    [
                        29.494203,
                        41.187446
                    ],
                    [
                        29.490837,
                        41.188289
                    ],
                    [
                        29.489819,
                        41.188311
                    ],
                    [
                        29.481403,
                        41.190419
                    ],
                    [
                        29.481423,
                        41.190932
                    ],
                    [
                        29.47973,
                        41.191096
                    ],
                    [
                        29.477712,
                        41.191653
                    ],
                    [
                        29.477382,
                        41.191917
                    ],
                    [
                        29.471648,
                        41.193067
                    ],
                    [
                        29.471318,
                        41.19333
                    ],
                    [
                        29.46996,
                        41.19336
                    ],
                    [
                        29.46963,
                        41.193623
                    ],
                    [
                        29.467612,
                        41.19418
                    ],
                    [
                        29.465924,
                        41.194473
                    ],
                    [
                        29.464925,
                        41.195008
                    ],
                    [
                        29.463571,
                        41.195166
                    ],
                    [
                        29.461907,
                        41.196099
                    ],
                    [
                        29.459889,
                        41.196656
                    ],
                    [
                        29.4593799,
                        41.1970134
                    ],
                    [
                        29.457871,
                        41.197212
                    ],
                    [
                        29.454843,
                        41.198047
                    ],
                    [
                        29.4480825,
                        41.1981735
                    ],
                    [
                        29.4427523,
                        41.1992626
                    ],
                    [
                        29.4406337,
                        41.1997609
                    ],
                    [
                        29.439298,
                        41.200431
                    ],
                    [
                        29.434922,
                        41.20155
                    ],
                    [
                        29.431903,
                        41.202641
                    ],
                    [
                        29.430884,
                        41.202662
                    ],
                    [
                        29.428866,
                        41.203218
                    ],
                    [
                        29.427526,
                        41.20376
                    ],
                    [
                        29.426177,
                        41.204045
                    ],
                    [
                        29.424507,
                        41.20485
                    ],
                    [
                        29.422809,
                        41.204886
                    ],
                    [
                        29.422479,
                        41.20515
                    ],
                    [
                        29.42146,
                        41.205171
                    ],
                    [
                        29.420451,
                        41.205449
                    ],
                    [
                        29.420121,
                        41.205713
                    ],
                    [
                        29.419441,
                        41.205727
                    ],
                    [
                        29.417762,
                        41.206276
                    ],
                    [
                        29.415064,
                        41.206846
                    ],
                    [
                        29.413724,
                        41.207387
                    ],
                    [
                        29.411366,
                        41.20795
                    ],
                    [
                        29.410375,
                        41.208741
                    ],
                    [
                        29.408695,
                        41.20929
                    ],
                    [
                        29.4039668,
                        41.2092776
                    ],
                    [
                        29.4025271,
                        41.2096287
                    ],
                    [
                        29.401921,
                        41.209945
                    ],
                    [
                        29.399892,
                        41.2102682
                    ],
                    [
                        29.3980895,
                        41.2109785
                    ],
                    [
                        29.3978417,
                        41.2113874
                    ],
                    [
                        29.396883,
                        41.21159
                    ],
                    [
                        29.3964797,
                        41.211879
                    ],
                    [
                        29.3963081,
                        41.2118145
                    ],
                    [
                        29.3961021,
                        41.2121244
                    ],
                    [
                        29.3954927,
                        41.2118468
                    ],
                    [
                        29.3955099,
                        41.2116401
                    ],
                    [
                        29.395184,
                        41.211625
                    ],
                    [
                        29.3946773,
                        41.2117499
                    ],
                    [
                        29.3943941,
                        41.2120017
                    ],
                    [
                        29.3945829,
                        41.2120663
                    ],
                    [
                        29.3945829,
                        41.212415
                    ],
                    [
                        29.393505,
                        41.212173
                    ],
                    [
                        29.3924028,
                        41.2121954
                    ],
                    [
                        29.3919736,
                        41.2123762
                    ],
                    [
                        29.391495,
                        41.212985
                    ],
                    [
                        29.389979,
                        41.213402
                    ],
                    [
                        29.389658,
                        41.213922
                    ],
                    [
                        29.389526,
                        41.214952
                    ],
                    [
                        29.3866373,
                        41.2141309
                    ],
                    [
                        29.3851111,
                        41.2133771
                    ],
                    [
                        29.3820401,
                        41.2130561
                    ],
                    [
                        29.3810021,
                        41.2125641
                    ],
                    [
                        29.3806391,
                        41.2119291
                    ],
                    [
                        29.3785821,
                        41.211458
                    ],
                    [
                        29.3778613,
                        41.2114258
                    ],
                    [
                        29.3779121,
                        41.2117291
                    ],
                    [
                        29.3768931,
                        41.2117501
                    ],
                    [
                        29.3762421,
                        41.2125331
                    ],
                    [
                        29.3748971,
                        41.2129471
                    ],
                    [
                        29.3745341,
                        41.2123121
                    ],
                    [
                        29.3721561,
                        41.2123611
                    ],
                    [
                        29.3718071,
                        41.2121121
                    ],
                    [
                        29.3710945,
                        41.2119827
                    ],
                    [
                        29.3704211,
                        41.21137
                    ],
                    [
                        29.37003,
                        41.211633
                    ],
                    [
                        29.36969,
                        41.21164
                    ],
                    [
                        29.368653,
                        41.211147
                    ],
                    [
                        29.366633,
                        41.211702
                    ],
                    [
                        29.366284,
                        41.211453
                    ],
                    [
                        29.365605,
                        41.211467
                    ],
                    [
                        29.365256,
                        41.211217
                    ],
                    [
                        29.361841,
                        41.210774
                    ],
                    [
                        29.359812,
                        41.211072
                    ],
                    [
                        29.357774,
                        41.211114
                    ],
                    [
                        29.357277,
                        41.2107767
                    ],
                    [
                        29.354348,
                        41.2117453
                    ],
                    [
                        29.354074,
                        41.212217
                    ],
                    [
                        29.353578,
                        41.212612
                    ],
                    [
                        29.3530928,
                        41.2125443
                    ],
                    [
                        29.353074,
                        41.21275
                    ],
                    [
                        29.3526207,
                        41.2128187
                    ],
                    [
                        29.352725,
                        41.212501
                    ],
                    [
                        29.352041,
                        41.212387
                    ],
                    [
                        29.3517839,
                        41.2127784
                    ],
                    [
                        29.3512045,
                        41.213077
                    ],
                    [
                        29.3503033,
                        41.212738
                    ],
                    [
                        29.3497668,
                        41.2127138
                    ],
                    [
                        29.349681,
                        41.2124313
                    ],
                    [
                        29.3493055,
                        41.2122376
                    ],
                    [
                        29.346634,
                        41.2129156
                    ],
                    [
                        29.345647,
                        41.2133191
                    ],
                    [
                        29.345293,
                        41.213808
                    ],
                    [
                        29.34566,
                        41.214571
                    ],
                    [
                        29.344618,
                        41.21395
                    ],
                    [
                        29.3440671,
                        41.2138742
                    ],
                    [
                        29.3424256,
                        41.2144311
                    ],
                    [
                        29.342447,
                        41.2146975
                    ],
                    [
                        29.3422325,
                        41.2146975
                    ],
                    [
                        29.3420501,
                        41.2144876
                    ],
                    [
                        29.3412776,
                        41.2150364
                    ],
                    [
                        29.3407411,
                        41.2147217
                    ],
                    [
                        29.340234,
                        41.214938
                    ],
                    [
                        29.339908,
                        41.215329
                    ],
                    [
                        29.3396785,
                        41.2152075
                    ],
                    [
                        29.3390782,
                        41.2152785
                    ],
                    [
                        29.339035,
                        41.214706
                    ],
                    [
                        29.338862,
                        41.21458
                    ],
                    [
                        29.3382521,
                        41.2146894
                    ],
                    [
                        29.3381019,
                        41.2151333
                    ],
                    [
                        29.337163,
                        41.214615
                    ],
                    [
                        29.3364711,
                        41.2146087
                    ],
                    [
                        29.3352909,
                        41.2150768
                    ],
                    [
                        29.3349655,
                        41.2155271
                    ],
                    [
                        29.3343682,
                        41.2156498
                    ],
                    [
                        29.3342609,
                        41.215448
                    ],
                    [
                        29.3338747,
                        41.2154964
                    ],
                    [
                        29.3335206,
                        41.2160049
                    ],
                    [
                        29.3336816,
                        41.2163116
                    ],
                    [
                        29.332802,
                        41.216244
                    ],
                    [
                        29.3324799,
                        41.2166263
                    ],
                    [
                        29.3319006,
                        41.2160533
                    ],
                    [
                        29.332104,
                        41.215744
                    ],
                    [
                        29.331465,
                        41.2153522
                    ],
                    [
                        29.3311002,
                        41.2153119
                    ],
                    [
                        29.3307676,
                        41.2157073
                    ],
                    [
                        29.3303277,
                        41.2153845
                    ],
                    [
                        29.3299951,
                        41.2155863
                    ],
                    [
                        29.3297055,
                        41.2159091
                    ],
                    [
                        29.3298771,
                        41.2164902
                    ],
                    [
                        29.3295874,
                        41.2165789
                    ],
                    [
                        29.329448,
                        41.216353
                    ],
                    [
                        29.3286111,
                        41.2162723
                    ],
                    [
                        29.328032,
                        41.215956
                    ],
                    [
                        29.3275168,
                        41.216587
                    ],
                    [
                        29.3277528,
                        41.2167888
                    ],
                    [
                        29.327385,
                        41.216867
                    ],
                    [
                        29.3273129,
                        41.217047
                    ],
                    [
                        29.3267121,
                        41.2167161
                    ],
                    [
                        29.3256607,
                        41.2164417
                    ],
                    [
                        29.325115,
                        41.2165415
                    ],
                    [
                        29.3241801,
                        41.2164095
                    ],
                    [
                        29.3237405,
                        41.2166835
                    ],
                    [
                        29.3231609,
                        41.216353
                    ],
                    [
                        29.32194,
                        41.21672
                    ],
                    [
                        29.3202104,
                        41.216926
                    ],
                    [
                        29.3191789,
                        41.2167495
                    ],
                    [
                        29.3179466,
                        41.2173053
                    ],
                    [
                        29.3161657,
                        41.2187095
                    ],
                    [
                        29.3160477,
                        41.2190888
                    ],
                    [
                        29.3155863,
                        41.2193148
                    ],
                    [
                        29.3153396,
                        41.2190807
                    ],
                    [
                        29.314846,
                        41.219339
                    ],
                    [
                        29.314548,
                        41.219179
                    ],
                    [
                        29.314382,
                        41.219311
                    ],
                    [
                        29.3135693,
                        41.2192099
                    ],
                    [
                        29.313462,
                        41.2194116
                    ],
                    [
                        29.3132488,
                        41.219265
                    ],
                    [
                        29.312432,
                        41.21946
                    ],
                    [
                        29.3114557,
                        41.219912
                    ],
                    [
                        29.311681,
                        41.2201621
                    ],
                    [
                        29.3108336,
                        41.2202998
                    ],
                    [
                        29.310856,
                        41.220537
                    ],
                    [
                        29.3102357,
                        41.2206259
                    ],
                    [
                        29.3099143,
                        41.2209436
                    ],
                    [
                        29.308809,
                        41.220321
                    ],
                    [
                        29.30824,
                        41.2203561
                    ],
                    [
                        29.3078364,
                        41.2206147
                    ],
                    [
                        29.3068198,
                        41.2205669
                    ],
                    [
                        29.30643,
                        41.220369
                    ],
                    [
                        29.3053249,
                        41.2204432
                    ],
                    [
                        29.3042598,
                        41.2207384
                    ],
                    [
                        29.3040655,
                        41.221354
                    ],
                    [
                        29.302711,
                        41.220957
                    ],
                    [
                        29.301697,
                        41.221106
                    ],
                    [
                        29.3014532,
                        41.2214496
                    ],
                    [
                        29.3011691,
                        41.221517
                    ],
                    [
                        29.3007693,
                        41.2213793
                    ],
                    [
                        29.3004367,
                        41.2217616
                    ],
                    [
                        29.2986129,
                        41.2215732
                    ],
                    [
                        29.2978617,
                        41.2217728
                    ],
                    [
                        29.2971113,
                        41.2222442
                    ],
                    [
                        29.296079,
                        41.2215564
                    ],
                    [
                        29.2954474,
                        41.2214861
                    ],
                    [
                        29.2934592,
                        41.2216913
                    ],
                    [
                        29.2902303,
                        41.2223238
                    ],
                    [
                        29.2895165,
                        41.2227623
                    ],
                    [
                        29.2879095,
                        41.2230125
                    ],
                    [
                        29.2864893,
                        41.2235718
                    ],
                    [
                        29.286437,
                        41.2240666
                    ],
                    [
                        29.286162,
                        41.22411
                    ],
                    [
                        29.2854989,
                        41.2238417
                    ],
                    [
                        29.2840825,
                        41.2242661
                    ],
                    [
                        29.2841535,
                        41.2246259
                    ],
                    [
                        29.283462,
                        41.224677
                    ],
                    [
                        29.2832828,
                        41.2245332
                    ],
                    [
                        29.2825951,
                        41.2246456
                    ],
                    [
                        29.2822999,
                        41.2248396
                    ],
                    [
                        29.2823111,
                        41.2252106
                    ],
                    [
                        29.2815973,
                        41.2256126
                    ],
                    [
                        29.2814553,
                        41.2259217
                    ],
                    [
                        29.2794484,
                        41.226571
                    ],
                    [
                        29.2795493,
                        41.2267481
                    ],
                    [
                        29.2788392,
                        41.2273553
                    ],
                    [
                        29.2780245,
                        41.2274002
                    ],
                    [
                        29.278124,
                        41.227607
                    ],
                    [
                        29.2772883,
                        41.2280017
                    ],
                    [
                        29.2765857,
                        41.2280804
                    ],
                    [
                        29.276094,
                        41.227904
                    ],
                    [
                        29.2739285,
                        41.2277207
                    ],
                    [
                        29.2735772,
                        41.2278134
                    ],
                    [
                        29.2732147,
                        41.2276701
                    ],
                    [
                        29.2718581,
                        41.2278022
                    ],
                    [
                        29.2712115,
                        41.2282491
                    ],
                    [
                        29.2715516,
                        41.2289546
                    ],
                    [
                        29.2714888,
                        41.2292648
                    ],
                    [
                        29.2707237,
                        41.2296151
                    ],
                    [
                        29.2700126,
                        41.2293884
                    ],
                    [
                        29.2697764,
                        41.2294831
                    ],
                    [
                        29.269499,
                        41.228933
                    ],
                    [
                        29.2693151,
                        41.2291531
                    ],
                    [
                        29.2690698,
                        41.228906
                    ],
                    [
                        29.2681539,
                        41.2286268
                    ],
                    [
                        29.2679154,
                        41.2283831
                    ],
                    [
                        29.2679672,
                        41.2280548
                    ],
                    [
                        29.2676521,
                        41.2280226
                    ],
                    [
                        29.2675306,
                        41.2288265
                    ],
                    [
                        29.2671593,
                        41.2291024
                    ],
                    [
                        29.2676746,
                        41.2295271
                    ],
                    [
                        29.2675171,
                        41.2298521
                    ],
                    [
                        29.2665765,
                        41.2304884
                    ],
                    [
                        29.2659046,
                        41.2301772
                    ],
                    [
                        29.2654604,
                        41.230243
                    ],
                    [
                        29.2653659,
                        41.2304444
                    ],
                    [
                        29.2657034,
                        41.2307524
                    ],
                    [
                        29.2657169,
                        41.2309927
                    ],
                    [
                        29.2654311,
                        41.2312144
                    ],
                    [
                        29.2648663,
                        41.2312956
                    ],
                    [
                        29.263928,
                        41.2309741
                    ],
                    [
                        29.2638019,
                        41.2307744
                    ],
                    [
                        29.261563,
                        41.2305
                    ],
                    [
                        29.259693,
                        41.2304613
                    ],
                    [
                        29.258853,
                        41.23081
                    ],
                    [
                        29.2579198,
                        41.2304698
                    ],
                    [
                        29.257508,
                        41.2306136
                    ],
                    [
                        29.2568599,
                        41.2311772
                    ],
                    [
                        29.2566596,
                        41.2316781
                    ],
                    [
                        29.2567249,
                        41.2322484
                    ],
                    [
                        29.2571008,
                        41.2328307
                    ],
                    [
                        29.2574652,
                        41.2329612
                    ],
                    [
                        29.257411,
                        41.233219
                    ],
                    [
                        29.2570769,
                        41.2334654
                    ],
                    [
                        29.2574045,
                        41.2339728
                    ],
                    [
                        29.2569901,
                        41.2341131
                    ],
                    [
                        29.2569597,
                        41.2345422
                    ],
                    [
                        29.2571225,
                        41.2346467
                    ],
                    [
                        29.2570313,
                        41.2350236
                    ],
                    [
                        29.2565193,
                        41.2351443
                    ],
                    [
                        29.2563501,
                        41.2353335
                    ],
                    [
                        29.2561093,
                        41.2353058
                    ],
                    [
                        29.2559943,
                        41.2346793
                    ],
                    [
                        29.25489,
                        41.234225
                    ],
                    [
                        29.2541761,
                        41.2340936
                    ],
                    [
                        29.2532476,
                        41.2341572
                    ],
                    [
                        29.2525012,
                        41.2339059
                    ],
                    [
                        29.251935,
                        41.233888
                    ],
                    [
                        29.2516963,
                        41.2341099
                    ],
                    [
                        29.2511445,
                        41.2337727
                    ],
                    [
                        29.250602,
                        41.233154
                    ],
                    [
                        29.248819,
                        41.2323316
                    ],
                    [
                        29.2478812,
                        41.2324254
                    ],
                    [
                        29.247335,
                        41.232062
                    ],
                    [
                        29.2457184,
                        41.2319015
                    ],
                    [
                        29.2452685,
                        41.2315795
                    ],
                    [
                        29.2455619,
                        41.2313095
                    ],
                    [
                        29.2450206,
                        41.2304039
                    ],
                    [
                        29.2451125,
                        41.2300641
                    ],
                    [
                        29.2446482,
                        41.2300305
                    ],
                    [
                        29.2443726,
                        41.2298064
                    ],
                    [
                        29.2444645,
                        41.229601
                    ],
                    [
                        29.2440548,
                        41.2289998
                    ],
                    [
                        29.2413709,
                        41.2278775
                    ],
                    [
                        29.2387069,
                        41.228561
                    ],
                    [
                        29.2382947,
                        41.2289064
                    ],
                    [
                        29.2382819,
                        41.229254
                    ],
                    [
                        29.2378392,
                        41.2293418
                    ],
                    [
                        29.2371106,
                        41.2290713
                    ],
                    [
                        29.2368401,
                        41.2287176
                    ],
                    [
                        29.2357427,
                        41.2285303
                    ],
                    [
                        29.2356074,
                        41.2287222
                    ],
                    [
                        29.2348266,
                        41.2290482
                    ],
                    [
                        29.2346513,
                        41.2294274
                    ],
                    [
                        29.2347866,
                        41.2295037
                    ],
                    [
                        29.2347651,
                        41.229788
                    ],
                    [
                        29.2341072,
                        41.2301233
                    ],
                    [
                        29.234141,
                        41.2299614
                    ],
                    [
                        29.2338767,
                        41.2298759
                    ],
                    [
                        29.2337629,
                        41.2296008
                    ],
                    [
                        29.2332526,
                        41.229617
                    ],
                    [
                        29.2326562,
                        41.2299915
                    ],
                    [
                        29.2324687,
                        41.2298112
                    ],
                    [
                        29.2330467,
                        41.2293326
                    ],
                    [
                        29.2330344,
                        41.2289095
                    ],
                    [
                        29.2327976,
                        41.2286806
                    ],
                    [
                        29.231279,
                        41.2290066
                    ],
                    [
                        29.2304121,
                        41.2285673
                    ],
                    [
                        29.229536,
                        41.2286991
                    ],
                    [
                        29.2292839,
                        41.2285858
                    ],
                    [
                        29.2293761,
                        41.2284679
                    ],
                    [
                        29.2292347,
                        41.2282899
                    ],
                    [
                        29.2289027,
                        41.2281535
                    ],
                    [
                        29.2249986,
                        41.2295638
                    ],
                    [
                        29.2247202,
                        41.2301791
                    ],
                    [
                        29.2239472,
                        41.230581
                    ],
                    [
                        29.2233939,
                        41.2303868
                    ],
                    [
                        29.2229607,
                        41.2300041
                    ],
                    [
                        29.2231326,
                        41.2293534
                    ],
                    [
                        29.2228959,
                        41.229143
                    ],
                    [
                        29.2194959,
                        41.2289465
                    ],
                    [
                        29.2185982,
                        41.2294713
                    ],
                    [
                        29.2184999,
                        41.2297788
                    ],
                    [
                        29.2189794,
                        41.2302689
                    ],
                    [
                        29.218506,
                        41.2306435
                    ],
                    [
                        29.2186259,
                        41.231344
                    ],
                    [
                        29.2183554,
                        41.231344
                    ],
                    [
                        29.2183369,
                        41.2308538
                    ],
                    [
                        29.2180142,
                        41.2306966
                    ],
                    [
                        29.2172487,
                        41.2309926
                    ],
                    [
                        29.2166031,
                        41.2308099
                    ],
                    [
                        29.2156348,
                        41.2308238
                    ],
                    [
                        29.2150599,
                        41.2313093
                    ],
                    [
                        29.2148078,
                        41.2309694
                    ],
                    [
                        29.2149056,
                        41.2308369
                    ],
                    [
                        29.2147781,
                        41.2305413
                    ],
                    [
                        29.214211,
                        41.2304087
                    ],
                    [
                        29.2138824,
                        41.2299832
                    ],
                    [
                        29.2144286,
                        41.229209
                    ],
                    [
                        29.214882,
                        41.22898
                    ],
                    [
                        29.2147827,
                        41.2288605
                    ],
                    [
                        29.2153057,
                        41.2281958
                    ],
                    [
                        29.2152325,
                        41.2279848
                    ],
                    [
                        29.2160903,
                        41.2270848
                    ],
                    [
                        29.2160231,
                        41.2269608
                    ],
                    [
                        29.2163375,
                        41.2269631
                    ],
                    [
                        29.2168493,
                        41.2260131
                    ],
                    [
                        29.215262,
                        41.2245356
                    ],
                    [
                        29.2150646,
                        41.2244948
                    ],
                    [
                        29.2146721,
                        41.2247342
                    ],
                    [
                        29.2152126,
                        41.2242405
                    ],
                    [
                        29.2147264,
                        41.2239434
                    ],
                    [
                        29.2139095,
                        41.2245319
                    ],
                    [
                        29.2145586,
                        41.223884
                    ],
                    [
                        29.2141563,
                        41.2234775
                    ],
                    [
                        29.2105921,
                        41.222134
                    ],
                    [
                        29.2069691,
                        41.2215505
                    ],
                    [
                        29.2029555,
                        41.2215099
                    ],
                    [
                        29.2014144,
                        41.2220356
                    ],
                    [
                        29.2011912,
                        41.2223074
                    ],
                    [
                        29.2011354,
                        41.2226572
                    ],
                    [
                        29.2018778,
                        41.2231817
                    ],
                    [
                        29.2019443,
                        41.2234154
                    ],
                    [
                        29.2017319,
                        41.223661
                    ],
                    [
                        29.2014941,
                        41.2238256
                    ],
                    [
                        29.2000788,
                        41.2240472
                    ],
                    [
                        29.1997091,
                        41.2238995
                    ],
                    [
                        29.199438,
                        41.223362
                    ],
                    [
                        29.2000367,
                        41.2229053
                    ],
                    [
                        29.2008331,
                        41.2225794
                    ],
                    [
                        29.2008932,
                        41.2222631
                    ],
                    [
                        29.2005716,
                        41.2217353
                    ],
                    [
                        29.199261,
                        41.2208683
                    ],
                    [
                        29.1975679,
                        41.220317
                    ],
                    [
                        29.1921182,
                        41.2201926
                    ],
                    [
                        29.1855914,
                        41.2208817
                    ],
                    [
                        29.1838947,
                        41.2209082
                    ],
                    [
                        29.1835049,
                        41.2212234
                    ],
                    [
                        29.1823201,
                        41.221049
                    ],
                    [
                        29.1827828,
                        41.2211862
                    ],
                    [
                        29.182371,
                        41.2214145
                    ],
                    [
                        29.1823684,
                        41.2217703
                    ],
                    [
                        29.1814301,
                        41.2215922
                    ],
                    [
                        29.1814296,
                        41.2214606
                    ],
                    [
                        29.1808382,
                        41.2217894
                    ],
                    [
                        29.1807805,
                        41.2216442
                    ],
                    [
                        29.180386,
                        41.2217536
                    ],
                    [
                        29.1801877,
                        41.2216885
                    ],
                    [
                        29.1801493,
                        41.2214795
                    ],
                    [
                        29.17971,
                        41.2213585
                    ],
                    [
                        29.1785501,
                        41.2219034
                    ],
                    [
                        29.1784818,
                        41.2221485
                    ],
                    [
                        29.1782096,
                        41.2221465
                    ],
                    [
                        29.1781734,
                        41.2222827
                    ],
                    [
                        29.1775605,
                        41.2225177
                    ],
                    [
                        29.1774854,
                        41.2223583
                    ],
                    [
                        29.1769865,
                        41.2225641
                    ],
                    [
                        29.1763589,
                        41.2225374
                    ],
                    [
                        29.1766327,
                        41.2222689
                    ],
                    [
                        29.1765965,
                        41.2219478
                    ],
                    [
                        29.1760474,
                        41.2215859
                    ],
                    [
                        29.1748983,
                        41.2216875
                    ],
                    [
                        29.1747817,
                        41.2218842
                    ],
                    [
                        29.174235,
                        41.222044
                    ],
                    [
                        29.1739798,
                        41.2225238
                    ],
                    [
                        29.1738161,
                        41.2224592
                    ],
                    [
                        29.1733003,
                        41.2229439
                    ],
                    [
                        29.1730237,
                        41.2234344
                    ],
                    [
                        29.1731939,
                        41.2235042
                    ],
                    [
                        29.1731878,
                        41.2239527
                    ],
                    [
                        29.1724402,
                        41.2242103
                    ],
                    [
                        29.1723463,
                        41.2244282
                    ],
                    [
                        29.1713462,
                        41.2245187
                    ],
                    [
                        29.1713136,
                        41.2242668
                    ],
                    [
                        29.171078,
                        41.2242803
                    ],
                    [
                        29.1698626,
                        41.2248498
                    ],
                    [
                        29.1694617,
                        41.2248527
                    ],
                    [
                        29.1684839,
                        41.2247389
                    ],
                    [
                        29.1683042,
                        41.2246396
                    ],
                    [
                        29.168492,
                        41.224523
                    ],
                    [
                        29.1683471,
                        41.2244504
                    ],
                    [
                        29.1683817,
                        41.2242871
                    ],
                    [
                        29.1680336,
                        41.2241829
                    ],
                    [
                        29.1674888,
                        41.2244101
                    ],
                    [
                        29.1671455,
                        41.2243152
                    ],
                    [
                        29.1667914,
                        41.2244625
                    ],
                    [
                        29.1665152,
                        41.2243132
                    ],
                    [
                        29.166239,
                        41.2245343
                    ],
                    [
                        29.1651177,
                        41.2243314
                    ],
                    [
                        29.164685,
                        41.2235786
                    ],
                    [
                        29.1648763,
                        41.2232904
                    ],
                    [
                        29.1646484,
                        41.2231492
                    ],
                    [
                        29.1645955,
                        41.2228135
                    ],
                    [
                        29.1642621,
                        41.2227356
                    ],
                    [
                        29.164423,
                        41.2226307
                    ],
                    [
                        29.1639993,
                        41.2223442
                    ],
                    [
                        29.1640663,
                        41.2221223
                    ],
                    [
                        29.1638599,
                        41.2223253
                    ],
                    [
                        29.1633368,
                        41.2220638
                    ],
                    [
                        29.1633046,
                        41.2212992
                    ],
                    [
                        29.1636559,
                        41.221162
                    ],
                    [
                        29.1629505,
                        41.2203691
                    ],
                    [
                        29.163259,
                        41.2200463
                    ],
                    [
                        29.1631888,
                        41.2198237
                    ],
                    [
                        29.1629754,
                        41.2196395
                    ],
                    [
                        29.1623085,
                        41.2199929
                    ],
                    [
                        29.1622062,
                        41.2199545
                    ],
                    [
                        29.1624127,
                        41.2198829
                    ],
                    [
                        29.162288,
                        41.2197487
                    ],
                    [
                        29.1620949,
                        41.2197637
                    ],
                    [
                        29.1627453,
                        41.2194161
                    ],
                    [
                        29.1625969,
                        41.2191797
                    ],
                    [
                        29.1627017,
                        41.218339
                    ],
                    [
                        29.1625182,
                        41.2181148
                    ],
                    [
                        29.1627541,
                        41.2180501
                    ],
                    [
                        29.1613671,
                        41.2171618
                    ],
                    [
                        29.1607547,
                        41.2171043
                    ],
                    [
                        29.160393,
                        41.2174336
                    ],
                    [
                        29.160195,
                        41.2179635
                    ],
                    [
                        29.1570414,
                        41.2184412
                    ],
                    [
                        29.1568327,
                        41.2185144
                    ],
                    [
                        29.1567452,
                        41.2186189
                    ],
                    [
                        29.156893,
                        41.2186897
                    ],
                    [
                        29.15668,
                        41.218719
                    ],
                    [
                        29.1566318,
                        41.2189205
                    ],
                    [
                        29.1557108,
                        41.2189453
                    ],
                    [
                        29.1555141,
                        41.2190497
                    ],
                    [
                        29.1555787,
                        41.2191625
                    ],
                    [
                        29.1554108,
                        41.2191566
                    ],
                    [
                        29.155126,
                        41.2190781
                    ],
                    [
                        29.154987,
                        41.2189639
                    ],
                    [
                        29.1550514,
                        41.2187692
                    ],
                    [
                        29.1548248,
                        41.2186946
                    ],
                    [
                        29.1549227,
                        41.2189669
                    ],
                    [
                        29.1547169,
                        41.2189787
                    ],
                    [
                        29.1548681,
                        41.2192069
                    ],
                    [
                        29.1545083,
                        41.2194199
                    ],
                    [
                        29.1545539,
                        41.2195409
                    ],
                    [
                        29.153886,
                        41.2195147
                    ],
                    [
                        29.1539277,
                        41.2193989
                    ],
                    [
                        29.1544596,
                        41.219357
                    ],
                    [
                        29.1536701,
                        41.2184555
                    ],
                    [
                        29.1532476,
                        41.2182719
                    ],
                    [
                        29.1533697,
                        41.2184656
                    ],
                    [
                        29.1530452,
                        41.2183259
                    ],
                    [
                        29.1524319,
                        41.218442
                    ],
                    [
                        29.1523292,
                        41.218142
                    ],
                    [
                        29.1519454,
                        41.2180015
                    ],
                    [
                        29.1520149,
                        41.218234
                    ],
                    [
                        29.1515522,
                        41.2186149
                    ],
                    [
                        29.1513863,
                        41.2185361
                    ],
                    [
                        29.1514387,
                        41.2183128
                    ],
                    [
                        29.1507315,
                        41.2180763
                    ],
                    [
                        29.1506092,
                        41.2177545
                    ],
                    [
                        29.1508362,
                        41.2173802
                    ],
                    [
                        29.1512728,
                        41.2173342
                    ],
                    [
                        29.1513863,
                        41.2168942
                    ],
                    [
                        29.151622,
                        41.2169139
                    ],
                    [
                        29.1520586,
                        41.2160798
                    ],
                    [
                        29.1522995,
                        41.2160515
                    ],
                    [
                        29.1521668,
                        41.2153203
                    ],
                    [
                        29.151763,
                        41.2151294
                    ],
                    [
                        29.1522157,
                        41.2149207
                    ],
                    [
                        29.1522083,
                        41.214742
                    ],
                    [
                        29.1519628,
                        41.2143325
                    ],
                    [
                        29.1513601,
                        41.2138664
                    ],
                    [
                        29.1505918,
                        41.2138073
                    ],
                    [
                        29.1505598,
                        41.2136175
                    ],
                    [
                        29.149902,
                        41.2130388
                    ],
                    [
                        29.148313,
                        41.2129535
                    ],
                    [
                        29.1478589,
                        41.2125988
                    ],
                    [
                        29.1481209,
                        41.2124214
                    ],
                    [
                        29.1480161,
                        41.2120602
                    ],
                    [
                        29.1477018,
                        41.2119026
                    ],
                    [
                        29.1469699,
                        41.2120403
                    ],
                    [
                        29.1466078,
                        41.2118446
                    ],
                    [
                        29.1465917,
                        41.2119899
                    ],
                    [
                        29.1461161,
                        41.2121457
                    ],
                    [
                        29.1458836,
                        41.2120262
                    ],
                    [
                        29.1454882,
                        41.2122027
                    ],
                    [
                        29.1453364,
                        41.2120403
                    ],
                    [
                        29.1449261,
                        41.2120504
                    ],
                    [
                        29.1447785,
                        41.212232
                    ],
                    [
                        29.1440962,
                        41.2123419
                    ],
                    [
                        29.14368,
                        41.2128389
                    ],
                    [
                        29.143483,
                        41.2123712
                    ],
                    [
                        29.1421741,
                        41.2127304
                    ],
                    [
                        29.1417477,
                        41.2126356
                    ],
                    [
                        29.1416323,
                        41.2129846
                    ],
                    [
                        29.1415582,
                        41.2123665
                    ],
                    [
                        29.1414794,
                        41.2125246
                    ],
                    [
                        29.1411576,
                        41.212569
                    ],
                    [
                        29.1407546,
                        41.2124062
                    ],
                    [
                        29.1404656,
                        41.2125084
                    ],
                    [
                        29.1403747,
                        41.2122609
                    ],
                    [
                        29.1401705,
                        41.2123168
                    ],
                    [
                        29.1395965,
                        41.2119375
                    ],
                    [
                        29.1396663,
                        41.2117921
                    ],
                    [
                        29.1393042,
                        41.2117074
                    ],
                    [
                        29.1395627,
                        41.211652
                    ],
                    [
                        29.1388535,
                        41.2115177
                    ],
                    [
                        29.138867,
                        41.2113906
                    ],
                    [
                        29.1381472,
                        41.2114948
                    ],
                    [
                        29.1376342,
                        41.2113313
                    ],
                    [
                        29.136951,
                        41.209907
                    ],
                    [
                        29.1365978,
                        41.2096452
                    ],
                    [
                        29.1362116,
                        41.2096129
                    ],
                    [
                        29.1361472,
                        41.2098692
                    ],
                    [
                        29.1360077,
                        41.2098167
                    ],
                    [
                        29.1358092,
                        41.2096714
                    ],
                    [
                        29.1358817,
                        41.2094353
                    ],
                    [
                        29.135736,
                        41.2092909
                    ],
                    [
                        29.1350582,
                        41.2089591
                    ],
                    [
                        29.1345486,
                        41.2088542
                    ],
                    [
                        29.1344762,
                        41.2090358
                    ],
                    [
                        29.1336554,
                        41.2093264
                    ],
                    [
                        29.1331877,
                        41.2093
                    ],
                    [
                        29.1329494,
                        41.2087989
                    ],
                    [
                        29.1328959,
                        41.2081284
                    ],
                    [
                        29.1325316,
                        41.2082509
                    ],
                    [
                        29.1325772,
                        41.2084042
                    ],
                    [
                        29.1318979,
                        41.2085063
                    ],
                    [
                        29.1320944,
                        41.2085677
                    ],
                    [
                        29.1317503,
                        41.2086838
                    ],
                    [
                        29.1300433,
                        41.2084203
                    ],
                    [
                        29.1299728,
                        41.2082387
                    ],
                    [
                        29.1296992,
                        41.2082206
                    ],
                    [
                        29.1295569,
                        41.2078901
                    ],
                    [
                        29.1253818,
                        41.2049985
                    ],
                    [
                        29.1253889,
                        41.2048244
                    ],
                    [
                        29.1257657,
                        41.2047492
                    ],
                    [
                        29.1258526,
                        41.2049887
                    ],
                    [
                        29.1265493,
                        41.2054597
                    ],
                    [
                        29.1277152,
                        41.2045418
                    ],
                    [
                        29.1278733,
                        41.204678
                    ],
                    [
                        29.126993,
                        41.2055165
                    ],
                    [
                        29.1297348,
                        41.207401
                    ],
                    [
                        29.1314045,
                        41.206116
                    ],
                    [
                        29.131594,
                        41.205758
                    ],
                    [
                        29.131705,
                        41.205384
                    ],
                    [
                        29.1315042,
                        41.2041234
                    ],
                    [
                        29.131043,
                        41.2031409
                    ],
                    [
                        29.1302316,
                        41.2026475
                    ],
                    [
                        29.1300005,
                        41.2027432
                    ],
                    [
                        29.1294733,
                        41.2024141
                    ],
                    [
                        29.1291547,
                        41.2025082
                    ],
                    [
                        29.1283374,
                        41.2022754
                    ],
                    [
                        29.1269784,
                        41.2025403
                    ],
                    [
                        29.1268496,
                        41.2022232
                    ],
                    [
                        29.1266671,
                        41.2022565
                    ],
                    [
                        29.1267596,
                        41.2025782
                    ],
                    [
                        29.1264506,
                        41.202626
                    ],
                    [
                        29.1266012,
                        41.2029618
                    ],
                    [
                        29.1264591,
                        41.2030607
                    ],
                    [
                        29.1262712,
                        41.202662
                    ],
                    [
                        29.1261023,
                        41.2028821
                    ],
                    [
                        29.1260782,
                        41.2024199
                    ],
                    [
                        29.1256636,
                        41.2024964
                    ],
                    [
                        29.1249034,
                        41.2021747
                    ],
                    [
                        29.1232109,
                        41.2019992
                    ],
                    [
                        29.1232699,
                        41.2017065
                    ],
                    [
                        29.1230366,
                        41.2016399
                    ],
                    [
                        29.1228595,
                        41.2016965
                    ],
                    [
                        29.1229042,
                        41.2018472
                    ],
                    [
                        29.122239,
                        41.201708
                    ],
                    [
                        29.1213724,
                        41.2009126
                    ],
                    [
                        29.120007,
                        41.200415
                    ],
                    [
                        29.1197328,
                        41.2003881
                    ],
                    [
                        29.1196999,
                        41.2005219
                    ],
                    [
                        29.1180584,
                        41.2002838
                    ],
                    [
                        29.1177446,
                        41.1998115
                    ],
                    [
                        29.1180879,
                        41.1990063
                    ],
                    [
                        29.1183959,
                        41.1987946
                    ],
                    [
                        29.1188488,
                        41.1980933
                    ],
                    [
                        29.1192307,
                        41.197912
                    ],
                    [
                        29.1200118,
                        41.1971411
                    ],
                    [
                        29.1201455,
                        41.1967124
                    ],
                    [
                        29.1198078,
                        41.195705
                    ],
                    [
                        29.119232,
                        41.1950863
                    ],
                    [
                        29.1189992,
                        41.1943995
                    ],
                    [
                        29.119252,
                        41.1940293
                    ],
                    [
                        29.1191393,
                        41.1938941
                    ],
                    [
                        29.1191249,
                        41.1925018
                    ],
                    [
                        29.119716,
                        41.192
                    ],
                    [
                        29.119708,
                        41.191743
                    ],
                    [
                        29.119327,
                        41.190467
                    ],
                    [
                        29.1184921,
                        41.18971
                    ],
                    [
                        29.118258,
                        41.188946
                    ],
                    [
                        29.1178981,
                        41.1884389
                    ],
                    [
                        29.1180629,
                        41.187909
                    ],
                    [
                        29.1179097,
                        41.1878266
                    ],
                    [
                        29.1186179,
                        41.1877689
                    ],
                    [
                        29.1181381,
                        41.186977
                    ],
                    [
                        29.1177498,
                        41.1867292
                    ],
                    [
                        29.11666,
                        41.186793
                    ],
                    [
                        29.115973,
                        41.186549
                    ],
                    [
                        29.1158793,
                        41.1866855
                    ],
                    [
                        29.1156772,
                        41.1866008
                    ],
                    [
                        29.1154972,
                        41.1864177
                    ],
                    [
                        29.115462,
                        41.1857053
                    ],
                    [
                        29.1151166,
                        41.1856478
                    ],
                    [
                        29.114929,
                        41.185798
                    ],
                    [
                        29.114755,
                        41.185674
                    ],
                    [
                        29.1144621,
                        41.1849384
                    ],
                    [
                        29.1126681,
                        41.1846153
                    ],
                    [
                        29.1126202,
                        41.1844323
                    ],
                    [
                        29.1129456,
                        41.1841617
                    ],
                    [
                        29.112787,
                        41.1839303
                    ],
                    [
                        29.112844,
                        41.1837339
                    ],
                    [
                        29.1124754,
                        41.1836595
                    ],
                    [
                        29.1128783,
                        41.1836483
                    ],
                    [
                        29.1129956,
                        41.1832814
                    ],
                    [
                        29.1125844,
                        41.1829603
                    ],
                    [
                        29.1121337,
                        41.1829115
                    ],
                    [
                        29.1116855,
                        41.183079
                    ],
                    [
                        29.1117096,
                        41.1834282
                    ],
                    [
                        29.1106616,
                        41.18401
                    ],
                    [
                        29.1101325,
                        41.1841176
                    ],
                    [
                        29.1097989,
                        41.1838481
                    ],
                    [
                        29.1096778,
                        41.1840318
                    ],
                    [
                        29.1091628,
                        41.1837391
                    ],
                    [
                        29.1091494,
                        41.183946
                    ],
                    [
                        29.1087632,
                        41.1839652
                    ],
                    [
                        29.1082013,
                        41.1838481
                    ],
                    [
                        29.1074794,
                        41.1831271
                    ],
                    [
                        29.1072672,
                        41.1827409
                    ],
                    [
                        29.1074172,
                        41.1817168
                    ],
                    [
                        29.1066779,
                        41.180741
                    ],
                    [
                        29.1057672,
                        41.1806685
                    ],
                    [
                        29.1048044,
                        41.1812965
                    ],
                    [
                        29.1031691,
                        41.1817175
                    ],
                    [
                        29.1017526,
                        41.1816548
                    ],
                    [
                        29.1000656,
                        41.180677
                    ],
                    [
                        29.09929,
                        41.1807957
                    ],
                    [
                        29.097777,
                        41.180721
                    ],
                    [
                        29.0966008,
                        41.180391
                    ],
                    [
                        29.0941561,
                        41.18056
                    ],
                    [
                        29.092705,
                        41.1801056
                    ],
                    [
                        29.0910762,
                        41.1800475
                    ],
                    [
                        29.0899964,
                        41.1797018
                    ],
                    [
                        29.0889359,
                        41.1790501
                    ],
                    [
                        29.0885382,
                        41.1790768
                    ],
                    [
                        29.0871223,
                        41.1786616
                    ],
                    [
                        29.0868797,
                        41.1784377
                    ],
                    [
                        29.0870005,
                        41.1777316
                    ],
                    [
                        29.0866847,
                        41.1775061
                    ],
                    [
                        29.0869375,
                        41.1775176
                    ],
                    [
                        29.0869751,
                        41.1768054
                    ],
                    [
                        29.087204,
                        41.1768462
                    ],
                    [
                        29.0875436,
                        41.175953
                    ],
                    [
                        29.0877341,
                        41.1750476
                    ],
                    [
                        29.087426,
                        41.1749918
                    ],
                    [
                        29.0874539,
                        41.1748234
                    ],
                    [
                        29.0875844,
                        41.1748419
                    ],
                    [
                        29.0878813,
                        41.1743298
                    ],
                    [
                        29.087898,
                        41.1739197
                    ],
                    [
                        29.0880281,
                        41.1739773
                    ],
                    [
                        29.0881783,
                        41.1737597
                    ],
                    [
                        29.0881746,
                        41.1735917
                    ],
                    [
                        29.0878383,
                        41.1735301
                    ],
                    [
                        29.0879046,
                        41.1733338
                    ],
                    [
                        29.0883961,
                        41.1733685
                    ],
                    [
                        29.0883944,
                        41.1731014
                    ],
                    [
                        29.088208,
                        41.1721187
                    ],
                    [
                        29.0880044,
                        41.17173
                    ],
                    [
                        29.0878406,
                        41.1717271
                    ],
                    [
                        29.0879932,
                        41.1716695
                    ],
                    [
                        29.0873404,
                        41.1710659
                    ],
                    [
                        29.0873122,
                        41.1708367
                    ],
                    [
                        29.0866851,
                        41.1700517
                    ],
                    [
                        29.0856081,
                        41.1694041
                    ],
                    [
                        29.0837919,
                        41.1687684
                    ],
                    [
                        29.0822549,
                        41.1677465
                    ],
                    [
                        29.0813717,
                        41.1673459
                    ],
                    [
                        29.079568,
                        41.1670934
                    ],
                    [
                        29.0792361,
                        41.1673589
                    ],
                    [
                        29.079208,
                        41.1672456
                    ],
                    [
                        29.0781054,
                        41.1672406
                    ],
                    [
                        29.0779104,
                        41.1670565
                    ],
                    [
                        29.0757768,
                        41.1667079
                    ],
                    [
                        29.0748185,
                        41.166211
                    ],
                    [
                        29.0736772,
                        41.1646522
                    ],
                    [
                        29.0734935,
                        41.1645956
                    ],
                    [
                        29.0739267,
                        41.1643856
                    ],
                    [
                        29.0738428,
                        41.1640716
                    ],
                    [
                        29.0733969,
                        41.1634997
                    ],
                    [
                        29.073061,
                        41.1633341
                    ],
                    [
                        29.073124,
                        41.1631206
                    ],
                    [
                        29.0724145,
                        41.1615637
                    ],
                    [
                        29.0724157,
                        41.1611886
                    ],
                    [
                        29.0741833,
                        41.1599275
                    ],
                    [
                        29.0740395,
                        41.1598069
                    ],
                    [
                        29.074884,
                        41.1592132
                    ],
                    [
                        29.0750443,
                        41.1593268
                    ],
                    [
                        29.0760018,
                        41.1583444
                    ],
                    [
                        29.0758109,
                        41.1582832
                    ],
                    [
                        29.0760362,
                        41.1580671
                    ],
                    [
                        29.0762159,
                        41.1581711
                    ],
                    [
                        29.0768757,
                        41.1573876
                    ],
                    [
                        29.07681,
                        41.1572624
                    ],
                    [
                        29.0765163,
                        41.157535
                    ],
                    [
                        29.0769911,
                        41.1569092
                    ],
                    [
                        29.0769991,
                        41.1571917
                    ],
                    [
                        29.0773994,
                        41.1566687
                    ],
                    [
                        29.0775865,
                        41.1562193
                    ],
                    [
                        29.0775047,
                        41.1560527
                    ],
                    [
                        29.0776791,
                        41.1562052
                    ],
                    [
                        29.0777628,
                        41.1560328
                    ],
                    [
                        29.0778428,
                        41.155266
                    ],
                    [
                        29.0774752,
                        41.1552198
                    ],
                    [
                        29.077352,
                        41.1554074
                    ],
                    [
                        29.0774157,
                        41.1551469
                    ],
                    [
                        29.0778284,
                        41.1551879
                    ],
                    [
                        29.0778874,
                        41.1549405
                    ],
                    [
                        29.07771,
                        41.153233
                    ],
                    [
                        29.0775226,
                        41.1530098
                    ],
                    [
                        29.0774475,
                        41.1523797
                    ],
                    [
                        29.0761198,
                        41.1498168
                    ],
                    [
                        29.075814,
                        41.1504228
                    ],
                    [
                        29.0760206,
                        41.1495361
                    ],
                    [
                        29.075682,
                        41.1489689
                    ],
                    [
                        29.0754868,
                        41.1496189
                    ],
                    [
                        29.0753796,
                        41.1495946
                    ],
                    [
                        29.0755981,
                        41.1487671
                    ],
                    [
                        29.0752266,
                        41.1483242
                    ],
                    [
                        29.0749293,
                        41.148919
                    ],
                    [
                        29.0751386,
                        41.1482126
                    ],
                    [
                        29.0747546,
                        41.1477587
                    ],
                    [
                        29.0745608,
                        41.1483872
                    ],
                    [
                        29.0744518,
                        41.1483706
                    ],
                    [
                        29.0746602,
                        41.1477228
                    ],
                    [
                        29.0740828,
                        41.1471057
                    ],
                    [
                        29.0728524,
                        41.1478235
                    ],
                    [
                        29.0739135,
                        41.1469369
                    ],
                    [
                        29.0725574,
                        41.1457495
                    ],
                    [
                        29.0726727,
                        41.1456727
                    ],
                    [
                        29.07236,
                        41.145115
                    ],
                    [
                        29.0718564,
                        41.1432454
                    ],
                    [
                        29.0712299,
                        41.1433872
                    ],
                    [
                        29.0711649,
                        41.1431569
                    ],
                    [
                        29.0718592,
                        41.1431719
                    ],
                    [
                        29.0716926,
                        41.142317
                    ],
                    [
                        29.0720982,
                        41.142241
                    ],
                    [
                        29.0721079,
                        41.1419013
                    ],
                    [
                        29.0732706,
                        41.1416501
                    ],
                    [
                        29.073194,
                        41.1412406
                    ],
                    [
                        29.0736191,
                        41.1411369
                    ],
                    [
                        29.073726,
                        41.1413433
                    ],
                    [
                        29.07647,
                        41.140805
                    ],
                    [
                        29.07714,
                        41.140536
                    ],
                    [
                        29.0770613,
                        41.1403741
                    ],
                    [
                        29.0773617,
                        41.1401964
                    ],
                    [
                        29.078978,
                        41.139605
                    ],
                    [
                        29.0811312,
                        41.1398967
                    ],
                    [
                        29.0834657,
                        41.1404397
                    ],
                    [
                        29.07897,
                        41.139348
                    ],
                    [
                        29.0781771,
                        41.1389197
                    ],
                    [
                        29.0788852,
                        41.1384268
                    ],
                    [
                        29.0791212,
                        41.1385561
                    ],
                    [
                        29.0793413,
                        41.1383989
                    ],
                    [
                        29.0791963,
                        41.1383299
                    ],
                    [
                        29.0793251,
                        41.1382329
                    ],
                    [
                        29.0795396,
                        41.1382572
                    ],
                    [
                        29.079608,
                        41.138053
                    ],
                    [
                        29.0794516,
                        41.1378427
                    ],
                    [
                        29.0795803,
                        41.1376488
                    ],
                    [
                        29.0793915,
                        41.1373902
                    ],
                    [
                        29.0803528,
                        41.1368472
                    ],
                    [
                        29.0805244,
                        41.1370218
                    ],
                    [
                        29.0809364,
                        41.1368602
                    ],
                    [
                        29.0812969,
                        41.1371058
                    ],
                    [
                        29.0823269,
                        41.1368925
                    ],
                    [
                        29.0834577,
                        41.1372036
                    ],
                    [
                        29.0858196,
                        41.1368213
                    ],
                    [
                        29.0871419,
                        41.136383
                    ],
                    [
                        29.0887818,
                        41.1353368
                    ],
                    [
                        29.0899581,
                        41.1347139
                    ],
                    [
                        29.0901728,
                        41.1347487
                    ],
                    [
                        29.0900552,
                        41.1343901
                    ],
                    [
                        29.0904117,
                        41.1343048
                    ],
                    [
                        29.0905414,
                        41.134636
                    ],
                    [
                        29.0908925,
                        41.1346397
                    ],
                    [
                        29.0915494,
                        41.1342807
                    ],
                    [
                        29.0917305,
                        41.1332891
                    ],
                    [
                        29.0916038,
                        41.1323538
                    ],
                    [
                        29.092398,
                        41.131101
                    ],
                    [
                        29.0932681,
                        41.1302779
                    ],
                    [
                        29.0929073,
                        41.1301426
                    ],
                    [
                        29.0939303,
                        41.1287783
                    ],
                    [
                        29.0941339,
                        41.1288884
                    ],
                    [
                        29.0941462,
                        41.129104
                    ],
                    [
                        29.0939608,
                        41.1290195
                    ],
                    [
                        29.0931619,
                        41.1299867
                    ],
                    [
                        29.0935381,
                        41.1302454
                    ],
                    [
                        29.0949454,
                        41.1287185
                    ],
                    [
                        29.0950102,
                        41.1284435
                    ],
                    [
                        29.0947553,
                        41.1282981
                    ],
                    [
                        29.095212,
                        41.1278069
                    ],
                    [
                        29.0953919,
                        41.1279004
                    ],
                    [
                        29.0969144,
                        41.1266343
                    ],
                    [
                        29.0965819,
                        41.1265525
                    ],
                    [
                        29.0964586,
                        41.1266858
                    ],
                    [
                        29.0965806,
                        41.1263686
                    ],
                    [
                        29.0969858,
                        41.1265704
                    ],
                    [
                        29.0973008,
                        41.1261726
                    ],
                    [
                        29.097218,
                        41.125926
                    ],
                    [
                        29.0974807,
                        41.1253807
                    ],
                    [
                        29.097278,
                        41.1253554
                    ],
                    [
                        29.0973584,
                        41.1251048
                    ],
                    [
                        29.0973249,
                        41.12532
                    ],
                    [
                        29.0976119,
                        41.1253604
                    ],
                    [
                        29.097715,
                        41.1246541
                    ],
                    [
                        29.0975833,
                        41.1241623
                    ],
                    [
                        29.0974702,
                        41.1239295
                    ],
                    [
                        29.0970571,
                        41.1237088
                    ],
                    [
                        29.0971145,
                        41.1234516
                    ],
                    [
                        29.0977997,
                        41.1229641
                    ],
                    [
                        29.0975086,
                        41.1217175
                    ],
                    [
                        29.0972686,
                        41.121773
                    ],
                    [
                        29.0972364,
                        41.1216387
                    ],
                    [
                        29.0974684,
                        41.1216417
                    ],
                    [
                        29.0974161,
                        41.1214063
                    ],
                    [
                        29.0972471,
                        41.1214316
                    ],
                    [
                        29.0969125,
                        41.1204462
                    ],
                    [
                        29.0969923,
                        41.1206244
                    ],
                    [
                        29.0972646,
                        41.1205819
                    ],
                    [
                        29.097003,
                        41.1201
                    ],
                    [
                        29.0968126,
                        41.1200636
                    ],
                    [
                        29.0969011,
                        41.1197702
                    ],
                    [
                        29.0965913,
                        41.119314
                    ],
                    [
                        29.0965997,
                        41.118429
                    ],
                    [
                        29.0961273,
                        41.1177349
                    ],
                    [
                        29.0948284,
                        41.1169068
                    ],
                    [
                        29.0947312,
                        41.1169882
                    ],
                    [
                        29.0934233,
                        41.1165096
                    ],
                    [
                        29.0933375,
                        41.1168762
                    ],
                    [
                        29.093068,
                        41.1168404
                    ],
                    [
                        29.0931789,
                        41.1163727
                    ],
                    [
                        29.0915006,
                        41.1160427
                    ],
                    [
                        29.0914193,
                        41.1162971
                    ],
                    [
                        29.0911881,
                        41.1162598
                    ],
                    [
                        29.0913902,
                        41.1159645
                    ],
                    [
                        29.0910859,
                        41.1159199
                    ],
                    [
                        29.0909825,
                        41.1162465
                    ],
                    [
                        29.0900713,
                        41.1160826
                    ],
                    [
                        29.0901813,
                        41.115756
                    ],
                    [
                        29.0897185,
                        41.1156835
                    ],
                    [
                        29.089627,
                        41.1154867
                    ],
                    [
                        29.087773,
                        41.115046
                    ],
                    [
                        29.0869564,
                        41.1139945
                    ],
                    [
                        29.0856707,
                        41.1132386
                    ],
                    [
                        29.0836446,
                        41.1106124
                    ],
                    [
                        29.0826789,
                        41.110112
                    ],
                    [
                        29.0824408,
                        41.1097204
                    ],
                    [
                        29.0823727,
                        41.108573
                    ],
                    [
                        29.0818967,
                        41.1085612
                    ],
                    [
                        29.0818993,
                        41.1084582
                    ],
                    [
                        29.0823715,
                        41.1084737
                    ],
                    [
                        29.0823747,
                        41.1081121
                    ],
                    [
                        29.0819938,
                        41.1078419
                    ],
                    [
                        29.0818639,
                        41.1074055
                    ],
                    [
                        29.0814671,
                        41.1071107
                    ],
                    [
                        29.0794324,
                        41.1076705
                    ],
                    [
                        29.0778621,
                        41.1077056
                    ],
                    [
                        29.0767714,
                        41.1071138
                    ],
                    [
                        29.0758293,
                        41.107057
                    ],
                    [
                        29.0758523,
                        41.1069397
                    ],
                    [
                        29.074701,
                        41.106725
                    ],
                    [
                        29.0735939,
                        41.1070514
                    ],
                    [
                        29.073226,
                        41.1070179
                    ],
                    [
                        29.0722722,
                        41.1066174
                    ],
                    [
                        29.0706191,
                        41.1053714
                    ],
                    [
                        29.0688906,
                        41.1045846
                    ],
                    [
                        29.066174,
                        41.1027446
                    ],
                    [
                        29.0658619,
                        41.1018541
                    ],
                    [
                        29.0659338,
                        41.1010541
                    ],
                    [
                        29.065299,
                        41.1000648
                    ],
                    [
                        29.0650915,
                        41.0991764
                    ],
                    [
                        29.0643731,
                        41.0977684
                    ],
                    [
                        29.0650719,
                        41.0956239
                    ],
                    [
                        29.066205,
                        41.095039
                    ],
                    [
                        29.067252,
                        41.0947507
                    ],
                    [
                        29.0674665,
                        41.0944014
                    ],
                    [
                        29.0668571,
                        41.0938904
                    ],
                    [
                        29.0657499,
                        41.0936899
                    ],
                    [
                        29.0655869,
                        41.0930172
                    ],
                    [
                        29.0656298,
                        41.092422
                    ],
                    [
                        29.0658358,
                        41.0920533
                    ],
                    [
                        29.066273,
                        41.091829
                    ],
                    [
                        29.066281,
                        41.0915823
                    ],
                    [
                        29.0659033,
                        41.088943
                    ],
                    [
                        29.0657059,
                        41.0884255
                    ],
                    [
                        29.0660921,
                        41.0879533
                    ],
                    [
                        29.0662021,
                        41.0868099
                    ],
                    [
                        29.0669161,
                        41.0851068
                    ],
                    [
                        29.0666879,
                        41.083337
                    ],
                    [
                        29.0664864,
                        41.0831904
                    ],
                    [
                        29.0666032,
                        41.082922
                    ],
                    [
                        29.0659591,
                        41.0819693
                    ],
                    [
                        29.0662994,
                        41.0814376
                    ],
                    [
                        29.0662404,
                        41.0811042
                    ],
                    [
                        29.0656115,
                        41.0809145
                    ],
                    [
                        29.0652049,
                        41.0805191
                    ],
                    [
                        29.0651223,
                        41.07985
                    ],
                    [
                        29.0648843,
                        41.0797035
                    ],
                    [
                        29.0652561,
                        41.0793757
                    ],
                    [
                        29.06489,
                        41.0793755
                    ],
                    [
                        29.0652353,
                        41.0793371
                    ],
                    [
                        29.0642707,
                        41.0781422
                    ],
                    [
                        29.0643017,
                        41.0777076
                    ],
                    [
                        29.0644925,
                        41.077533
                    ],
                    [
                        29.063693,
                        41.0763721
                    ],
                    [
                        29.0625512,
                        41.0763546
                    ],
                    [
                        29.0624951,
                        41.0760852
                    ],
                    [
                        29.0622769,
                        41.0760274
                    ],
                    [
                        29.0622545,
                        41.0761752
                    ],
                    [
                        29.062044,
                        41.0761721
                    ],
                    [
                        29.061063,
                        41.0754449
                    ],
                    [
                        29.061147,
                        41.075322
                    ],
                    [
                        29.0610292,
                        41.0754267
                    ],
                    [
                        29.0590568,
                        41.0746517
                    ],
                    [
                        29.0583299,
                        41.0744696
                    ],
                    [
                        29.0582947,
                        41.0746611
                    ],
                    [
                        29.0580532,
                        41.0745965
                    ],
                    [
                        29.0581701,
                        41.0744286
                    ],
                    [
                        29.0560248,
                        41.0743599
                    ],
                    [
                        29.055741,
                        41.0741715
                    ],
                    [
                        29.0553974,
                        41.0734638
                    ],
                    [
                        29.0555884,
                        41.072154
                    ],
                    [
                        29.0561236,
                        41.0706076
                    ],
                    [
                        29.0565285,
                        41.0702479
                    ],
                    [
                        29.0566949,
                        41.0693773
                    ],
                    [
                        29.0571431,
                        41.0685778
                    ],
                    [
                        29.0567742,
                        41.0676054
                    ],
                    [
                        29.0569776,
                        41.0671866
                    ],
                    [
                        29.0569597,
                        41.0664207
                    ],
                    [
                        29.0558611,
                        41.0653076
                    ],
                    [
                        29.054178,
                        41.063038
                    ],
                    [
                        29.0537325,
                        41.0626025
                    ],
                    [
                        29.0528141,
                        41.0620978
                    ],
                    [
                        29.0524193,
                        41.0615024
                    ],
                    [
                        29.0524794,
                        41.0607128
                    ],
                    [
                        29.0528227,
                        41.0598521
                    ],
                    [
                        29.0532776,
                        41.0574639
                    ],
                    [
                        29.0521704,
                        41.0559106
                    ],
                    [
                        29.0516367,
                        41.0541265
                    ],
                    [
                        29.0516245,
                        41.0536195
                    ],
                    [
                        29.0517689,
                        41.0533948
                    ],
                    [
                        29.0516864,
                        41.0527334
                    ],
                    [
                        29.0513979,
                        41.0521566
                    ],
                    [
                        29.0515054,
                        41.0511116
                    ],
                    [
                        29.0513584,
                        41.0510521
                    ],
                    [
                        29.0514572,
                        41.0509261
                    ],
                    [
                        29.0516743,
                        41.0510154
                    ],
                    [
                        29.052385,
                        41.0504219
                    ],
                    [
                        29.052179,
                        41.0499106
                    ],
                    [
                        29.0525495,
                        41.0496678
                    ],
                    [
                        29.052588,
                        41.0494417
                    ],
                    [
                        29.0521506,
                        41.0490634
                    ],
                    [
                        29.0523378,
                        41.0485591
                    ],
                    [
                        29.0521167,
                        41.0482385
                    ],
                    [
                        29.0507534,
                        41.0475487
                    ],
                    [
                        29.0494535,
                        41.0472965
                    ],
                    [
                        29.0494674,
                        41.0471465
                    ],
                    [
                        29.045833,
                        41.045473
                    ],
                    [
                        29.0456332,
                        41.0455063
                    ],
                    [
                        29.0453085,
                        41.045209
                    ],
                    [
                        29.043818,
                        41.0446399
                    ],
                    [
                        29.043116,
                        41.0440161
                    ],
                    [
                        29.0407125,
                        41.0434801
                    ],
                    [
                        29.0369461,
                        41.0413576
                    ],
                    [
                        29.0374945,
                        41.0416129
                    ],
                    [
                        29.0376304,
                        41.0414907
                    ],
                    [
                        29.0370565,
                        41.0412493
                    ],
                    [
                        29.0353304,
                        41.0399482
                    ],
                    [
                        29.0334951,
                        41.0393199
                    ],
                    [
                        29.0328022,
                        41.0387346
                    ],
                    [
                        29.0315999,
                        41.0384123
                    ],
                    [
                        29.030136,
                        41.0371973
                    ],
                    [
                        29.0297807,
                        41.0369713
                    ],
                    [
                        29.029555,
                        41.0370124
                    ],
                    [
                        29.029621,
                        41.0368648
                    ],
                    [
                        29.0293654,
                        41.0366756
                    ],
                    [
                        29.0275398,
                        41.0358741
                    ],
                    [
                        29.0222102,
                        41.0320034
                    ],
                    [
                        29.0217672,
                        41.031862
                    ],
                    [
                        29.0217688,
                        41.032057
                    ],
                    [
                        29.0214676,
                        41.0319499
                    ],
                    [
                        29.0216607,
                        41.0318293
                    ],
                    [
                        29.021005,
                        41.0315902
                    ],
                    [
                        29.0200951,
                        41.0315505
                    ],
                    [
                        29.017537,
                        41.0299596
                    ],
                    [
                        29.0162899,
                        41.0287502
                    ],
                    [
                        29.0161079,
                        41.0283142
                    ],
                    [
                        29.0155857,
                        41.0279547
                    ],
                    [
                        29.0153843,
                        41.0282226
                    ],
                    [
                        29.0146423,
                        41.0274121
                    ],
                    [
                        29.0147844,
                        41.0273216
                    ],
                    [
                        29.0137916,
                        41.0268088
                    ],
                    [
                        29.0132985,
                        41.0262248
                    ],
                    [
                        29.0126905,
                        41.0260605
                    ],
                    [
                        29.0116781,
                        41.0261994
                    ],
                    [
                        29.0095189,
                        41.0259551
                    ],
                    [
                        29.0084258,
                        41.0250866
                    ],
                    [
                        29.006788,
                        41.0230991
                    ],
                    [
                        29.0063673,
                        41.0223138
                    ],
                    [
                        29.0065435,
                        41.0214671
                    ],
                    [
                        29.0075127,
                        41.0200835
                    ],
                    [
                        29.0086212,
                        41.0192273
                    ],
                    [
                        29.0086604,
                        41.0188322
                    ],
                    [
                        29.0084867,
                        41.018751
                    ],
                    [
                        29.0086604,
                        41.0187085
                    ],
                    [
                        29.0086259,
                        41.0180631
                    ],
                    [
                        29.0082473,
                        41.0180759
                    ],
                    [
                        29.008126,
                        41.0185256
                    ],
                    [
                        29.0083257,
                        41.0186986
                    ],
                    [
                        29.007948,
                        41.018595
                    ],
                    [
                        29.0080218,
                        41.0182655
                    ],
                    [
                        29.0085234,
                        41.0176194
                    ],
                    [
                        29.0095898,
                        41.0169622
                    ],
                    [
                        29.010313,
                        41.0160759
                    ],
                    [
                        29.0106736,
                        41.0152656
                    ],
                    [
                        29.0111505,
                        41.0129903
                    ],
                    [
                        29.0100303,
                        41.013191
                    ],
                    [
                        29.0094428,
                        41.0138767
                    ],
                    [
                        29.0100349,
                        41.0130004
                    ],
                    [
                        29.0106172,
                        41.0128293
                    ],
                    [
                        29.0110146,
                        41.0123251
                    ],
                    [
                        29.0104653,
                        41.0112112
                    ],
                    [
                        29.0099946,
                        41.0110059
                    ],
                    [
                        29.0098988,
                        41.0107643
                    ],
                    [
                        29.008896,
                        41.0109117
                    ],
                    [
                        29.0100515,
                        41.0104624
                    ],
                    [
                        29.0097866,
                        41.0099243
                    ],
                    [
                        29.0100344,
                        41.0095251
                    ],
                    [
                        29.0098428,
                        41.009463
                    ],
                    [
                        29.0095545,
                        41.0096293
                    ],
                    [
                        29.009829,
                        41.0092283
                    ],
                    [
                        29.0096267,
                        41.0091578
                    ],
                    [
                        29.0093706,
                        41.0093614
                    ],
                    [
                        29.0091609,
                        41.0092061
                    ],
                    [
                        29.008087,
                        41.0095183
                    ],
                    [
                        29.007199,
                        41.0109158
                    ],
                    [
                        29.0068601,
                        41.0109525
                    ],
                    [
                        29.0075788,
                        41.0098223
                    ],
                    [
                        29.0073,
                        41.0096975
                    ],
                    [
                        29.0074105,
                        41.0095001
                    ],
                    [
                        29.0091757,
                        41.0090004
                    ],
                    [
                        29.0103569,
                        41.0072237
                    ],
                    [
                        29.0102347,
                        41.0071007
                    ],
                    [
                        29.0067059,
                        41.0074352
                    ],
                    [
                        29.0066612,
                        41.0073035
                    ],
                    [
                        29.0083587,
                        41.0048587
                    ],
                    [
                        29.01244,
                        41.0044517
                    ],
                    [
                        29.0124275,
                        41.004262
                    ],
                    [
                        29.0134669,
                        41.0026265
                    ],
                    [
                        29.0133872,
                        41.0025344
                    ],
                    [
                        29.0104854,
                        41.0028165
                    ],
                    [
                        29.0103433,
                        41.0026696
                    ],
                    [
                        29.0115514,
                        41.0008972
                    ],
                    [
                        29.015483,
                        41.0005265
                    ],
                    [
                        29.016554234415583,
                        40.9995
                    ],
                    [
                        28.999332403790877,
                        40.9995
                    ],
                    [
                        28.999332403790877,
                        41.03822599983354
                    ],
                    [
                        29.0053887,
                        41.0400306
                    ],
                    [
                        29.0055722,
                        41.0398899
                    ],
                    [
                        29.0057803,
                        41.0400496
                    ],
                    [
                        29.0055551,
                        41.0402187
                    ],
                    [
                        29.0060069,
                        41.0405712
                    ],
                    [
                        29.0061336,
                        41.0404932
                    ],
                    [
                        29.0063153,
                        41.0408092
                    ],
                    [
                        29.0064333,
                        41.0407144
                    ],
                    [
                        29.0071999,
                        41.040969
                    ],
                    [
                        29.0072475,
                        41.0407981
                    ],
                    [
                        29.0075844,
                        41.0408515
                    ],
                    [
                        29.0074739,
                        41.0412477
                    ],
                    [
                        29.0079942,
                        41.0413569
                    ],
                    [
                        29.0080414,
                        41.0412285
                    ],
                    [
                        29.0082745,
                        41.0412749
                    ],
                    [
                        29.0083314,
                        41.0410779
                    ],
                    [
                        29.0100562,
                        41.041298
                    ],
                    [
                        29.0106168,
                        41.041472
                    ],
                    [
                        29.0104023,
                        41.0416404
                    ],
                    [
                        29.0108552,
                        41.0417961
                    ],
                    [
                        29.0109662,
                        41.0416033
                    ],
                    [
                        29.012833,
                        41.0421967
                    ],
                    [
                        29.0127687,
                        41.0423049
                    ],
                    [
                        29.0130718,
                        41.0422748
                    ],
                    [
                        29.0169074,
                        41.0434987
                    ],
                    [
                        29.0168671,
                        41.0436181
                    ],
                    [
                        29.0181482,
                        41.0440435
                    ],
                    [
                        29.0180127,
                        41.0445989
                    ],
                    [
                        29.0184376,
                        41.0444728
                    ],
                    [
                        29.0196768,
                        41.04521
                    ],
                    [
                        29.024892,
                        41.0472568
                    ],
                    [
                        29.0261713,
                        41.0474649
                    ],
                    [
                        29.0268152,
                        41.0469932
                    ],
                    [
                        29.0275564,
                        41.0470943
                    ],
                    [
                        29.0285837,
                        41.048358
                    ],
                    [
                        29.0311226,
                        41.0494642
                    ],
                    [
                        29.0323365,
                        41.0495433
                    ],
                    [
                        29.0329664,
                        41.0499364
                    ],
                    [
                        29.0344119,
                        41.0526637
                    ],
                    [
                        29.0345191,
                        41.052638
                    ],
                    [
                        29.0359656,
                        41.0560595
                    ],
                    [
                        29.0360342,
                        41.0570432
                    ],
                    [
                        29.036586,
                        41.059498
                    ],
                    [
                        29.0369437,
                        41.0598218
                    ],
                    [
                        29.0371609,
                        41.059694
                    ],
                    [
                        29.0372888,
                        41.0598361
                    ],
                    [
                        29.0371276,
                        41.060092
                    ],
                    [
                        29.0377958,
                        41.0609837
                    ],
                    [
                        29.0392746,
                        41.0617888
                    ],
                    [
                        29.0407865,
                        41.0628895
                    ],
                    [
                        29.0413264,
                        41.0654323
                    ],
                    [
                        29.0417467,
                        41.066073
                    ],
                    [
                        29.0423491,
                        41.0664913
                    ],
                    [
                        29.0422707,
                        41.0667627
                    ],
                    [
                        29.0431128,
                        41.0671222
                    ],
                    [
                        29.0432816,
                        41.066763
                    ],
                    [
                        29.0435385,
                        41.0668062
                    ],
                    [
                        29.0437653,
                        41.0671935
                    ],
                    [
                        29.0454138,
                        41.0675602
                    ],
                    [
                        29.0456023,
                        41.0674013
                    ],
                    [
                        29.046376,
                        41.0678914
                    ],
                    [
                        29.0464037,
                        41.0693474
                    ],
                    [
                        29.0452737,
                        41.0711815
                    ],
                    [
                        29.0450802,
                        41.0723166
                    ],
                    [
                        29.044816,
                        41.0728958
                    ],
                    [
                        29.044995,
                        41.0729522
                    ],
                    [
                        29.0449306,
                        41.0732242
                    ],
                    [
                        29.0440724,
                        41.0750007
                    ],
                    [
                        29.0443004,
                        41.0753792
                    ],
                    [
                        29.0442739,
                        41.0762487
                    ],
                    [
                        29.0445886,
                        41.0763839
                    ],
                    [
                        29.0444195,
                        41.0763877
                    ],
                    [
                        29.0444873,
                        41.0768077
                    ],
                    [
                        29.0441866,
                        41.077233
                    ],
                    [
                        29.0444714,
                        41.0778666
                    ],
                    [
                        29.0449819,
                        41.0781919
                    ],
                    [
                        29.0453707,
                        41.0780904
                    ],
                    [
                        29.0457283,
                        41.0782213
                    ],
                    [
                        29.0458076,
                        41.0785646
                    ],
                    [
                        29.0465763,
                        41.0790933
                    ],
                    [
                        29.0483891,
                        41.0792354
                    ],
                    [
                        29.0510242,
                        41.0799231
                    ],
                    [
                        29.052189,
                        41.0799518
                    ],
                    [
                        29.0539466,
                        41.0806289
                    ],
                    [
                        29.0558382,
                        41.0816432
                    ],
                    [
                        29.0568428,
                        41.0829469
                    ],
                    [
                        29.0572886,
                        41.0864314
                    ],
                    [
                        29.0569291,
                        41.088029
                    ],
                    [
                        29.057049,
                        41.0882401
                    ],
                    [
                        29.056915,
                        41.0882635
                    ],
                    [
                        29.0571711,
                        41.0886695
                    ],
                    [
                        29.0569107,
                        41.089884
                    ],
                    [
                        29.057102,
                        41.090318
                    ],
                    [
                        29.0566437,
                        41.0915488
                    ],
                    [
                        29.055492,
                        41.0924297
                    ],
                    [
                        29.0545565,
                        41.0936846
                    ],
                    [
                        29.0540054,
                        41.0948485
                    ],
                    [
                        29.0541169,
                        41.0969313
                    ],
                    [
                        29.0545289,
                        41.0970801
                    ],
                    [
                        29.0546405,
                        41.0974811
                    ],
                    [
                        29.0545118,
                        41.0979339
                    ],
                    [
                        29.0540444,
                        41.0981444
                    ],
                    [
                        29.053534,
                        41.0989294
                    ],
                    [
                        29.0544663,
                        41.09939
                    ],
                    [
                        29.0547118,
                        41.0997085
                    ],
                    [
                        29.0551232,
                        41.1006274
                    ],
                    [
                        29.0551845,
                        41.1017392
                    ],
                    [
                        29.0557257,
                        41.1021492
                    ],
                    [
                        29.0559086,
                        41.1027402
                    ],
                    [
                        29.0560732,
                        41.1029539
                    ],
                    [
                        29.0562092,
                        41.1029182
                    ],
                    [
                        29.056197,
                        41.1030929
                    ],
                    [
                        29.0566516,
                        41.1035582
                    ],
                    [
                        29.0568958,
                        41.1048115
                    ],
                    [
                        29.057286,
                        41.1052423
                    ],
                    [
                        29.0576213,
                        41.106544
                    ],
                    [
                        29.0582847,
                        41.1077355
                    ],
                    [
                        29.0590669,
                        41.1081344
                    ],
                    [
                        29.0593579,
                        41.1093226
                    ],
                    [
                        29.0585209,
                        41.1103081
                    ],
                    [
                        29.0584714,
                        41.1126837
                    ],
                    [
                        29.0575223,
                        41.1133634
                    ],
                    [
                        29.0576907,
                        41.1134941
                    ],
                    [
                        29.0574464,
                        41.1136336
                    ],
                    [
                        29.0572852,
                        41.113519
                    ],
                    [
                        29.0565236,
                        41.1135708
                    ],
                    [
                        29.0554143,
                        41.1132303
                    ],
                    [
                        29.0543942,
                        41.1135274
                    ],
                    [
                        29.0543508,
                        41.1137722
                    ],
                    [
                        29.0545703,
                        41.1141634
                    ],
                    [
                        29.0548621,
                        41.114303
                    ],
                    [
                        29.0563394,
                        41.114851
                    ],
                    [
                        29.0571567,
                        41.1149429
                    ],
                    [
                        29.0578495,
                        41.1147645
                    ],
                    [
                        29.0610516,
                        41.1132171
                    ],
                    [
                        29.0617587,
                        41.1131254
                    ],
                    [
                        29.0634415,
                        41.1149106
                    ],
                    [
                        29.0644658,
                        41.1166723
                    ],
                    [
                        29.0647324,
                        41.116682
                    ],
                    [
                        29.0660541,
                        41.1173034
                    ],
                    [
                        29.0663327,
                        41.117613
                    ],
                    [
                        29.0671536,
                        41.1178919
                    ],
                    [
                        29.0697888,
                        41.119646
                    ],
                    [
                        29.0704541,
                        41.1204023
                    ],
                    [
                        29.0709311,
                        41.1215948
                    ],
                    [
                        29.071195,
                        41.1217127
                    ],
                    [
                        29.0708042,
                        41.1218585
                    ],
                    [
                        29.0711255,
                        41.1221795
                    ],
                    [
                        29.0713999,
                        41.1221982
                    ],
                    [
                        29.0718838,
                        41.1232815
                    ],
                    [
                        29.0716977,
                        41.1245372
                    ],
                    [
                        29.0714412,
                        41.1250887
                    ],
                    [
                        29.0711393,
                        41.1250171
                    ],
                    [
                        29.0709104,
                        41.1256434
                    ],
                    [
                        29.0712344,
                        41.1257701
                    ],
                    [
                        29.0710538,
                        41.1259996
                    ],
                    [
                        29.0708497,
                        41.125983
                    ],
                    [
                        29.0703554,
                        41.1267541
                    ],
                    [
                        29.070428,
                        41.126983
                    ],
                    [
                        29.0701664,
                        41.1273616
                    ],
                    [
                        29.0680507,
                        41.1282076
                    ],
                    [
                        29.067306,
                        41.1287163
                    ],
                    [
                        29.0660402,
                        41.1290646
                    ],
                    [
                        29.0655055,
                        41.1296497
                    ],
                    [
                        29.0639734,
                        41.1306145
                    ],
                    [
                        29.0631683,
                        41.1325432
                    ],
                    [
                        29.0625152,
                        41.1332216
                    ],
                    [
                        29.0624984,
                        41.1341369
                    ],
                    [
                        29.0610878,
                        41.1357071
                    ],
                    [
                        29.060204,
                        41.135705
                    ],
                    [
                        29.0592251,
                        41.1361993
                    ],
                    [
                        29.0587328,
                        41.1366832
                    ],
                    [
                        29.0589424,
                        41.1371276
                    ],
                    [
                        29.0584778,
                        41.1370529
                    ],
                    [
                        29.0581841,
                        41.1371723
                    ],
                    [
                        29.057966,
                        41.1370398
                    ],
                    [
                        29.0545061,
                        41.1383065
                    ],
                    [
                        29.0542289,
                        41.1385837
                    ],
                    [
                        29.054222,
                        41.1388838
                    ],
                    [
                        29.0545358,
                        41.1391214
                    ],
                    [
                        29.0573678,
                        41.1390425
                    ],
                    [
                        29.0579373,
                        41.1393509
                    ],
                    [
                        29.0579745,
                        41.1396613
                    ],
                    [
                        29.0564385,
                        41.1421524
                    ],
                    [
                        29.055556,
                        41.1426682
                    ],
                    [
                        29.0557089,
                        41.1434854
                    ],
                    [
                        29.0556272,
                        41.1438724
                    ],
                    [
                        29.0544174,
                        41.1448431
                    ],
                    [
                        29.0530526,
                        41.1463555
                    ],
                    [
                        29.0524003,
                        41.1469566
                    ],
                    [
                        29.0508296,
                        41.1476094
                    ],
                    [
                        29.0504212,
                        41.1480189
                    ],
                    [
                        29.0464435,
                        41.1487572
                    ],
                    [
                        29.0453691,
                        41.1491925
                    ],
                    [
                        29.0455228,
                        41.1493732
                    ],
                    [
                        29.0448609,
                        41.149802
                    ],
                    [
                        29.044581,
                        41.1497491
                    ],
                    [
                        29.0448113,
                        41.1497719
                    ],
                    [
                        29.045469,
                        41.149367
                    ],
                    [
                        29.0452946,
                        41.1492342
                    ],
                    [
                        29.0445203,
                        41.149686
                    ],
                    [
                        29.0437682,
                        41.15026
                    ],
                    [
                        29.04142,
                        41.1529212
                    ],
                    [
                        29.0381573,
                        41.1537338
                    ],
                    [
                        29.03682,
                        41.1546532
                    ],
                    [
                        29.0365558,
                        41.1554235
                    ],
                    [
                        29.0382222,
                        41.1557243
                    ],
                    [
                        29.036593,
                        41.1555201
                    ],
                    [
                        29.0365096,
                        41.1558132
                    ],
                    [
                        29.0361651,
                        41.1557183
                    ],
                    [
                        29.0362883,
                        41.1562306
                    ],
                    [
                        29.0364665,
                        41.1559154
                    ],
                    [
                        29.0365315,
                        41.1563334
                    ],
                    [
                        29.0363192,
                        41.1563697
                    ],
                    [
                        29.0363909,
                        41.1567372
                    ],
                    [
                        29.0378488,
                        41.1578463
                    ],
                    [
                        29.0385895,
                        41.1581964
                    ],
                    [
                        29.0388864,
                        41.1582992
                    ],
                    [
                        29.0389404,
                        41.1578843
                    ],
                    [
                        29.0390742,
                        41.1578968
                    ],
                    [
                        29.038984,
                        41.1583299
                    ],
                    [
                        29.042784,
                        41.1593588
                    ],
                    [
                        29.043983,
                        41.159837
                    ],
                    [
                        29.0440932,
                        41.1596585
                    ],
                    [
                        29.0439387,
                        41.159536
                    ],
                    [
                        29.0441828,
                        41.1596377
                    ],
                    [
                        29.0440374,
                        41.1598612
                    ],
                    [
                        29.046073,
                        41.1607698
                    ],
                    [
                        29.0461661,
                        41.1606602
                    ],
                    [
                        29.0463832,
                        41.1607592
                    ],
                    [
                        29.046297,
                        41.1608704
                    ],
                    [
                        29.04737,
                        41.1615707
                    ],
                    [
                        29.0483837,
                        41.1628088
                    ],
                    [
                        29.0488872,
                        41.1631441
                    ],
                    [
                        29.0496276,
                        41.1633164
                    ],
                    [
                        29.0495711,
                        41.1634399
                    ],
                    [
                        29.0505597,
                        41.1636786
                    ],
                    [
                        29.051774,
                        41.1647553
                    ],
                    [
                        29.0554131,
                        41.1652474
                    ],
                    [
                        29.056003,
                        41.1653694
                    ],
                    [
                        29.0566571,
                        41.1658771
                    ],
                    [
                        29.0570347,
                        41.1657578
                    ],
                    [
                        29.0576087,
                        41.1663137
                    ],
                    [
                        29.0574124,
                        41.1664149
                    ],
                    [
                        29.0577132,
                        41.1674808
                    ],
                    [
                        29.0581438,
                        41.1681313
                    ],
                    [
                        29.0579546,
                        41.1685824
                    ],
                    [
                        29.0581564,
                        41.1688852
                    ],
                    [
                        29.0586486,
                        41.1686876
                    ],
                    [
                        29.0589506,
                        41.1691515
                    ],
                    [
                        29.0586053,
                        41.1693003
                    ],
                    [
                        29.0604421,
                        41.1706402
                    ],
                    [
                        29.0616717,
                        41.1711875
                    ],
                    [
                        29.0633322,
                        41.1714885
                    ],
                    [
                        29.0640905,
                        41.1719233
                    ],
                    [
                        29.0662481,
                        41.1721351
                    ],
                    [
                        29.0677959,
                        41.1725072
                    ],
                    [
                        29.0684909,
                        41.1730082
                    ],
                    [
                        29.0699264,
                        41.1735229
                    ],
                    [
                        29.0719353,
                        41.1748527
                    ],
                    [
                        29.0727073,
                        41.1750224
                    ],
                    [
                        29.0731263,
                        41.1755314
                    ],
                    [
                        29.0733258,
                        41.1764031
                    ],
                    [
                        29.0738725,
                        41.1772741
                    ],
                    [
                        29.0740125,
                        41.1786384
                    ],
                    [
                        29.0739395,
                        41.1797404
                    ],
                    [
                        29.0737274,
                        41.1798115
                    ],
                    [
                        29.0738494,
                        41.1808707
                    ],
                    [
                        29.0739678,
                        41.1810014
                    ],
                    [
                        29.0742807,
                        41.1808618
                    ],
                    [
                        29.0740468,
                        41.1803887
                    ],
                    [
                        29.0741611,
                        41.1803737
                    ],
                    [
                        29.0741686,
                        41.1796944
                    ],
                    [
                        29.0742056,
                        41.180429
                    ],
                    [
                        29.0747128,
                        41.181227
                    ],
                    [
                        29.0748203,
                        41.1817134
                    ],
                    [
                        29.0751486,
                        41.1815907
                    ],
                    [
                        29.075231,
                        41.1816868
                    ],
                    [
                        29.0750658,
                        41.1817579
                    ],
                    [
                        29.0753101,
                        41.1821045
                    ],
                    [
                        29.075238,
                        41.1822153
                    ],
                    [
                        29.0754521,
                        41.1822144
                    ],
                    [
                        29.0752777,
                        41.1822398
                    ],
                    [
                        29.0753772,
                        41.1828696
                    ],
                    [
                        29.0762441,
                        41.1832701
                    ],
                    [
                        29.0766046,
                        41.1844651
                    ],
                    [
                        29.0772246,
                        41.1855276
                    ],
                    [
                        29.0775016,
                        41.1857376
                    ],
                    [
                        29.0777988,
                        41.1857353
                    ],
                    [
                        29.0784169,
                        41.1862481
                    ],
                    [
                        29.0787404,
                        41.1860388
                    ],
                    [
                        29.0788306,
                        41.186103
                    ],
                    [
                        29.0786567,
                        41.1862299
                    ],
                    [
                        29.0790767,
                        41.1867171
                    ],
                    [
                        29.0792966,
                        41.1867047
                    ],
                    [
                        29.0794749,
                        41.186954
                    ],
                    [
                        29.0799458,
                        41.1869009
                    ],
                    [
                        29.0799358,
                        41.187076
                    ],
                    [
                        29.0804216,
                        41.1875107
                    ],
                    [
                        29.0807457,
                        41.1874384
                    ],
                    [
                        29.0806724,
                        41.1875814
                    ],
                    [
                        29.0810554,
                        41.187816
                    ],
                    [
                        29.0815523,
                        41.1875721
                    ],
                    [
                        29.0813791,
                        41.1877324
                    ],
                    [
                        29.0815707,
                        41.1884702
                    ],
                    [
                        29.0823197,
                        41.1888707
                    ],
                    [
                        29.0833581,
                        41.1898615
                    ],
                    [
                        29.0838311,
                        41.1908645
                    ],
                    [
                        29.0841249,
                        41.1909355
                    ],
                    [
                        29.0840574,
                        41.1911534
                    ],
                    [
                        29.0853645,
                        41.1923667
                    ],
                    [
                        29.0861735,
                        41.1936565
                    ],
                    [
                        29.0868145,
                        41.1941894
                    ],
                    [
                        29.0878948,
                        41.195696
                    ],
                    [
                        29.0884734,
                        41.1962198
                    ],
                    [
                        29.0886966,
                        41.1972205
                    ],
                    [
                        29.0897817,
                        41.1983947
                    ],
                    [
                        29.0902642,
                        41.1986566
                    ],
                    [
                        29.091431,
                        41.2003617
                    ],
                    [
                        29.0918079,
                        41.200452
                    ],
                    [
                        29.0920215,
                        41.2007717
                    ],
                    [
                        29.0932602,
                        41.2015177
                    ],
                    [
                        29.0940453,
                        41.2016676
                    ],
                    [
                        29.0943285,
                        41.2014419
                    ],
                    [
                        29.0942342,
                        41.201613
                    ],
                    [
                        29.094838,
                        41.2020355
                    ],
                    [
                        29.0958655,
                        41.2024943
                    ],
                    [
                        29.0968594,
                        41.2024763
                    ],
                    [
                        29.0978292,
                        41.2028664
                    ],
                    [
                        29.0977188,
                        41.2035636
                    ],
                    [
                        29.0982037,
                        41.2038995
                    ],
                    [
                        29.0982885,
                        41.2044787
                    ],
                    [
                        29.0986455,
                        41.2050555
                    ],
                    [
                        29.1001675,
                        41.2060705
                    ],
                    [
                        29.1014734,
                        41.2062656
                    ],
                    [
                        29.1020352,
                        41.2061066
                    ],
                    [
                        29.1026785,
                        41.2057635
                    ],
                    [
                        29.1026881,
                        41.2055142
                    ],
                    [
                        29.1030386,
                        41.2051783
                    ],
                    [
                        29.1041269,
                        41.2052462
                    ],
                    [
                        29.1050223,
                        41.2056004
                    ],
                    [
                        29.106311,
                        41.2051582
                    ],
                    [
                        29.106695,
                        41.2056417
                    ],
                    [
                        29.1061468,
                        41.206832
                    ],
                    [
                        29.1052875,
                        41.2072222
                    ],
                    [
                        29.105204,
                        41.2075009
                    ],
                    [
                        29.1061163,
                        41.2082378
                    ],
                    [
                        29.1064764,
                        41.2087363
                    ],
                    [
                        29.1073454,
                        41.2090433
                    ],
                    [
                        29.1073742,
                        41.2093106
                    ],
                    [
                        29.1082864,
                        41.2097549
                    ],
                    [
                        29.10808,
                        41.2098127
                    ],
                    [
                        29.1091006,
                        41.2102192
                    ],
                    [
                        29.1095159,
                        41.2107027
                    ],
                    [
                        29.1093972,
                        41.2108206
                    ],
                    [
                        29.109757,
                        41.2112907
                    ],
                    [
                        29.109626,
                        41.2114738
                    ],
                    [
                        29.1103966,
                        41.2120754
                    ],
                    [
                        29.1101692,
                        41.2121368
                    ],
                    [
                        29.1104634,
                        41.2123521
                    ],
                    [
                        29.1103526,
                        41.2127766
                    ],
                    [
                        29.1110275,
                        41.2128468
                    ],
                    [
                        29.1104614,
                        41.2130598
                    ],
                    [
                        29.1096452,
                        41.2130923
                    ],
                    [
                        29.1094155,
                        41.2133943
                    ],
                    [
                        29.1094649,
                        41.2136178
                    ],
                    [
                        29.1113621,
                        41.2138958
                    ],
                    [
                        29.1117815,
                        41.2141634
                    ],
                    [
                        29.1103711,
                        41.2145561
                    ],
                    [
                        29.1092805,
                        41.2150808
                    ],
                    [
                        29.1092592,
                        41.2153004
                    ],
                    [
                        29.1094757,
                        41.2153534
                    ],
                    [
                        29.1093819,
                        41.2154985
                    ],
                    [
                        29.1096739,
                        41.2155624
                    ],
                    [
                        29.1095659,
                        41.2157222
                    ],
                    [
                        29.1082937,
                        41.2159163
                    ],
                    [
                        29.1078332,
                        41.2157726
                    ],
                    [
                        29.1075776,
                        41.2162653
                    ],
                    [
                        29.1078628,
                        41.2164241
                    ],
                    [
                        29.1076735,
                        41.2166352
                    ],
                    [
                        29.1081613,
                        41.2168552
                    ],
                    [
                        29.1075933,
                        41.2169111
                    ],
                    [
                        29.1070907,
                        41.2166502
                    ],
                    [
                        29.106774,
                        41.2168432
                    ],
                    [
                        29.1068877,
                        41.2169615
                    ],
                    [
                        29.106677,
                        41.2170408
                    ],
                    [
                        29.1067371,
                        41.217308
                    ],
                    [
                        29.1071492,
                        41.2175137
                    ],
                    [
                        29.1066683,
                        41.217727
                    ],
                    [
                        29.1068364,
                        41.2180411
                    ],
                    [
                        29.1063674,
                        41.2178037
                    ],
                    [
                        29.1060556,
                        41.2184812
                    ],
                    [
                        29.1060923,
                        41.2191484
                    ],
                    [
                        29.106347,
                        41.2194415
                    ],
                    [
                        29.1061365,
                        41.220145
                    ],
                    [
                        29.1063659,
                        41.2205782
                    ],
                    [
                        29.106375,
                        41.2211217
                    ],
                    [
                        29.1069708,
                        41.221987
                    ],
                    [
                        29.107306,
                        41.2221054
                    ],
                    [
                        29.1076646,
                        41.2225351
                    ],
                    [
                        29.1089675,
                        41.2230459
                    ],
                    [
                        29.1097166,
                        41.22291
                    ],
                    [
                        29.1095464,
                        41.2233918
                    ],
                    [
                        29.1091318,
                        41.2237789
                    ],
                    [
                        29.1080435,
                        41.2240391
                    ],
                    [
                        29.1080843,
                        41.2242561
                    ],
                    [
                        29.1083351,
                        41.2242732
                    ],
                    [
                        29.1082475,
                        41.224449
                    ],
                    [
                        29.1085244,
                        41.2248152
                    ],
                    [
                        29.1092998,
                        41.2249357
                    ],
                    [
                        29.1101567,
                        41.2254137
                    ],
                    [
                        29.1103025,
                        41.2255715
                    ],
                    [
                        29.1100081,
                        41.2260955
                    ],
                    [
                        29.1104599,
                        41.2263673
                    ],
                    [
                        29.110636,
                        41.2266728
                    ],
                    [
                        29.1113705,
                        41.2269468
                    ],
                    [
                        29.1115891,
                        41.2274817
                    ],
                    [
                        29.112449,
                        41.2280627
                    ],
                    [
                        29.1123674,
                        41.2282227
                    ],
                    [
                        29.1132156,
                        41.2286195
                    ],
                    [
                        29.1131806,
                        41.2287949
                    ],
                    [
                        29.1129154,
                        41.2287642
                    ],
                    [
                        29.1133118,
                        41.2289198
                    ],
                    [
                        29.113338,
                        41.2293714
                    ],
                    [
                        29.1139531,
                        41.2296367
                    ],
                    [
                        29.1138764,
                        41.2297653
                    ],
                    [
                        29.1132996,
                        41.2296759
                    ],
                    [
                        29.1131559,
                        41.2303292
                    ],
                    [
                        29.112355,
                        41.2303849
                    ],
                    [
                        29.1122349,
                        41.2308645
                    ],
                    [
                        29.1128736,
                        41.2309598
                    ],
                    [
                        29.1122126,
                        41.2309608
                    ],
                    [
                        29.1121015,
                        41.2313667
                    ],
                    [
                        29.1125511,
                        41.2321179
                    ],
                    [
                        29.1133377,
                        41.2319798
                    ],
                    [
                        29.112661,
                        41.2324377
                    ],
                    [
                        29.1129974,
                        41.2331817
                    ],
                    [
                        29.1132336,
                        41.2331217
                    ],
                    [
                        29.1133852,
                        41.2334589
                    ],
                    [
                        29.11306,
                        41.2335538
                    ],
                    [
                        29.1133322,
                        41.234073
                    ],
                    [
                        29.115308,
                        41.2334396
                    ],
                    [
                        29.1144724,
                        41.2317556
                    ],
                    [
                        29.1138802,
                        41.231842
                    ],
                    [
                        29.1143555,
                        41.2315729
                    ],
                    [
                        29.1146503,
                        41.2293284
                    ],
                    [
                        29.1144823,
                        41.2289563
                    ],
                    [
                        29.1147566,
                        41.2287553
                    ],
                    [
                        29.1152523,
                        41.2289707
                    ],
                    [
                        29.1149467,
                        41.2316558
                    ],
                    [
                        29.1159905,
                        41.2337885
                    ],
                    [
                        29.1162566,
                        41.2338709
                    ],
                    [
                        29.115405,
                        41.2342415
                    ],
                    [
                        29.1148017,
                        41.2341151
                    ],
                    [
                        29.1133158,
                        41.234503
                    ],
                    [
                        29.1129507,
                        41.2347569
                    ],
                    [
                        29.1133941,
                        41.2348342
                    ],
                    [
                        29.1127168,
                        41.2352516
                    ],
                    [
                        29.1117793,
                        41.23518
                    ],
                    [
                        29.1115943,
                        41.2351094
                    ],
                    [
                        29.1115932,
                        41.2348715
                    ],
                    [
                        29.1095416,
                        41.2351958
                    ],
                    [
                        29.1090277,
                        41.2354659
                    ],
                    [
                        29.1090714,
                        41.2356939
                    ],
                    [
                        29.1094846,
                        41.23586
                    ],
                    [
                        29.109505,
                        41.2362962
                    ],
                    [
                        29.1100081,
                        41.2364145
                    ],
                    [
                        29.1099539,
                        41.2366009
                    ],
                    [
                        29.1109519,
                        41.236823
                    ],
                    [
                        29.1122362,
                        41.2375812
                    ],
                    [
                        29.1118437,
                        41.2380643
                    ],
                    [
                        29.1111853,
                        41.2383551
                    ],
                    [
                        29.1107497,
                        41.2382566
                    ],
                    [
                        29.1097301,
                        41.2384435
                    ],
                    [
                        29.10914,
                        41.2383325
                    ],
                    [
                        29.1079741,
                        41.2378325
                    ],
                    [
                        29.1079546,
                        41.2376991
                    ],
                    [
                        29.1072196,
                        41.2376448
                    ],
                    [
                        29.1070354,
                        41.2372633
                    ],
                    [
                        29.106541,
                        41.2373059
                    ],
                    [
                        29.1062593,
                        41.2370941
                    ],
                    [
                        29.1059563,
                        41.2370901
                    ],
                    [
                        29.105967,
                        41.237552
                    ],
                    [
                        29.1055298,
                        41.2376669
                    ],
                    [
                        29.1055244,
                        41.2378162
                    ],
                    [
                        29.1066556,
                        41.2384051
                    ],
                    [
                        29.1070209,
                        41.2396657
                    ],
                    [
                        29.1068439,
                        41.2397786
                    ],
                    [
                        29.1062342,
                        41.2394122
                    ],
                    [
                        29.1057959,
                        41.239392
                    ],
                    [
                        29.1050744,
                        41.2387415
                    ],
                    [
                        29.1052257,
                        41.2390207
                    ],
                    [
                        29.1048269,
                        41.2391839
                    ],
                    [
                        29.10495,
                        41.2392837
                    ],
                    [
                        29.1048703,
                        41.2394997
                    ],
                    [
                        29.1053866,
                        41.2397934
                    ],
                    [
                        29.105444,
                        41.2401316
                    ],
                    [
                        29.1052472,
                        41.2404206
                    ],
                    [
                        29.1039744,
                        41.2402873
                    ],
                    [
                        29.103239,
                        41.2403996
                    ],
                    [
                        29.1026285,
                        41.2406557
                    ],
                    [
                        29.1025833,
                        41.2408802
                    ],
                    [
                        29.1033465,
                        41.2410755
                    ],
                    [
                        29.1033116,
                        41.2412268
                    ],
                    [
                        29.1029254,
                        41.2413236
                    ],
                    [
                        29.1011756,
                        41.2411515
                    ],
                    [
                        29.1014011,
                        41.2417802
                    ],
                    [
                        29.1009733,
                        41.2411816
                    ],
                    [
                        29.1010736,
                        41.2418098
                    ],
                    [
                        29.1009736,
                        41.2420525
                    ],
                    [
                        29.1003634,
                        41.242041
                    ],
                    [
                        29.1000633,
                        41.2414244
                    ],
                    [
                        29.0991137,
                        41.2410614
                    ],
                    [
                        29.0992497,
                        41.2409248
                    ],
                    [
                        29.0987543,
                        41.2405652
                    ],
                    [
                        29.0986114,
                        41.2401262
                    ],
                    [
                        29.0977209,
                        41.2401907
                    ],
                    [
                        29.0975063,
                        41.2403763
                    ],
                    [
                        29.0974615,
                        41.2407468
                    ],
                    [
                        29.0976332,
                        41.2408799
                    ],
                    [
                        29.0974722,
                        41.2411259
                    ],
                    [
                        29.0979569,
                        41.2412919
                    ],
                    [
                        29.0985773,
                        41.2417996
                    ],
                    [
                        29.0984612,
                        41.24226
                    ],
                    [
                        29.0980677,
                        41.2426345
                    ],
                    [
                        29.0972829,
                        41.2425857
                    ],
                    [
                        29.0972268,
                        41.2426805
                    ],
                    [
                        29.0978196,
                        41.2428072
                    ],
                    [
                        29.0977936,
                        41.242978
                    ],
                    [
                        29.0973019,
                        41.2432603
                    ],
                    [
                        29.0972337,
                        41.2435381
                    ],
                    [
                        29.0966383,
                        41.243647
                    ],
                    [
                        29.0960973,
                        41.2433559
                    ],
                    [
                        29.0964589,
                        41.2439176
                    ],
                    [
                        29.095383,
                        41.2449176
                    ],
                    [
                        29.0938756,
                        41.2452886
                    ],
                    [
                        29.0928966,
                        41.2452402
                    ],
                    [
                        29.0926572,
                        41.2446997
                    ],
                    [
                        29.0930889,
                        41.2445271
                    ],
                    [
                        29.0926412,
                        41.2443055
                    ],
                    [
                        29.0921538,
                        41.2435187
                    ],
                    [
                        29.0913378,
                        41.2437694
                    ],
                    [
                        29.0913042,
                        41.2439211
                    ],
                    [
                        29.0915456,
                        41.2440308
                    ],
                    [
                        29.0912718,
                        41.2444917
                    ],
                    [
                        29.0921586,
                        41.2447956
                    ],
                    [
                        29.0916995,
                        41.2448978
                    ],
                    [
                        29.0918167,
                        41.2452405
                    ],
                    [
                        29.0917379,
                        41.2457888
                    ],
                    [
                        29.0918734,
                        41.245994
                    ],
                    [
                        29.0915099,
                        41.2465894
                    ],
                    [
                        29.0916388,
                        41.2468163
                    ],
                    [
                        29.0915035,
                        41.247102
                    ],
                    [
                        29.0910266,
                        41.2474081
                    ],
                    [
                        29.0903062,
                        41.2474645
                    ],
                    [
                        29.0903592,
                        41.247624
                    ],
                    [
                        29.0897906,
                        41.2478519
                    ],
                    [
                        29.0890932,
                        41.2478922
                    ],
                    [
                        29.0888835,
                        41.2474187
                    ],
                    [
                        29.0885611,
                        41.2473649
                    ],
                    [
                        29.0886067,
                        41.247191
                    ],
                    [
                        29.0881866,
                        41.2470147
                    ],
                    [
                        29.087633,
                        41.2464491
                    ],
                    [
                        29.086276,
                        41.246518
                    ],
                    [
                        29.0853402,
                        41.2455333
                    ],
                    [
                        29.0851285,
                        41.2456802
                    ],
                    [
                        29.0846954,
                        41.2455969
                    ],
                    [
                        29.0843697,
                        41.2458124
                    ],
                    [
                        29.0842232,
                        41.2462899
                    ],
                    [
                        29.0842916,
                        41.2465103
                    ],
                    [
                        29.084614,
                        41.2466254
                    ],
                    [
                        29.0845228,
                        41.2470123
                    ],
                    [
                        29.0848908,
                        41.2471102
                    ],
                    [
                        29.0846987,
                        41.2472743
                    ],
                    [
                        29.0848503,
                        41.2474261
                    ],
                    [
                        29.0844283,
                        41.2474824
                    ],
                    [
                        29.0839626,
                        41.2481484
                    ],
                    [
                        29.0840533,
                        41.2484145
                    ],
                    [
                        29.0839236,
                        41.2486479
                    ],
                    [
                        29.0836402,
                        41.248785
                    ],
                    [
                        29.0837803,
                        41.2490348
                    ],
                    [
                        29.0832406,
                        41.2492191
                    ],
                    [
                        29.083077,
                        41.2494248
                    ],
                    [
                        29.0841613,
                        41.2495074
                    ],
                    [
                        29.0844798,
                        41.249929
                    ],
                    [
                        29.082643,
                        41.249921
                    ],
                    [
                        29.0823473,
                        41.2496812
                    ],
                    [
                        29.0824841,
                        41.2495466
                    ],
                    [
                        29.0823896,
                        41.2494021
                    ],
                    [
                        29.0819103,
                        41.2491604
                    ],
                    [
                        29.080798,
                        41.2492523
                    ],
                    [
                        29.080089,
                        41.2487775
                    ],
                    [
                        29.0796924,
                        41.248828
                    ],
                    [
                        29.0791927,
                        41.2494824
                    ],
                    [
                        29.0790851,
                        41.2503972
                    ],
                    [
                        29.0795725,
                        41.250567
                    ],
                    [
                        29.0802042,
                        41.251711
                    ],
                    [
                        29.0796545,
                        41.2517197
                    ],
                    [
                        29.0799013,
                        41.2521109
                    ],
                    [
                        29.0790564,
                        41.2521996
                    ],
                    [
                        29.0793434,
                        41.2527884
                    ],
                    [
                        29.0786836,
                        41.2529518
                    ],
                    [
                        29.0787292,
                        41.2530647
                    ],
                    [
                        29.0784046,
                        41.253351
                    ],
                    [
                        29.0785333,
                        41.2535547
                    ],
                    [
                        29.0781525,
                        41.2539358
                    ],
                    [
                        29.077314,
                        41.253482
                    ],
                    [
                        29.0771263,
                        41.2535155
                    ],
                    [
                        29.0764573,
                        41.2530022
                    ],
                    [
                        29.0764868,
                        41.2527864
                    ],
                    [
                        29.0761012,
                        41.2524304
                    ],
                    [
                        29.076279,
                        41.2518342
                    ],
                    [
                        29.0758699,
                        41.2512196
                    ],
                    [
                        29.0758477,
                        41.2507736
                    ],
                    [
                        29.0751585,
                        41.2506109
                    ],
                    [
                        29.075185,
                        41.2502937
                    ],
                    [
                        29.0756323,
                        41.2502274
                    ],
                    [
                        29.0753716,
                        41.2496861
                    ],
                    [
                        29.0746217,
                        41.250013
                    ],
                    [
                        29.0738087,
                        41.2497589
                    ],
                    [
                        29.0736232,
                        41.2494582
                    ],
                    [
                        29.0738395,
                        41.2494127
                    ],
                    [
                        29.0738288,
                        41.2492917
                    ],
                    [
                        29.0734177,
                        41.2492888
                    ],
                    [
                        29.073283,
                        41.2488304
                    ],
                    [
                        29.0729052,
                        41.2485099
                    ],
                    [
                        29.0727837,
                        41.2481462
                    ],
                    [
                        29.0725258,
                        41.2479286
                    ],
                    [
                        29.0720417,
                        41.2479125
                    ],
                    [
                        29.0710425,
                        41.2484588
                    ],
                    [
                        29.0711781,
                        41.2490965
                    ],
                    [
                        29.071072,
                        41.249442
                    ],
                    [
                        29.0713592,
                        41.2495682
                    ],
                    [
                        29.0711007,
                        41.2496878
                    ],
                    [
                        29.0710433,
                        41.2499153
                    ],
                    [
                        29.0720064,
                        41.2507009
                    ],
                    [
                        29.072245,
                        41.2513353
                    ],
                    [
                        29.0721832,
                        41.2516658
                    ],
                    [
                        29.0709615,
                        41.252242
                    ],
                    [
                        29.0707185,
                        41.2527132
                    ],
                    [
                        29.0703768,
                        41.2526422
                    ],
                    [
                        29.0697156,
                        41.2519289
                    ],
                    [
                        29.0687093,
                        41.252007
                    ],
                    [
                        29.068172,
                        41.2523791
                    ],
                    [
                        29.0677091,
                        41.2521949
                    ],
                    [
                        29.0674511,
                        41.2522522
                    ],
                    [
                        29.0673888,
                        41.252488
                    ],
                    [
                        29.0677335,
                        41.2528616
                    ],
                    [
                        29.0676784,
                        41.2533107
                    ],
                    [
                        29.0674454,
                        41.2535514
                    ],
                    [
                        29.0663964,
                        41.252617
                    ],
                    [
                        29.0664875,
                        41.2523025
                    ],
                    [
                        29.0661719,
                        41.2518785
                    ],
                    [
                        29.0660368,
                        41.2515224
                    ],
                    [
                        29.0661704,
                        41.2513828
                    ],
                    [
                        29.0659929,
                        41.2511184
                    ],
                    [
                        29.0653708,
                        41.2509519
                    ],
                    [
                        29.0653571,
                        41.250789
                    ],
                    [
                        29.0651317,
                        41.250711
                    ],
                    [
                        29.0645631,
                        41.2506727
                    ],
                    [
                        29.0635454,
                        41.2509703
                    ],
                    [
                        29.0632549,
                        41.2514439
                    ],
                    [
                        29.0621476,
                        41.2516655
                    ],
                    [
                        29.0619412,
                        41.2521311
                    ],
                    [
                        29.062106,
                        41.2525512
                    ],
                    [
                        29.0619761,
                        41.2529397
                    ],
                    [
                        29.0621263,
                        41.2536535
                    ],
                    [
                        29.0619117,
                        41.2538511
                    ],
                    [
                        29.0615523,
                        41.2537705
                    ],
                    [
                        29.0614074,
                        41.2540447
                    ],
                    [
                        29.0609676,
                        41.2539842
                    ],
                    [
                        29.0607315,
                        41.254323
                    ],
                    [
                        29.060696,
                        41.255065
                    ],
                    [
                        29.0604311,
                        41.2552264
                    ],
                    [
                        29.0591222,
                        41.2546618
                    ],
                    [
                        29.0582317,
                        41.254932
                    ],
                    [
                        29.0571481,
                        41.2547666
                    ],
                    [
                        29.0563542,
                        41.2548231
                    ],
                    [
                        29.0561289,
                        41.254686
                    ],
                    [
                        29.0547663,
                        41.2549965
                    ],
                    [
                        29.0544176,
                        41.2548069
                    ],
                    [
                        29.0541018,
                        41.2551567
                    ],
                    [
                        29.0542305,
                        41.2555761
                    ],
                    [
                        29.0538282,
                        41.2557334
                    ],
                    [
                        29.0530343,
                        41.2555075
                    ],
                    [
                        29.0522028,
                        41.2555116
                    ],
                    [
                        29.0519506,
                        41.2553462
                    ],
                    [
                        29.0517951,
                        41.2554067
                    ],
                    [
                        29.052213,
                        41.25573
                    ],
                    [
                        29.0516657,
                        41.2558877
                    ],
                    [
                        29.0502072,
                        41.2558826
                    ],
                    [
                        29.0500516,
                        41.2561931
                    ],
                    [
                        29.0505022,
                        41.256548
                    ],
                    [
                        29.0503038,
                        41.2568021
                    ],
                    [
                        29.0499819,
                        41.2566488
                    ],
                    [
                        29.0500892,
                        41.2568222
                    ],
                    [
                        29.0495152,
                        41.2570239
                    ],
                    [
                        29.0490968,
                        41.2569755
                    ],
                    [
                        29.0480722,
                        41.2563867
                    ],
                    [
                        29.0477879,
                        41.256552
                    ],
                    [
                        29.047466,
                        41.256423
                    ],
                    [
                        29.0474338,
                        41.2558786
                    ],
                    [
                        29.0477596,
                        41.2551839
                    ],
                    [
                        29.047525,
                        41.2549913
                    ],
                    [
                        29.0466184,
                        41.2549833
                    ],
                    [
                        29.046057,
                        41.254685
                    ],
                    [
                        29.045373,
                        41.254568
                    ],
                    [
                        29.0448797,
                        41.2542101
                    ],
                    [
                        29.044934,
                        41.2539145
                    ],
                    [
                        29.0447167,
                        41.2536454
                    ],
                    [
                        29.0435815,
                        41.2538078
                    ],
                    [
                        29.0430786,
                        41.2536041
                    ],
                    [
                        29.0426005,
                        41.2538702
                    ],
                    [
                        29.0424824,
                        41.2544912
                    ],
                    [
                        29.0416831,
                        41.2548421
                    ],
                    [
                        29.0417656,
                        41.2551134
                    ],
                    [
                        29.0412473,
                        41.2555559
                    ],
                    [
                        29.0413774,
                        41.2559632
                    ],
                    [
                        29.0419299,
                        41.2563322
                    ],
                    [
                        29.0419024,
                        41.2564917
                    ],
                    [
                        29.0402777,
                        41.2558665
                    ],
                    [
                        29.0398498,
                        41.2560772
                    ],
                    [
                        29.0398365,
                        41.2565097
                    ],
                    [
                        29.0393463,
                        41.2563031
                    ],
                    [
                        29.0381353,
                        41.2565652
                    ],
                    [
                        29.0380192,
                        41.2562859
                    ],
                    [
                        29.0384597,
                        41.2557217
                    ],
                    [
                        29.0383641,
                        41.2552215
                    ],
                    [
                        29.0388278,
                        41.254974
                    ],
                    [
                        29.0389587,
                        41.2544206
                    ],
                    [
                        29.0389729,
                        41.2538752
                    ],
                    [
                        29.0387287,
                        41.2533829
                    ],
                    [
                        29.0389021,
                        41.2529093
                    ],
                    [
                        29.0385022,
                        41.2526406
                    ],
                    [
                        29.0384349,
                        41.2522202
                    ],
                    [
                        29.0385659,
                        41.2519328
                    ],
                    [
                        29.037858,
                        41.2514592
                    ],
                    [
                        29.0370126,
                        41.2501741
                    ],
                    [
                        29.0364735,
                        41.2500289
                    ],
                    [
                        29.0357788,
                        41.2501862
                    ],
                    [
                        29.0352023,
                        41.2500621
                    ],
                    [
                        29.0345349,
                        41.2493595
                    ],
                    [
                        29.033665,
                        41.2494724
                    ],
                    [
                        29.034005,
                        41.24908
                    ],
                    [
                        29.0344493,
                        41.2473523
                    ],
                    [
                        29.0339655,
                        41.2467253
                    ],
                    [
                        29.0331396,
                        41.2461746
                    ],
                    [
                        29.0325395,
                        41.2460013
                    ],
                    [
                        29.0295535,
                        41.2454782
                    ],
                    [
                        29.0241409,
                        41.2450666
                    ],
                    [
                        29.0226227,
                        41.2451394
                    ],
                    [
                        29.0222044,
                        41.2449819
                    ],
                    [
                        29.0209303,
                        41.2452159
                    ],
                    [
                        29.0164965,
                        41.2453653
                    ],
                    [
                        29.0098367,
                        41.2459802
                    ],
                    [
                        28.999332403790877,
                        41.24761040068255
                    ],
                    [
                        28.999332403790877,
                        42.0005
                    ]
                ]
            },
            "properties": {}
        }
    ]
}